rank	word	count
1	ann	55841
2	na	47172
3	tha	37977
4	agus	35308
5	air	32339
6	am	17088
7	bha	14430
8	anns	12809
9	aig	10865
10	gu	10573
11	de	8067
12	bho	8030
13	le	7832
14	chaidh	7797
15	baile	7695
16	mar	7561
17	ri	6153
18	seo	5908
19	nan	5880
20	sin	5806
21	daoine	5775
22	airson	5755
23	do	5693
24	san	5451
25	ach	4587
26	iomraidhean	4574
27	iad	4040
28	eadar	4004
29	h-alba	3818
30	fuireach	3744
31	beurla	3743
32	mu	3632
33	bailtean	3590
34	alba	3565
35	bhaile	3478
36	às	3440
37	suidhichte	3426
38	loch	3318
39	sa	3154
40	no	3087
41	robh	3026
42	a-mach	2961
43	leis	2933
44	aige	2888
45	chuimrigh	2852
46	cuideachd	2801
47	eile	2778
48	fhèin	2752
49	nuair	2721
50	tachartasan	2662
51	ainm	2653
52	gàidhlig	2619
53	linn	2604
54	den	2569
55	duine	2567
56	dùthcha	2527
57	deas	2496
58	gun	2494
59	neo	2488
60	bheil	2467
61	taobh	2451
62	eilean	2436
63	tuath	2425
64	ainmeil	2408
65	rugadh	2333
66	latha	2329
67	ceanglaichean	2323
68	bliadhna	2253
69	aonaichte	2239
70	gov	2239
71	os	2233
72	mòr	2204
73	àirde	2193
74	far	2176
75	roinn	2175
76	oilthigh	2158
77	return	2124
78	dèidh	2103
79	eil	2074
80	nam	2040
81	chan	2020
82	co	2017
83	ris	2016
84	bhliadhna	2005
85	chiad	2001
86	faisg	1988
87	dhan	1974
88	sgìre	1972
89	iar	1946
90	eachdraidh	1936
91	bhith	1922
92	dhen	1912
93	motha	1870
94	census	1824
95	prìomh-bhaile	1777
96	dhe	1773
97	rèir	1758
98	true	1744
99	bhon	1736
100	siorrachd	1734
101	t-ainm	1725
102	gus	1722
103	cionn	1714
104	ag	1708
105	cha	1700
106	rinn	1700
107	nàiseanta	1698
108	dà	1689
109	ceann	1675
110	àite	1673
111	beag	1646
112	stàitean	1638
113	mi	1632
114	dùn	1624
115	aon	1624
116	id	1612
117	cilemeatair	1592
118	fhuair	1581
119	ear	1581
120	mara	1570
121	math	1563
122	tarraing	1557
123	àm	1510
124	ìre	1490
125	dùthaich	1478
126	chuir	1469
127	stèidheachadh	1461
128	falbh	1453
129	caerdydd	1453
130	fad	1434
131	pàrtaidh	1431
132	fo	1401
133	nuadh	1401
134	nach	1388
135	name	1371
136	gur	1363
137	ons	1354
138	breithean	1345
139	cho	1308
140	function	1284
141	inbhir	1277
142	obair	1253
143	thug	1242
144	gach	1217
145	nas	1215
146	ged	1193
147	beinn	1187
148	chur	1176
149	ga	1164
150	background	1150
151	lunnainn	1146
152	còmhla	1141
153	cuid	1124
154	nobel	1124
155	title	1111
156	distance	1105
157	bàsan	1095
158	faclair	1076
159	chaochail	1076
160	aspx	1073
161	duais	1057
162	dha	1056
163	la	1049
164	ipa	1048
165	èideann	1037
166	value	1037
167	mhòr	1029
168	calculator	1024
169	lorg	1022
170	john	1016
171	national	1015
172	mac	1011
173	ruige	1000
174	chuid	994
175	text	992
176	ghàidhlig	984
177	aghaidh	983
178	en	979
179	dìreach	977
180	population	973
181	ùr	958
182	an-diugh	953
183	faidhle	950
184	mòran	947
185	nil	941
186	comhairle	936
187	dhùn	935
188	ro	932
189	aca	929
190	sgrìobh	911
191	bhuannaich	908
192	bu	904
193	thàinig	895
194	string	890
195	tro	881
196	sir	881
197	fear	879
198	link	879
199	abhainn	879
200	dùbhlachd	879
201	iain	864
202	dàrna	853
203	frame	841
204	bharrachd	830
205	dùthchannan	828
206	rìgh	827
207	smo	827
208	ciallachadh	826
209	glaschu	824
210	uair	823
211	seann	820
212	eaglais	819
213	bidh	815
214	taigh	814
215	oxford	810
216	rel	808
217	cuimris	801
218	obar	800
219	thogail	789
220	a-steach	784
221	port	780
222	faoilleach	780
223	se	775
224	th'ann	773
225	mìle	770
226	rìoghachd	769
227	cogadh	760
228	bliadhna-leum	759
229	cànan	757
230	wales	757
231	sgrìobhadh	756
232	false	754
233	scotland	748
234	fhathast	746
235	top	745
236	else	744
237	statistics	743
238	set	737
239	crìochan	734
240	dheathain	727
241	deireadh	726
242	chunntais-shluaigh	721
243	sam	719
244	bith	719
245	h-eileanan	717
246	t-sluagh	716
247	scottish	715
248	canar	715
249	thaobh	712
250	list	709
251	meadhan	706
252	dol	703
253	em	702
254	asp	702
255	office	702
256	mhòr-chuid	701
257	feadh	701
258	mongabay	698
259	don	698
260	es	697
261	thathar	695
262	iomadh	690
263	dheireadh	689
264	thoirt	686
265	uisge	682
266	riaghaltas	678
267	dàmhair	678
268	làidir	676
269	sgoil	676
270	àird	673
271	enwau	669
272	lleoedd	669
273	bedwyr	669
274	e-gymraeg	668
275	enwaucymru	668
276	chwilio	668
277	canolfan	668
278	parameter	668
279	key-statistics-for-unitary-authorities-in-wales	667
280	census-key-statistics-for-wales	667
281	ac	663
282	laideann	658
283	gabhail	652
284	contae	650
285	cleachdadh	648
286	stàite	645
287	trì	640
288	university	640
289	ghabh	639
290	spàinntis	638
291	sgàth	637
292	label	637
293	dhèanamh	634
294	a-rèir	632
295	leabhar	631
296	gleann	631
297	poblachd	628
298	press	626
299	facal	626
300	ghearmailt	625
301	thòisich	620
302	toirt	618
303	h-aibhne	617
304	match	616
305	pàirt	616
306	cèitean	615
307	urrainn	613
308	spàinne	613
309	thall	612
310	aice	611
311	page	610
312	result	610
313	freumhan	604
314	thogadh	599
315	laighe	598
316	names	597
317	coltach	597
318	frainge	594
319	fhàgail	593
320	distancecalculator	593
321	globefeed	593
322	error	590
323	index	590
324	deach	589
325	a-nis	587
326	coloimbia	587
327	sgìrean	586
328	gum	586
329	seòrsa	585
330	èirinn	582
331	module	579
332	gearmailtis	574
333	t-sultain	573
334	sna	572
335	suidheachadh	570
336	cur	569
337	leth	569
338	william	564
339	roinne	564
340	mus	563
341	nis	563
342	background-color	561
343	co-cheangailte	560
344	pàrlamaid	559
345	màrt	554
346	afraga	554
347	teaghlach	553
348	neach-poileataigs	553
349	bar	553
350	seachad	551
351	message	549
352	thaghadh	548
353	bhios	547
354	sasainn	545
355	oifigeil	543
356	ma	542
357	language	541
358	t-saoghail	540
359	beanntan	539
360	buaidh	538
361	sreath	537
362	esan	535
363	poileataigs	532
364	t-iuchar	531
365	beatha	529
366	giblean	527
367	uile	525
368	h-èireann	524
369	liosta	522
370	data	522
371	chruthachadh	521
372	eisimpleir	519
373	self	514
374	abertawe	512
375	àireamh	510
376	stàit	509
377	bheurla	508
378	gearran	508
379	sgitheanach	507
380	sònraichte	507
381	chèile	505
382	sgrìobhadair	505
383	jones	505
384	parameters	505
385	fhraing	504
386	dòigh	503
387	elseif	503
388	troigh	502
389	toiseach	500
390	hill	499
391	innis	498
392	beinne	494
393	ghlaschu	492
394	timcheall	491
395	lùnastal	490
396	rathad	489
397	measg	489
398	dheth	489
399	h-uile	486
400	albannach	485
401	format	484
402	bhiodh	484
403	chun	479
404	gaelic	478
405	history	478
406	dèanamh	473
407	cumanta	473
408	t-samhain	472
409	thomas	472
410	phàirt	471
411	colombia	471
412	cudromach	470
413	qid	469
414	bheinn	468
415	nochd	467
416	thèid	464
417	t-ògmhios	463
418	border	461
419	chuireadh	460
420	turas	460
421	al	459
422	james	459
423	mhuir	458
424	iar-dheas	458
425	naomh	457
426	utilities	456
427	uhi	455
428	gaidhlig	453
429	tric	452
430	chleachdadh	452
431	iar-thuath	452
432	sàs	452
433	faic	451
434	athair	451
435	fraingis	450
436	caisteal	450
437	talk	449
438	row	449
439	spàinn	444
440	info	444
441	scope	443
442	ionadail	439
443	chlàradh	438
444	david	436
445	dh'fhàs	435
446	mullach	435
447	mediawiki	430
448	wikitable	429
449	bruidhinn	427
450	thairis	426
451	british	425
452	col	424
453	fhaighinn	423
454	imdb	423
455	el	421
456	bheag	420
457	phòs	420
458	thu	419
459	stòrlann	419
460	vertical-align	416
461	tìle	416
462	edit	414
463	sealladh	414
464	bàs	414
465	prefix	413
466	ceimigeachd	412
467	bheachd	410
468	chithear	408
469	leabhraichean	408
470	tron	403
471	chionn	402
472	siar	401
473	rud	400
474	rinneadh	400
475	lang	400
476	bhall	399
477	fada	397
478	sgioba	396
479	ar	396
480	ball	393
481	stèisean	393
482	uabhasach	392
483	dubh	391
484	dòcha	390
485	meadhanach	390
486	duilleag	389
487	when	389
488	action	388
489	dealbh	388
490	dùthchasail	388
491	news	386
492	dane	386
493	litreachas	385
494	a-muigh	384
495	mun	384
496	atharrachadh	383
497	a-rithist	383
498	suas	382
499	bliadhnaichean	381
500	ii	381
501	oir	380
502	portal	380
503	property	379
504	item	379
505	cumail	379
506	robert	379
507	number	379
508	loidhne	378
509	phàrlamaid	377
510	tè	376
511	clachan	376
512	ear-thuath	376
513	raon	375
514	locha	375
515	options	375
516	mhìosachain	373
517	bhreatainn	372
518	àrd	372
519	foghlam	372
520	acair	372
521	trice	371
522	ghriogaraich	371
523	phrìomh-bhaile	370
524	dealbhan	370
525	làrach-lìn	370
526	taghadh	369
527	net	368
528	param	367
529	broinn	366
530	feachdan	366
531	thill	364
532	ràdh	363
533	glè	362
534	ais	360
535	roimhe	360
536	casnewydd	360
537	type	358
538	chaill	358
539	mapa	357
540	dhaoine	357
541	si	357
542	ghàidhealtachd	357
543	cheann	357
544	drochaid	356
545	tharraing	355
546	rìoghail	352
547	t-eilean	352
548	sgoile	352
549	stèidhichte	351
550	cuspair	351
551	fhacal	349
552	dreuchd	348
553	ball-coise	347
554	flag	346
555	ìsle	346
556	ucràin	346
557	arcaibh	346
558	prìomh	345
559	phris	345
560	mòra	344
561	linne	344
562	tighinn	344
563	month	344
564	thoisich	342
565	tìrean	341
566	cheann-suidhe	341
567	blàr	340
568	dh'àirde	340
569	williams	338
570	ceòl	336
571	cruinne	335
572	idir	335
573	srath	334
574	config	334
575	map	333
576	phàrtaidh	330
577	leanas	328
578	ceithir	328
579	so	327
580	arm	326
581	davies	326
582	stèidhich	325
583	dhiubh	324
584	ear-dheas	324
585	alasdair	323
586	gheibhear	322
587	dhuibh	322
588	roinnean	319
589	co-chomharran	319
590	ceangal	318
591	buidheann	317
592	chànan	317
593	gàidhealtachd	317
594	cliath	317
595	taic	317
596	ustring	317
597	files	315
598	eadar-dhealaichte	314
599	fàs	314
600	george	314
601	leig	313
602	mhair	312
603	padding-right	312
604	ceann-suidhe	311
605	display	310
606	cill	310
607	seumas	310
608	lagh	309
609	cruth	309
610	sgùrr	309
611	òran	309
612	riaghaltais	309
613	meatailt	308
614	chogaidh	307
615	àbhaist	306
616	mheadhan	306
617	eadailt	306
618	eileanan	305
619	làimh	305
620	slighe	305
621	err	305
622	eadar-nàiseanta	304
623	irish	302
624	cunntas-sluaigh	302
625	bàrdachd	302
626	ucràinis	302
627	out	301
628	municipios	301
629	insert	300
630	ceum	300
631	bheatha	300
632	cridhe	299
633	rè	298
634	ruith	298
635	a-staigh	298
636	eilein	298
637	creideamh	298
638	stiùireadh	297
639	dh'aois	297
640	dh'ionnsaich	296
641	t-suain	296
642	mheadhanach	295
643	country	294
644	roinn-eòrpa	292
645	bàrd	291
646	gsub	291
647	ainmean-àite	289
648	aibidil	289
649	làbarach	288
650	turais	288
651	long	285
652	goireasan	285
653	bàrr	285
654	neach	285
655	dhol	285
656	sub	285
657	lochan	284
658	pattern	284
659	talamh	283
660	fèisean	283
661	smachd	282
662	oifis	282
663	duthchannan	281
664	geograph	281
665	sluagh	280
666	atlas	280
667	canada	279
668	comann	279
669	lugha	279
670	eaconomaidh	278
671	aimearaga	278
672	buill	277
673	check	277
674	get	277
675	chogadh	277
676	lodainn	277
677	dheidhinn	276
678	h-innseachan	276
679	ie	276
680	nochdadh	276
681	dhaibh	276
682	allt	276
683	paris	276
684	tag	276
685	cille	275
686	leasachadh	274
687	article	272
688	h-eaglaise	272
689	eileamaid	272
690	eòrpa	271
691	òg	271
692	biodh	271
693	fiosrachadh	271
694	bhuineadh	271
695	ceimigear	271
696	pàpa	270
697	tonumber	270
698	database	269
699	dh'aindeoin	269
700	h-àraidh	268
701	telebhisean	268
702	ar-a-mach	268
703	des	268
704	beagan	268
705	romàinia	268
706	fhoillseachadh	267
707	ha	267
708	returns	267
709	richard	266
710	ionnsaigh	266
711	oileanach	266
712	aonadh	266
713	logainm	266
714	thachair	265
715	chomhairle	265
716	rèile	265
717	wikidata	265
718	cleachdar	264
719	tàmh	264
720	leabharlann	263
721	astràilia	262
722	lean	262
723	bi	262
724	iorànach	262
725	deug	261
726	ainmeachadh	261
727	bhuaidh	261
728	lùnasdal	261
729	rinneach	261
730	beò	260
731	theaghlach	260
732	add	259
733	values	259
734	cluich	258
735	fa	257
736	rothaich	257
737	làithean	256
738	jos	256
739	ainmean	255
740	sinn	254
741	shasainn	254
742	àireamh-shluaigh	254
743	find	253
744	gan	253
745	ròmanach	253
746	fheàrr	253
747	tuilleadh	253
748	charles	253
749	sealltainn	252
750	àir	252
751	iomradh	252
752	neo-eisimeileachd	252
753	thog	252
754	handler	252
755	cànain	251
756	dh'fhàg	251
757	aois	251
758	ruis	251
759	iomadach	251
760	màthair	251
761	bh'ann	251
762	scotland's	250
763	àrd-sgoil	250
764	orra	249
765	coimhearsnachd	249
766	evans	249
767	lèir	248
768	treas	248
769	fìor	247
770	tìr	247
771	eadailtis	247
772	mòr-chuid	246
773	thuirt	245
774	muir	245
775	fiù	245
776	val	245
777	seachd	244
778	cat	244
779	last	243
780	rannsachadh	243
781	a-riamh	243
782	oirre	243
783	phrìs	243
784	fearann	241
785	storlann	241
786	ipairs	241
787	neo-eisimeileach	240
788	atlas-na-sgoile	240
789	old	239
790	dithis	239
791	gaeilge	239
792	àisia	239
793	state	238
794	dh'fhoillsich	238
795	àiteachas	238
796	mìltean	238
797	der	238
798	ùine	237
799	lewis	237
800	t-saoghal	236
801	breatainn	236
802	dè	236
803	ollamh	236
804	hills	236
805	islands	234
806	bruach	234
807	dhà	234
808	key	234
809	nighean	233
810	fon	233
811	tostring	233
812	barrachd	232
813	iomairt	232
814	dòmhnall	232
815	lat	232
816	nì	231
817	eachdraidheil	231
818	crìoch	231
819	druim	230
820	gairm	230
821	impireachd	230
822	valign	230
823	men	230
824	muinntir	229
825	eo	229
826	cathair	229
827	wrecsam	229
828	leithid	228
829	chumail	228
830	mhinistear	228
831	von	228
832	tom	228
833	ceangailte	227
834	fhad	227
835	traidiseanta	227
836	tòrr	227
837	bogot	227
838	t-seann	226
839	edu	226
840	còrr	225
841	innd-arianach	225
842	da	224
843	del	224
844	riochdaire	224
845	dhuinn	223
846	mhòir	223
847	sgrìobhadairean	223
848	siud	223
849	obrach	223
850	còig	223
851	nobhail	222
852	sàilleabh	221
853	castell-nedd	221
854	deagh	220
855	geo	220
856	achadh	220
857	ealain	219
858	any	219
859	bhàsaich	219
860	beaga	219
861	paul	219
862	ingi	219
863	antioquia	219
864	soilleir	218
865	siostam	218
866	goirid	218
867	ràinig	218
868	poileataigeach	218
869	ron	218
870	seinneadair	218
871	chluaidh	217
872	òrain	217
873	cupa	217
874	auto	217
875	params	217
876	valid	216
877	linntean	216
878	ceannard	216
879	dh'obair	216
880	feadhainn	215
881	thùs	215
882	mhaigh	215
883	cumhachd	214
884	buidhnean	214
885	walkhighlands	214
886	sìos	213
887	chleachd	213
888	nobelprize	213
889	rois	212
890	ciad	212
891	tòraidheach	212
892	geohack	211
893	ur	210
894	dearg	210
895	eabhraig	210
896	biadh	209
897	clann	209
898	uibhist	209
899	adhbharan	209
900	a-mhàin	208
901	cruthachadh	208
902	colaiste	208
903	chontae	208
904	sruthadh	208
905	section	207
906	turasachd	207
907	film	207
908	gearmailteach	207
909	gearmailt	207
910	separator	207
911	breatannach	206
912	càrn	206
913	leughadh	206
914	caitligeach	206
915	prizes	206
916	rùnaire	206
917	eilbheis	205
918	fàgail	205
919	studies	205
920	wikibase	205
921	litir	204
922	fheudar	204
923	thumbnail	204
924	laureates	204
925	cheannard	204
926	num	204
927	shape	204
928	mhullach	203
929	peter	203
930	libearalach	203
931	los	203
932	ceàrnagach	203
933	profile	203
934	millean	201
935	north	201
936	aonghas	201
937	code	201
938	scrol	201
939	fhoghlaim	200
940	powys	200
941	pairs	200
942	ghleann	199
943	errors	198
944	ceilteach	198
945	thar	198
946	arabais	198
947	dh'fhad	198
948	society	197
949	màiri	197
950	phòlainn	197
951	rubha	197
952	ghabhail	196
953	sgeulachdan	196
954	fòn	196
955	meatair	196
956	lochlannais	196
957	bhuinneadh	196
958	comharradh	195
959	city	195
960	ionad	195
961	figearan	195
962	cleasaiche	195
963	chaitligeach	195
964	us	194
965	thuit	194
966	glacadh	194
967	fàsach	194
968	gam	194
969	cnoc	193
970	historia	193
971	there	192
972	source	192
973	chille	192
974	bheanntan	192
975	dictionary	192
976	oighreachd	192
977	world-gazetteer	192
978	làn	191
979	chruthaich	191
980	arg	191
981	saor	190
982	b'e	190
983	eabhra	190
984	make	189
985	camanachd	189
986	stockholm	189
987	foghlaim	189
988	pheairt	189
989	solid	188
990	farsaingeachd	188
991	states	188
992	main	188
993	togail	188
994	bonn	188
995	lìog	188
996	mark	187
997	mhic	187
998	gcis	187
999	pnan	187
1000	uaireannan	186
1001	aistean	186
1002	bad	186
1003	earra-ghàidheal	186
1004	ciùil	186
1005	sortable	186
1006	dail	185
1007	iii	185
1008	chuan	185
1009	reykjav	185
1010	riochdachadh	185
1011	edinburgh	184
1012	leantainn	183
1013	ainmeile	183
1014	benfro	183
1015	uilleam	182
1016	sia	182
1017	ruisis	182
1018	ruadh	181
1019	cogaidh	181
1020	arguments	181
1021	greugais	180
1022	adhart	180
1023	parliament	180
1024	anchor	180
1025	eòrpach	179
1026	bun-sgoil	179
1027	coltas	179
1028	chruinneachadh	179
1029	malairt	179
1030	maint	179
1031	innte	178
1032	domhan-leud	178
1033	faodaidh	177
1034	namespace	177
1035	sìobhalta	177
1036	talmhainn	177
1037	iùdhach	177
1038	qu	177
1039	geala	177
1040	marilyn	177
1041	require	177
1042	bpa	176
1043	seach	176
1044	diofar	176
1045	sòisealta	176
1046	array	176
1047	eileamaidean	176
1048	gall-ghaidhealaibh	176
1049	ath	175
1050	steòrnabhagh	175
1051	und	175
1052	oidhche	175
1053	t-àite	175
1054	washington	175
1055	tìre	174
1056	dhreuchd	174
1057	sibh	174
1058	àireamh-sluaigh	174
1059	clach	174
1060	fhaicinn	173
1061	suaine	173
1062	costa	173
1063	dh'imrich	173
1064	uaine	173
1065	here	172
1066	faighinn	172
1067	cuan	172
1068	dèagh	172
1069	westminster	171
1070	empty	171
1071	fhada	171
1072	cheap	171
1073	hill-bagging	171
1074	domhan-fhad	171
1075	gwynedd	171
1076	clàr	170
1077	bheireadh	170
1078	cuimrigh	170
1079	gearmailte	170
1080	white	170
1081	sealtainn	170
1082	phuing	169
1083	map-balla	169
1084	dh'obraich	169
1085	nirribhidh	168
1086	mharbhadh	168
1087	crìch	168
1088	duitsis	168
1089	mountaindetails	168
1090	ceff	168
1091	ret	168
1092	rudan	167
1093	coins	167
1094	cellpadding	166
1095	content	166
1096	far-ainm	166
1097	rìghrean	166
1098	teagasg	166
1099	day	166
1100	dioplòmasach	166
1101	margin	166
1102	landranger	166
1103	choireigin	165
1104	iarraidh	165
1105	co-dhiù	165
1106	fhaide	165
1107	vi	165
1108	suffix	165
1109	ghallda	164
1110	each	164
1111	caol	164
1112	reic	164
1113	companaidh	164
1114	eòin	164
1115	river	164
1116	airde	164
1117	bhpa	164
1118	bagging	164
1119	mhullaich	164
1120	oblast	164
1121	data-sort-value	164
1122	images	163
1123	cànanan	163
1124	beul-aithris	163
1125	giùlan	163
1126	croit	163
1127	et	163
1128	taigh-tasgaidh	163
1129	còisir	163
1130	gaerfyrddin	163
1131	sasannach	162
1132	tràth	162
1133	pàirc	162
1134	saoghal	162
1135	ros	162
1136	samhla	162
1137	gluasad	161
1138	rathaidean	161
1139	leòr	161
1140	dhùin	161
1141	il	161
1142	là	161
1143	explorer	161
1144	merthyr	161
1145	saidheans	160
1146	droch	160
1147	mo	160
1148	achd	159
1149	anna	159
1150	suainis	159
1151	ceimigearan	159
1152	iarla	159
1153	deidh	159
1154	region	159
1155	buntainn	158
1156	làrach	158
1157	fheadhainn	158
1158	michael	158
1159	danmhairg	158
1160	morgan	158
1161	graham	158
1162	choloimbia	158
1163	medell	158
1164	ùra	157
1165	taighean	157
1166	cuairt	157
1167	berlin	157
1168	henry	157
1169	runeberg	157
1170	togalach	156
1171	dheas	156
1172	fiosaigs	156
1173	leòdhas	156
1174	cruinn-eòlas	155
1175	h-àraid	155
1176	calum	155
1177	saighdearan	155
1178	grand	155
1179	journal	155
1180	stèisean-rèile	155
1181	t-ath-sgrùdadh	155
1182	ostaig	154
1183	documents	154
1184	trioblaidean	154
1185	filmichean	154
1186	till	154
1187	club	154
1188	diugh	153
1189	online	153
1190	lower	153
1191	txtsearch	153
1192	sgrios	153
1193	pen-y-bont	153
1194	ogwr	153
1195	shiorrachd	152
1196	sealainn	152
1197	bhean	152
1198	west	152
1199	leughte	152
1200	francisco	152
1201	dara	151
1202	gàidheal	151
1203	ostair	151
1204	talla	151
1205	t-uisge	151
1206	tòiseachadh	150
1207	gnìomhachas	150
1208	feumar	150
1209	roy	150
1210	cultarail	150
1211	fhèis	150
1212	patterns	150
1213	innse	149
1214	thuath	149
1215	macleòid	149
1216	tùsanaich	149
1217	bun	149
1218	cheimigeach	149
1219	virtual	149
1220	van	149
1221	ige	149
1222	sheallas	149
1223	spòrs	148
1224	bhathar	148
1225	oileanaich	148
1226	leigeil	148
1227	iris	148
1228	au	148
1229	coitcheann	148
1230	sine	148
1231	sup	148
1232	access	147
1233	co-ionnan	147
1234	celtic	147
1235	h-aon	147
1236	arthur	147
1237	choisinn	147
1238	tòraidh	147
1239	prix	147
1240	wikitext	147
1241	parent	147
1242	sabhal	146
1243	sgaradh	146
1244	chunntas-sluaigh	146
1245	ua	146
1246	bàgh	146
1247	ministear	146
1248	iùdhaich	146
1249	mhac	146
1250	stoidhle	145
1251	geal	145
1252	ghluais	145
1253	saighdear	145
1254	fios	144
1255	edward	144
1256	eadailteach	144
1257	partement	144
1258	identifier	144
1259	bhuidheann	143
1260	nàdarra	143
1261	chuain	143
1262	donald	143
1263	atamach	143
1264	cuairt-thomhas	143
1265	perfiles	143
1266	naidheachdan	142
1267	english	142
1268	remove	142
1269	records	142
1270	louis	142
1271	seirbheis	142
1272	lakes	142
1273	datavalue	142
1274	bhonn	141
1275	airgead	141
1276	york	141
1277	dhoire	141
1278	t-slighe	141
1279	toccolours	141
1280	arsenal	141
1281	tydfil	141
1282	bithear	140
1283	dlùth	140
1284	should	140
1285	must	140
1286	stuth	140
1287	ad	140
1288	mìos	140
1289	sruighlea	140
1290	sep	140
1291	digits	140
1292	concat	140
1293	fanaich	140
1294	ross	139
1295	cruinneachadh	139
1296	color	139
1297	hidden	139
1298	tobar	139
1299	ir	139
1300	home	139
1301	napoleon	139
1302	dh'fhaodadh	139
1303	romàinis	139
1304	luath	138
1305	martin	138
1306	hamilton	138
1307	otomanach	138
1308	santa	138
1309	commons	138
1310	aithris	138
1311	galloway	138
1312	britishlakes	138
1313	site	137
1314	riutha	137
1315	release	137
1316	peairt	137
1317	friù	137
1318	faclan	137
1319	war	137
1320	ise	137
1321	duilleagan	137
1322	h-ucràine	137
1323	crochte	137
1324	maps	137
1325	times	136
1326	sgoiltean	136
1327	dhi	136
1328	seinn	136
1329	nobhailean	136
1330	start	136
1331	icon	136
1332	caerfyrddin	136
1333	iomall	135
1334	tùsan	135
1335	ard	135
1336	alexander	135
1337	chinn	135
1338	chinnidh	135
1339	dìriche	135
1340	precision	135
1341	none	134
1342	riaghladair	134
1343	cultar	134
1344	chluich	134
1345	eadar-theangachadh	134
1346	spàinnteach	134
1347	àireamhan	134
1348	riaghladh	133
1349	raibeart	133
1350	cambridge	133
1351	die	133
1352	found	132
1353	project	132
1354	line	132
1355	scotlandscensus	132
1356	annta	132
1357	ghobhainn	132
1358	fìobha	132
1359	library	132
1360	sheas	132
1361	author	131
1362	gàidhealach	131
1363	oirthir	131
1364	bheir	131
1365	sabaid	131
1366	luchd-obrach	131
1367	ìmpireachd	131
1368	leud	131
1369	owen	131
1370	fèilltean	131
1371	poblacion	131
1372	teodhachd	131
1373	alias	131
1374	citation	131
1375	missing	130
1376	abar	130
1377	creag	130
1378	mhotha	130
1379	h-eadailt	130
1380	spain	130
1381	deamocratach	130
1382	global	130
1383	investigaciones	130
1384	censo	130
1385	given	129
1386	sgaoileadh	129
1387	strì	129
1388	ùidh	129
1389	nàsach	129
1390	abaid	129
1391	barcelona	129
1392	test	129
1393	beairteas	129
1394	bangor	129
1395	lùib	128
1396	households	128
1397	siorramachd	128
1398	iv	128
1399	sgoilear	128
1400	frangach	128
1401	luis	128
1402	cudromaiche	128
1403	lannraig	128
1404	path	128
1405	seallaidhean	128
1406	talbot	128
1407	proyepobla	128
1408	formatting	128
1409	cinn	127
1410	inhabited	127
1411	rim	127
1412	lochlannach	127
1413	ed	127
1414	luchd	127
1415	dumgal	127
1416	countrystudies	127
1417	freumh-fhaclachd	127
1418	astar	126
1419	tools	126
1420	tàinig	126
1421	censusresults	126
1422	tablea	126
1423	santiago	126
1424	gnàth-shìde	126
1425	bileag	126
1426	abcdefghinoq	126
1427	addclass	126
1428	llanelli	126
1429	using	125
1430	sgeulachd	125
1431	triùir	125
1432	ròimh	125
1433	mheadhain	125
1434	taghaidhean	125
1435	proyeccionmunicipios	125
1436	colombia-virtual	125
1437	mestizos	125
1438	because	124
1439	up	124
1440	ge-tà	124
1441	tug	124
1442	dàn	124
1443	south	124
1444	both	124
1445	caolas	124
1446	padding	124
1447	liostaichean	124
1448	fhiosrachaidh	124
1449	util	124
1450	dia	123
1451	fhear	123
1452	laghail	123
1453	bherlin	123
1454	chonnacht	123
1455	tàilleir	123
1456	templates	123
1457	entity	123
1458	ceredigion	123
1459	case	122
1460	ceàrn	122
1461	feallsanachd	122
1462	fharsaingeachd	122
1463	beul	122
1464	faicinn	122
1465	uairsin	122
1466	bun-reachd	122
1467	ròimhe	122
1468	mode	122
1469	mainsnak	122
1470	view	121
1471	bòrd	121
1472	seorsa	121
1473	tu	121
1474	amsterdam	121
1475	dh'ainmich	121
1476	var	121
1477	clàran	121
1478	phrìomh	121
1479	series	121
1480	cinnteach	120
1481	radio	120
1482	earr-ràdh	120
1483	cuir	120
1484	marbh	120
1485	ra	120
1486	madrid	120
1487	daniel	120
1488	teàrlach	120
1489	mhìos	120
1490	max	120
1491	len	120
1492	pòlainn	120
1493	trim	120
1494	matamataig	119
1495	me	119
1496	inneal	119
1497	tiotal	119
1498	againn	119
1499	hughes	119
1500	corra	119
1501	chemistry	119
1502	còigeamh	119
1503	rannsachaidh	119
1504	chanadh	119
1505	beginning	119
1506	diùcachd	119
1507	rugbaidh	118
1508	caimbeul	118
1509	ciall	118
1510	black	118
1511	meall	118
1512	dh'atharraich	118
1513	glasgow	118
1514	cliùiteach	118
1515	ben	118
1516	du	118
1517	pòlais	118
1518	adhair	118
1519	h-obrach	118
1520	ud	118
1521	teine	118
1522	partements	118
1523	bhuineas	117
1524	feum	117
1525	gorm	117
1526	east	117
1527	dìon	117
1528	ungair	117
1529	docha	117
1530	og	117
1531	ògmhios	117
1532	juan	117
1533	lists	117
1534	international	117
1535	railway	117
1536	blaavirtual	117
1537	roberts	117
1538	prìomh-mhinistear	116
1539	feartan	116
1540	ta	116
1541	dearbh	116
1542	aillse	116
1543	ne	116
1544	dath	116
1545	ruise	116
1546	buidhe	116
1547	space	116
1548	red	115
1549	tomhasan	115
1550	dh'fhuirich	115
1551	cataibh	115
1552	port-adhair	115
1553	ine	115
1554	cùisean	114
1555	litrichean	114
1556	nochdaidh	114
1557	andrew	114
1558	chòir	114
1559	cundinamarca	114
1560	stad	114
1561	keywords	114
1562	farsaing	113
1563	bhàrdachd	113
1564	fireann	113
1565	character	113
1566	cothrom	112
1567	colin	112
1568	rathad-iarainn	112
1569	feuch	112
1570	ceannardan	112
1571	ola	112
1572	aontroma	112
1573	slàn	112
1574	dachannan	112
1575	wikilink	112
1576	prop	112
1577	books	111
1578	mhanainn	111
1579	gall	111
1580	pàirtean	111
1581	ceart	111
1582	choinnich	111
1583	ionnsachadh	111
1584	stiùir	111
1585	obrachadh	111
1586	les	111
1587	làmh	110
1588	book	110
1589	convert	110
1590	àiteachan	110
1591	prize	110
1592	melbourne	110
1593	ghearmailtis	110
1594	mhàthair	110
1595	pedersen	110
1596	france	110
1597	places	110
1598	frìth	110
1599	poilitigeach	109
1600	poblach	109
1601	ireann	109
1602	soirbheachail	109
1603	choimhearsnachd	109
1604	bhràthair	109
1605	pontypridd	109
1606	va	109
1607	collapse	109
1608	coimisean	109
1609	cheannaich	109
1610	taigh-solais	109
1611	etc	109
1612	chapter	109
1613	yesno	109
1614	coimhead	108
1615	user	108
1616	characters	108
1617	call	108
1618	òir	108
1619	chànain	108
1620	làimhe	108
1621	pheofharain	108
1622	uallas	108
1623	aemet	108
1624	stiùiriche	108
1625	house	108
1626	measach	108
1627	dates	108
1628	airgid	107
1629	caochladh	107
1630	dualchas	107
1631	chaluim	107
1632	beachdan	107
1633	land	107
1634	scott	107
1635	rangers	107
1636	eòlaichean	107
1637	ruaig	107
1638	liath	107
1639	group	107
1640	albainn	106
1641	node	106
1642	iarainn	106
1643	armachd	106
1644	thig	106
1645	shean	106
1646	uppsala	106
1647	saint	106
1648	cheangal	106
1649	shabaid	106
1650	boolean	106
1651	sepc	106
1652	quot	105
1653	range	105
1654	coinneach	105
1655	dhubh	105
1656	eun	105
1657	patrick	105
1658	iosrael	105
1659	airm	105
1660	leipzig	105
1661	tàile	105
1662	sultain	105
1663	wmflabs	105
1664	aonaidh	104
1665	gallaibh	104
1666	chanar	104
1667	comharrachadh	104
1668	tairg	104
1669	tuirc	104
1670	airsan	104
1671	cois	104
1672	tiomnadh	104
1673	fir	104
1674	chicago	104
1675	station	104
1676	iomallach	104
1677	literature	104
1678	enwiki	104
1679	adhbhar	103
1680	browser	103
1681	same	103
1682	search	103
1683	place	103
1684	like	103
1685	rathaid	103
1686	grunn	103
1687	faoi	103
1688	border-collapse	103
1689	man	103
1690	turcais	103
1691	h-ùige	103
1692	sgìreachd	103
1693	script	103
1694	ddinbych	103
1695	uicipeid	102
1696	bratach	102
1697	yes	102
1698	real	102
1699	gàidheil	102
1700	bochd	102
1701	smith	102
1702	brian	102
1703	urram	102
1704	meagsago	102
1705	espa	102
1706	peantair	102
1707	carl	102
1708	leth-eilean	102
1709	pòsadh	102
1710	canmore	102
1711	stòr-dàta	102
1712	issn	102
1713	ca	101
1714	form	101
1715	eòlas	101
1716	eis	101
1717	chaolais	101
1718	braisil	101
1719	roger	101
1720	don't	101
1721	ja	101
1722	chill	101
1723	ameireaganach	101
1724	beann	101
1725	fearainn	101
1726	riochdaich	101
1727	farpais	101
1728	lochs	101
1729	cellspacing	100
1730	bithidh	100
1731	specified	100
1732	short	100
1733	feumaidh	100
1734	t-òban	100
1735	mhìle	100
1736	cudthromach	100
1737	int	100
1738	ioràn	100
1739	coille	100
1740	albert	100
1741	island	100
1742	urraman	100
1743	argument	100
1744	sgrìobhaidhean	99
1745	does	99
1746	special	99
1747	dòmhnallach	99
1748	cloiche	99
1749	tighearna	99
1750	vol	99
1751	maol	99
1752	jack	99
1753	deich	99
1754	ni	99
1755	su	99
1756	ochd	99
1757	cruaidh	99
1758	santander	99
1759	luftlinie	99
1760	passed	99
1761	fosgailte	98
1762	through	98
1763	fhàs	98
1764	chunnaic	98
1765	teòiridh	98
1766	jude	98
1767	friedrich	98
1768	cliù	98
1769	ttir	98
1770	government	98
1771	coordinates	98
1772	laomainn	97
1773	dhìon	97
1774	aithnichte	97
1775	prògram	97
1776	crùn	97
1777	dh'fhosgail	97
1778	rain	97
1779	school	97
1780	sùilean	97
1781	third	97
1782	europe	97
1783	tables	97
1784	create	96
1785	upper	96
1786	èireannach	96
1787	inbhe	96
1788	dhùnadh	96
1789	sgrìobhte	96
1790	pìos	96
1791	joseph	96
1792	droma	96
1793	mhath	96
1794	diùc	96
1795	althingi	96
1796	sobhiatach	96
1797	harvard	96
1798	dùil	96
1799	t-siorrachd	96
1800	barraigh	96
1801	char	96
1802	rees	96
1803	deich-bliadhna	96
1804	stream	96
1805	presidencia	96
1806	aliases	96
1807	sitelink	96
1808	functions	95
1809	output	95
1810	mìneachadh	95
1811	muile	95
1812	ceathramh	95
1813	nic	95
1814	london	95
1815	shuas	95
1816	mhacha	95
1817	baistidh	95
1818	falling	95
1819	antonio	95
1820	arango	95
1821	gotha	95
1822	work	94
1823	cunntas	94
1824	sgeul	94
1825	tùr	94
1826	pàislig	94
1827	àbhaisteach	94
1828	alex	94
1829	cluicheadair	94
1830	union	94
1831	languages	94
1832	greim	94
1833	chaisteal	94
1834	thuras	94
1835	plain	94
1836	libearal	94
1837	fàsaichean	94
1838	seile	94
1839	locality	94
1840	placenamesofscot	94
1841	johnuoft	94
1842	trust	94
1843	gnìomh	93
1844	current	93
1845	aoisean	93
1846	comas	93
1847	cloinne	93
1848	iuchar	93
1849	cuspairean	93
1850	foillseachadh	93
1851	a-measg	93
1852	centre	93
1853	sean	93
1854	neach-teagaisg	93
1855	leigheas	93
1856	karl	93
1857	sheòrsa	93
1858	bàtaichean	93
1859	uasal	93
1860	tràigh	93
1861	asaint	93
1862	coiseachd	93
1863	poiliteagach	93
1864	shruighlea	93
1865	mainlevel	93
1866	fallingrain	93
1867	null	93
1868	edwards	93
1869	provincia	93
1870	còmhdhail	92
1871	dec	92
1872	articles	92
1873	free	92
1874	where	92
1875	invalid	92
1876	per	92
1877	second	92
1878	beachd	92
1879	boireannach	92
1880	bhog	92
1881	brice	92
1882	ghabhadh	92
1883	bhun-sgoil	92
1884	dh'fhaid	92
1885	gnothach	92
1886	pailt	92
1887	sràid	92
1888	church	92
1889	geonames	92
1890	confederation	92
1891	qualifier	92
1892	amas	91
1893	before	91
1894	part	91
1895	bhi	91
1896	meadhanan	91
1897	ban	91
1898	dàin	91
1899	uiread	91
1900	cleasaichean	91
1901	thathas	91
1902	anainn	91
1903	daibhidh	91
1904	ghabhas	91
1905	lloyd	91
1906	angeles	91
1907	research	91
1908	leòdhais	91
1909	cap	91
1910	cladach	91
1911	còmhlan	91
1912	raw	91
1913	area	90
1914	nor	90
1915	brown	90
1916	son	90
1917	ròmanaich	90
1918	fianais	90
1919	cleachdaidhean	90
1920	croitearachd	90
1921	cath	90
1922	luach	90
1923	slàinte	90
1924	tùsanach	90
1925	foillsichte	90
1926	park	90
1927	chompanaidh	90
1928	francis	90
1929	length	90
1930	las	90
1931	manuel	90
1932	xi	90
1933	lios	90
1934	shift	90
1935	efeecc	90
1936	snak	90
1937	copy	89
1938	rèidio	89
1939	bean	89
1940	bhàrd	89
1941	comunn	89
1942	chaisteil	89
1943	feachd	89
1944	te	89
1945	nchen	89
1946	teachd	89
1947	dumfriesshire	89
1948	ional	89
1949	german	89
1950	mid	89
1951	sgrùdadh	88
1952	bàta	88
1953	coimeas	88
1954	pòsta	88
1955	pìosan	88
1956	frank	88
1957	cogaidhean	88
1958	spàinntich	88
1959	vienna	88
1960	lus	88
1961	neach-aithris	88
1962	ghairm	88
1963	beairteach	88
1964	root	88
1965	markup	88
1966	csic	88
1967	caerffili	88
1968	encyclopedia	87
1969	show	87
1970	ratharsair	87
1971	cò	87
1972	phortagail	87
1973	fèis	87
1974	great	87
1975	murray	87
1976	bhris	87
1977	àraidh	87
1978	fe	87
1979	seata	87
1980	count	87
1981	imperfect	87
1982	pez	87
1983	claim	87
1984	bureau	87
1985	federalism	87
1986	ign	87
1987	rich	86
1988	domain	86
1989	greugach	86
1990	trom	86
1991	cuideigin	86
1992	clas	86
1993	chlàr	86
1994	hi	86
1995	aiseag	86
1996	pa	86
1997	taigh-òsta	86
1998	break	86
1999	natural	86
2000	base	86
2001	tobhtaichean	86
2002	digit	86
2003	statistic	86
2004	ipp	86
2005	ethnoterritorial	86
2006	concurrence	86
2007	angel	86
2008	sort	86
2009	fflint	86
2010	classora	86
2011	isflokkurinn	86
2012	royal	85
2013	sasannaich	85
2014	macgill-eain	85
2015	survey	85
2016	mur	85
2017	riamh	85
2018	jean	85
2019	crìosdaidheachd	85
2020	chum	85
2021	ungairis	85
2022	chambridge	85
2023	maria	85
2024	institiud	85
2025	mìosan	85
2026	spanish	85
2027	connspaideach	85
2028	hearadh	85
2029	origin	85
2030	getargs	85
2031	dhith	84
2032	riaghailtean	84
2033	version	84
2034	required	84
2035	dh'alba	84
2036	pearsanta	84
2037	results	84
2038	mod	84
2039	dòighean	84
2040	feuchainn	84
2041	aodach	84
2042	chloinne	84
2043	phoblachd	84
2044	rez	84
2045	naoi	84
2046	tràchdas	84
2047	fèin-riaghlaidh	84
2048	bhogot	84
2049	cuideachadh	84
2050	coire	84
2051	easbaig	84
2052	fhreumh-fhaclachd	84
2053	bòd	84
2054	institutul	84
2055	lìonadh	83
2056	between	83
2057	somhairle	83
2058	teacsa	83
2059	nàisean	83
2060	cheud	83
2061	an-dràsta	83
2062	caran	83
2063	sìona	83
2064	duaisean	83
2065	fhosgladh	83
2066	bucharest	83
2067	rom	83
2068	luchd-ciùil	83
2069	pid	83
2070	phort	83
2071	uairean	83
2072	thugadh	83
2073	lon	83
2074	cuideam	83
2075	lorgadh	83
2076	prionnsa	83
2077	split	83
2078	coilltearachd	83
2079	slands	83
2080	todo	83
2081	encode	83
2082	afraig	83
2083	tutankhamun	83
2084	united	82
2085	ghallta	82
2086	monadh	82
2087	bhòid	82
2088	corp	82
2089	croitearan	82
2090	bhreac	82
2091	routledge	82
2092	lùchairt	82
2093	mairead	82
2094	leasachaidh	82
2095	slàbhach	82
2096	utrecht	82
2097	alan	82
2098	neach-ciùil	82
2099	jim	82
2100	theich	82
2101	ghreugach	82
2102	present	82
2103	lublin	82
2104	lablaa	82
2105	insse	82
2106	without	81
2107	namespaces	81
2108	seilbh	81
2109	arabach	81
2110	gabh	81
2111	daonna	81
2112	chumanta	81
2113	sobhiat	81
2114	dhèanadh	81
2115	chall	81
2116	dachaigh	81
2117	mary	81
2118	port-mara	81
2119	chlì	81
2120	chlub	81
2121	lez	81
2122	actair	81
2123	tfrac	81
2124	mhàthair-mhullaich	81
2125	rithe	80
2126	èipheit	80
2127	smaoineachadh	80
2128	exists	80
2129	wikimedia	80
2130	links	80
2131	done	80
2132	single	80
2133	unknown	80
2134	grèine	80
2135	bhruidhinn	80
2136	òige	80
2137	creidsinn	80
2138	òrdugh	80
2139	parts	80
2140	sìne	80
2141	rob	80
2142	naoimh	80
2143	pagastàn	80
2144	thimcheall	80
2145	department	80
2146	ireland	80
2147	panama	80
2148	mountain	80
2149	luchd-saidheans	80
2150	itemid	80
2151	seumasaich	80
2152	roinneadh	80
2153	order	80
2154	admin	80
2155	ian	80
2156	vli	80
2157	chòirichean	80
2158	ùghdarrais	80
2159	editor	80
2160	replace	80
2161	conwy	80
2162	dhuine	79
2163	gnè	79
2164	resources	79
2165	media	79
2166	selected	79
2167	d'fhuair	79
2168	ruaraidh	79
2169	tilleadh	79
2170	feallsanaiche	79
2171	h-aibhnichean	79
2172	chùis	79
2173	donnchadh	79
2174	bheilg	79
2175	catalanais	79
2176	sìthe	79
2177	fiù's	79
2178	chlach	79
2179	shèimh	79
2180	fhàsach	79
2181	rèidh	79
2182	griffiths	79
2183	quote	79
2184	added	78
2185	obraichean	78
2186	dearbhadh	78
2187	dràma	78
2188	dhèidh	78
2189	chuairt	78
2190	dhùthaich	78
2191	lusan	78
2192	àitichean	78
2193	beathaichean	78
2194	chlann	78
2195	walter	78
2196	mhilleadh	78
2197	duaise	78
2198	aberystwyth	78
2199	àrainneachd	78
2200	libearalaich	78
2201	fhios	78
2202	camas	78
2203	jenkins	78
2204	detail	78
2205	ainmichte	78
2206	carlos	78
2207	ward	78
2208	britain	78
2209	poll	78
2210	teborg	78
2211	transactions	78
2212	castle	78
2213	position	78
2214	navbox	78
2215	biografias	78
2216	ucràineach	78
2217	wrap	78
2218	periodical	78
2219	hump	78
2220	idx	78
2221	dèiligeadh	77
2222	seat	77
2223	mhoire	77
2224	uachdaran	77
2225	ìomhaigh	77
2226	tormod	77
2227	bàn	77
2228	cèin	77
2229	èireann	77
2230	chris	77
2231	argantain	77
2232	ostair-ungaire	77
2233	oilthighean	77
2234	presentation	77
2235	carragh-chuimhne	77
2236	iasgach	77
2237	t-aonadh	77
2238	hugh	77
2239	century	77
2240	season	77
2241	scottish-places	77
2242	scheme	76
2243	topic	76
2244	input	76
2245	tradaiseanta	76
2246	sèimh	76
2247	rudeigin	76
2248	eaconomachd	76
2249	geschichte	76
2250	dhachaigh	76
2251	unesco	76
2252	statoids	76
2253	ghlinne	76
2254	politics	76
2255	foirmle	76
2256	articleid	76
2257	destatis	76
2258	almanach	76
2259	unit	76
2260	cynon	76
2261	taf	76
2262	aberd	76
2263	rowargs	76
2264	doirbh	75
2265	messages	75
2266	tarsainn	75
2267	iomain	75
2268	ghrèig	75
2269	ghoirid	75
2270	màthar	75
2271	bhliadhnaichean	75
2272	beulaibh	75
2273	suòmaidh	75
2274	art	75
2275	sòisealach	75
2276	ti	75
2277	ciamar	75
2278	tursan	75
2279	thuilleadh	75
2280	t-arm	75
2281	cead	75
2282	independent	75
2283	statistik	75
2284	stèiseanan	75
2285	properties	75
2286	almanachdegotha	75
2287	ball-sampaill	75
2288	rhondda	75
2289	seòrsaichean	74
2290	tùsail	74
2291	who	74
2292	information	74
2293	feed	74
2294	neart	74
2295	gearasdan	74
2296	luchd-turais	74
2297	moladh	74
2298	sgoilearan	74
2299	àireimh-sluaigh	74
2300	ùghdarrasan	74
2301	chathair	74
2302	rug	74
2303	niùclasach	74
2304	siorrachdan	74
2305	iapan	74
2306	nàsaich	74
2307	isle	74
2308	ba	74
2309	bridge	74
2310	music	74
2311	comhairlichean	74
2312	tatha	74
2313	comar	74
2314	àicheil	74
2315	dathan	74
2316	seula	74
2317	please	73
2318	reference	73
2319	innd-eòrpach	73
2320	nàdair	73
2321	ceathrar	73
2322	teas	73
2323	fichead	73
2324	tachartas	73
2325	dhiùlt	73
2326	bunachas	73
2327	eaconamaiche	73
2328	dependencies	73
2329	noticias	73
2330	proceedings	73
2331	castilla	73
2332	rail	73
2333	buill-phàrlamaid	73
2334	iadsan	72
2335	example	72
2336	ìle	72
2337	fa-leth	72
2338	togalaichean	72
2339	gaol	72
2340	clò	72
2341	againne	72
2342	ruairidh	72
2343	iso	72
2344	dreuchdan	72
2345	tionndadh	72
2346	bhatacain	72
2347	sagsainn	72
2348	hans	72
2349	haag	72
2350	mhadrid	72
2351	ithe	72
2352	choire	72
2353	mhoireibh	72
2354	òga	72
2355	seataichean	72
2356	downloads	72
2357	kyiv	72
2358	burgos	72
2359	nval	72
2360	point	71
2361	external	71
2362	includes	71
2363	iolra	71
2364	ghluasad	71
2365	fhilm	71
2366	toraidhean	71
2367	bùth	71
2368	siubhal	71
2369	saorsa	71
2370	aodh	71
2371	stevenson	71
2372	alfred	71
2373	law	71
2374	dlùths	71
2375	b'àbhaist	71
2376	dh'fheuch	71
2377	life	71
2378	hitler	71
2379	fiosaigiche	71
2380	iùdhachd	71
2381	taisbeanadh	71
2382	western	71
2383	britannica	71
2384	rafael	71
2385	darna	71
2386	reubaltaich	71
2387	highland	71
2388	climate	71
2389	abs	71
2390	formats	71
2391	corbett	71
2392	items	71
2393	fenni	71
2394	morris	71
2395	dotitem	71
2396	uachdar	70
2397	general	70
2398	re	70
2399	dham	70
2400	tachairt	70
2401	mòr-thìr	70
2402	ealasaid	70
2403	tuatha	70
2404	macdonald	70
2405	ez	70
2406	meas	70
2407	daonnan	70
2408	nacional	70
2409	dhearbhaich	70
2410	urras	70
2411	pàipear-naidheachd	70
2412	annapolis	70
2413	gheibh	70
2414	gearradh-arm	70
2415	chèitean	70
2416	corr	70
2417	breatann	70
2418	templatestyles	70
2419	hall	70
2420	craobhan	70
2421	pedro	70
2422	phoileataigeach	70
2423	banrepcultural	70
2424	strip	70
2425	ath-sgrùdadh	70
2426	muirthead	70
2427	gareth	70
2428	ailtireachd	69
2429	select	69
2430	object	69
2431	optional	69
2432	box	69
2433	cas	69
2434	herbert	69
2435	oran	69
2436	fhearainn	69
2437	ùghdar	69
2438	samuel	69
2439	breatannaich	69
2440	chanada	69
2441	ill	69
2442	rannsaich	69
2443	co-chaidreachas	69
2444	placenames	69
2445	neil	69
2446	sluaigh	69
2447	county	69
2448	djvu	69
2449	streap	69
2450	above	69
2451	zoom	69
2452	mosquera	69
2453	getparent	69
2454	herra	69
2455	theirear	68
2456	mhalairt	68
2457	details	68
2458	named	68
2459	sgaoil	68
2460	ceud	68
2461	mòd	68
2462	càirdeas	68
2463	seirbheisean	68
2464	central	68
2465	dh'iarr	68
2466	lu	68
2467	eilidh	68
2468	phàrlain	68
2469	rìmhinn	68
2470	murdo	68
2471	eng	68
2472	jan	68
2473	harry	68
2474	tràilleachd	68
2475	dotaireachd	68
2476	rttemberg	68
2477	tèid	68
2478	manach	68
2479	aonad	68
2480	donn	68
2481	ic	68
2482	còmhlan-ciùil	68
2483	air-loidhne	68
2484	urrainnear	68
2485	frithealadh	68
2486	macdhòmhnaill	68
2487	ori	68
2488	svetym	68
2489	accept	68
2490	csstext	68
2491	nornais	68
2492	langcode	68
2493	supported	67
2494	h-eòrpa	67
2495	freagarrach	67
2496	aibhnichean	67
2497	sgrìobhaidh	67
2498	deoch	67
2499	uachdair	67
2500	còirichean	67
2501	geama	67
2502	ghaeilge	67
2503	billy	67
2504	mas	67
2505	fran	67
2506	richards	67
2507	instituto	67
2508	ab	67
2509	breac	67
2510	tuiseal	67
2511	guth	67
2512	meadhain	67
2513	neach-lagha	67
2514	thagraiche	67
2515	frams	67
2516	knarflokkurinn	67
2517	lua	67
2518	bhrosnachadh	66
2519	aiste	66
2520	balla	66
2521	them	66
2522	public	66
2523	target	66
2524	solas	66
2525	dealain	66
2526	mhonaidh	66
2527	prìobhaideach	66
2528	structar	66
2529	dwelly	66
2530	college	66
2531	tìr-mòr	66
2532	cheàrn	66
2533	còmhnaidh	66
2534	boireannaich	66
2535	chuimris	66
2536	bheiniseala	66
2537	pròiseact	66
2538	neach-labhairt	66
2539	toll	66
2540	menu	66
2541	cauca	66
2542	mez	66
2543	caledonian	66
2544	creagan	66
2545	ceannas	66
2546	companion	66
2547	cùmhnant	66
2548	gruag	66
2549	neoni	66
2550	dgnhas	66
2551	months	66
2552	modules	66
2553	invoke	66
2554	hartis	66
2555	derek	65
2556	while	65
2557	system	65
2558	below	65
2559	disambiguation	65
2560	go	65
2561	nibheis	65
2562	proifeiseanta	65
2563	bràthair	65
2564	ceadaichte	65
2565	dùthchail	65
2566	t-seic	65
2567	norman	65
2568	lee	65
2569	banca	65
2570	sliabh	65
2571	h-eilbheis	65
2572	comannach	65
2573	phrionnsa	65
2574	bol	65
2575	còrdadh	65
2576	ap	65
2577	briathrachas	65
2578	phàpa	65
2579	transonline	65
2580	seriii-vol	65
2581	allowed	65
2582	sandbox	65
2583	refs	65
2584	otherwise	64
2585	un	64
2586	need	64
2587	car	64
2588	greis	64
2589	sgitheanaich	64
2590	seòras	64
2591	cùl	64
2592	dh'fhalbh	64
2593	teaghlaich	64
2594	dh'aontaich	64
2595	tuathanas	64
2596	ruiseanach	64
2597	breith	64
2598	mart	64
2599	rowspam	64
2600	rotterdam	64
2601	california	64
2602	cair	64
2603	gordon	64
2604	stiùbhartach	64
2605	seacais	64
2606	antiquarian	64
2607	sìnidh	64
2608	substitute	64
2609	itemtab	64
2610	laghan	63
2611	comhairlean	63
2612	cumadh	63
2613	common	63
2614	linked	63
2615	being	63
2616	claims	63
2617	categories	63
2618	most	63
2619	rev	63
2620	configuration	63
2621	tùs	63
2622	innleadair	63
2623	margaret	63
2624	eisimpleirean	63
2625	gabhaidh	63
2626	càil	63
2627	teirm	63
2628	sheann	63
2629	cladh	63
2630	earra-dheas	63
2631	tony	63
2632	trafaig	63
2633	lochlannaich	63
2634	bonaparte	63
2635	adolf	63
2636	t-oilthigh	63
2637	desert	63
2638	aimeireaganach	63
2639	education	63
2640	di	63
2641	street	63
2642	phrìomhaire	63
2643	rèiteachadh	63
2644	bhliadhnail	63
2645	dhè	63
2646	cur-ris	63
2647	arxiv	63
2648	llanelwy	63
2649	preprocesssinglearg	63
2650	nothing	62
2651	fuadaichean	62
2652	douglas	62
2653	faodar	62
2654	bhàis	62
2655	sheinn	62
2656	adam	62
2657	anne	62
2658	sruth	62
2659	australian	62
2660	learngaelic	62
2661	mosgo	62
2662	heidelberg	62
2663	museum	62
2664	frankfurt	62
2665	liotuàinia	62
2666	latitude	62
2667	doc	62
2668	rianachd	62
2669	chionns	62
2670	losgadh	62
2671	teothachd	62
2672	bàis	62
2673	làbaraich	62
2674	study	62
2675	hills-database	62
2676	letter	62
2677	aliasesp	62
2678	cruthan	61
2679	help	61
2680	google	61
2681	àile	61
2682	scots	61
2683	upright	61
2684	comasach	61
2685	leathann	61
2686	ruaidh	61
2687	bay	61
2688	omhain	61
2689	spè	61
2690	t-sluaigh	61
2691	narann	61
2692	pop	61
2693	craoladair	61
2694	mnathan	61
2695	christopher	61
2696	mhonadh	61
2697	cleachdaidh	61
2698	gearmanach	61
2699	johann	61
2700	acadamaidh	61
2701	chudromach	61
2702	andr	61
2703	leas	61
2704	ghiblean	61
2705	cholaiste	61
2706	andalusia	61
2707	ìosa	61
2708	mamalan	61
2709	either	61
2710	dàibhead	61
2711	slat	61
2712	steve	61
2713	torr	61
2714	chrìochan	61
2715	dad	61
2716	minutes	61
2717	skip	61
2718	coordinate	61
2719	qualifiers	61
2720	àrdachadh	60
2721	gheama	60
2722	àrsaidh	60
2723	chanas	60
2724	keys	60
2725	seumasach	60
2726	rosg	60
2727	cùrsa	60
2728	h-àireamhan	60
2729	stewart	60
2730	foirthe	60
2731	congo	60
2732	ùghdarras	60
2733	stalin	60
2734	otto	60
2735	heinrich	60
2736	calafòrnia	60
2737	dresden	60
2738	stèidhicheadh	60
2739	gas	60
2740	javier	60
2741	peakbagger	60
2742	chosta	60
2743	pàipear	60
2744	viii	60
2745	tuiteam	60
2746	basgach	60
2747	bill	60
2748	astair	60
2749	rèis	60
2750	statement	60
2751	keyword	60
2752	limit	60
2753	extra	60
2754	mercedes	60
2755	checktype	60
2756	fullargs	60
2757	attr	60
2758	thoir	59
2759	bold	59
2760	righ	59
2761	naoidheamh	59
2762	latharna	59
2763	eòlach	59
2764	trèanaichean	59
2765	pàdraig	59
2766	t-seapan	59
2767	acadamh	59
2768	howard	59
2769	còmhstri	59
2770	chuidich	59
2771	ping	59
2772	maxwell	59
2773	phrìosan	59
2774	fhichead	59
2775	nuaidh	59
2776	ospadal	59
2777	tòraidhean	59
2778	ciudad	59
2779	chabh	59
2780	shònraichte	59
2781	longitude	59
2782	lag	59
2783	look	59
2784	latin	59
2785	chomhairliche	59
2786	distancefromto	59
2787	insee	59
2788	coast	59
2789	canaich	59
2790	pontypool	59
2791	portals	59
2792	cheart	58
2793	size	58
2794	just	58
2795	sections	58
2796	fhacail	58
2797	roinneil	58
2798	bàird	58
2799	phàrantan	58
2800	eu	58
2801	nàdar	58
2802	lagha	58
2803	mion-chuid	58
2804	teagaisg	58
2805	bliadhnachan	58
2806	foirmeil	58
2807	cheilteach	58
2808	ìosal	58
2809	empire	58
2810	prìomh-bhailtean	58
2811	macleod	58
2812	niall	58
2813	philip	58
2814	shasannach	58
2815	bhig	58
2816	mhòrchuid	58
2817	pos	58
2818	cràbhach	58
2819	tioram	58
2820	ru	58
2821	hamburg	58
2822	burns	58
2823	chinn-suidhe	58
2824	seasamh	58
2825	cruinn	58
2826	gearmailtich	58
2827	bhrothaig	58
2828	uamh	58
2829	tòisichidh	58
2830	chudromaiche	58
2831	thomson	58
2832	gray	58
2833	days	58
2834	brèithean	58
2835	rèine	58
2836	highlands	58
2837	dat	58
2838	dhàsan	58
2839	postscript	58
2840	caption	58
2841	scale	58
2842	timestamp	58
2843	mheud	57
2844	reul-eòlas	57
2845	piseach	57
2846	contains	57
2847	idh	57
2848	tuineachadh	57
2849	brosnachadh	57
2850	lorgar	57
2851	digital	57
2852	meadhan-aoisean	57
2853	meud	57
2854	wilson	57
2855	good	57
2856	li	57
2857	mhuinntir	57
2858	wilhelm	57
2859	bhlàr	57
2860	document	57
2861	leabhair	57
2862	deireannach	57
2863	menntask	57
2864	pàtran	57
2865	features	57
2866	urland	57
2867	riochd	57
2868	laidinneach	57
2869	aonghais	57
2870	netherlands	57
2871	cumantan	57
2872	sweden	57
2873	blacklist	57
2874	barri	57
2875	capture	57
2876	navbar	57
2877	chathraiche	56
2878	nithean	56
2879	innleadaireachd	56
2880	limited	56
2881	milleadh	56
2882	sìneadh	56
2883	t-sreath	56
2884	gnìomhachais	56
2885	orain	56
2886	eich	56
2887	òr	56
2888	fiodh	56
2889	iasgaich	56
2890	sìth	56
2891	eideard	56
2892	phàdraig	56
2893	còir	56
2894	fhaisge	56
2895	stuttgart	56
2896	fuar	56
2897	chomainn	56
2898	company	56
2899	sùil	56
2900	academy	56
2901	sàr	56
2902	tairbeart	56
2903	bhearaig	56
2904	gion	56
2905	rachadh	56
2906	seinneadairean	56
2907	edition	56
2908	bealach	56
2909	bràigh	56
2910	leth-bheatha	56
2911	stiùbhart	56
2912	bhòt	56
2913	stephen	56
2914	bhòtaichean	56
2915	basin	56
2916	mhedell	56
2917	ospina	56
2918	elevationmap	56
2919	takes	56
2920	uses	56
2921	decimal	56
2922	unset	56
2923	parseparam	56
2924	geamannan	55
2925	puingean	55
2926	returned	55
2927	treasa	55
2928	innseanach	55
2929	theagaisg	55
2930	rann	55
2931	dh'èirich	55
2932	bhrìghde	55
2933	suaicheantas	55
2934	làthair	55
2935	cuireadh	55
2936	sal	55
2937	ailean	55
2938	simon	55
2939	cluicheadairean	55
2940	h-oifigeil	55
2941	èirigh	55
2942	eòlas-sluaigh	55
2943	russell	55
2944	rae	55
2945	ka	55
2946	high	55
2947	green	55
2948	jersey	55
2949	leasaich	55
2950	castro	55
2951	fhàg	55
2952	taisgealadh	55
2953	bus	55
2954	rdoba	55
2955	h-òrain	55
2956	luaithe	55
2957	anseotal	55
2958	h-athair	55
2959	ceiltis	55
2960	mhìosachan	55
2961	called	55
2962	reamhar	55
2963	raineach	55
2964	soviet	55
2965	altext	55
2966	phàirtidh	55
2967	defined	55
2968	spaces	55
2969	tracking	55
2970	enumerated	55
2971	argval	55
2972	way	54
2973	description	54
2974	meta	54
2975	bhitheas	54
2976	chì	54
2977	nòs	54
2978	scotsman	54
2979	furasta	54
2980	co-bhann	54
2981	chrìoch	54
2982	republic	54
2983	libia	54
2984	comataidh	54
2985	copenhagen	54
2986	portagailis	54
2987	how	54
2988	riaghlaidh	54
2989	symbols	54
2990	im	54
2991	jorge	54
2992	sea	54
2993	charaid	54
2994	macthòmais	54
2995	float	54
2996	border-bottom	54
2997	ruigsinn	54
2998	arainn	54
2999	ghlacadh	54
3000	community	54
3001	kirk	54
3002	gonz	54
3003	johnston	54
3004	guadalajara	54
3005	ghranada	54
3006	carrann	54
3007	option	54
3008	next	54
3009	holm	54
3010	elevation	54
3011	monar	54
3012	sheabhal	54
3013	àireamh-bhòtaidh	54
3014	cluiche	53
3015	dhearbhadh	53
3016	cànanachas	53
3017	litreachais	53
3018	prògraman	53
3019	teth	53
3020	daingneach	53
3021	facail	53
3022	deiseil	53
3023	fuaim	53
3024	bhrìgh	53
3025	dannsa	53
3026	clàraichte	53
3027	iasg	53
3028	ballrachd	53
3029	young	53
3030	anndra	53
3031	king	53
3032	vii	53
3033	murt	53
3034	baron	53
3035	texas	53
3036	american	53
3037	seotal	53
3038	briseadh	53
3039	cali	53
3040	keith	53
3041	ghall-ghàidhealaibh	53
3042	thuaidh	53
3043	road	53
3044	power	53
3045	t-seòrsa	53
3046	fìobh	53
3047	bhuail	53
3048	bhuinneas	53
3049	cultura	53
3050	iulianach	53
3051	ringen	53
3052	chleachdar	53
3053	loop	53
3054	rùm	53
3055	bàsaichean	53
3056	deutsche	53
3057	weather	53
3058	nfaerslunr	53
3059	demo	53
3060	phillips	53
3061	kanton	53
3062	whitespace	53
3063	rank	53
3064	ocinsoutput	53
3065	query	52
3066	reports	52
3067	ceimigeach	52
3068	saidheansail	52
3069	chiarain	52
3070	fodha	52
3071	bruce	52
3072	aonais	52
3073	aimsir	52
3074	acfhainn	52
3075	tì	52
3076	gallery	52
3077	chumadh	52
3078	authority	52
3079	culture	52
3080	saoil	52
3081	mharbh	52
3082	òraidiche	52
3083	krak	52
3084	women	52
3085	massachusetts	52
3086	dh'ainmicheadh	52
3087	illinois	52
3088	virginia	52
3089	steidheachadh	52
3090	lake	52
3091	sìol	52
3092	fhaoilleach	52
3093	french	52
3094	chruthaicheadh	52
3095	doire	52
3096	garbh	52
3097	doimhne	52
3098	sgurr	52
3099	ailig	52
3100	iceland	52
3101	pharis	52
3102	duine-cloinne	52
3103	phrionnsalachd	52
3104	trastach	52
3105	climate-data	52
3106	countryprofile	52
3107	paraiste	52
3108	cheartais	52
3109	numbers	52
3110	warmemscot	52
3111	bizhat	52
3112	memorials	52
3113	generic	52
3114	hurtado	52
3115	cas-cheum	52
3116	defaults	52
3117	etal	52
3118	switch	52
3119	ismn	52
3120	bunaiteach	51
3121	saidheansan	51
3122	leudachadh	51
3123	feumail	51
3124	letters	51
3125	clear	51
3126	dhroch	51
3127	chreideamh	51
3128	cuirear	51
3129	sgeir	51
3130	urra	51
3131	chuithbeirt	51
3132	cùirt	51
3133	òraid	51
3134	hodges	51
3135	scot	51
3136	bànrigh	51
3137	creideamhan	51
3138	ùir	51
3139	oifigear	51
3140	chois	51
3141	jacob	51
3142	michigan	51
3143	àth	51
3144	boston	51
3145	uillt	51
3146	clasaichean	51
3147	dhòmhnaill	51
3148	stat	51
3149	ùige	51
3150	creige	51
3151	cron	51
3152	leac	51
3153	t-òran	51
3154	àireimh-shluaigh	51
3155	today	51
3156	baltach	51
3157	maintext	51
3158	maintextexplicitmatch	51
3159	complevel	51
3160	comptext	51
3161	comptextexplicitmatch	51
3162	caibineit	51
3163	germany	51
3164	whether	51
3165	dafydd	51
3166	nowrap	51
3167	dataset	51
3168	supplied	51
3169	pargs	51
3170	obj	51
3171	matches	51
3172	sequence	51
3173	ambox	51
3174	tisr	51
3175	aistidhean	50
3176	coinneachadh	50
3177	neo-fhoirmeil	50
3178	mhol	50
3179	brìgh	50
3180	nar	50
3181	translation	50
3182	utc	50
3183	level	50
3184	a-z	50
3185	guide	50
3186	iomlan	50
3187	aithneachadh	50
3188	bhreith	50
3189	lodair	50
3190	tur	50
3191	phàirc	50
3192	barra	50
3193	aire	50
3194	chomann	50
3195	luchd-ealain	50
3196	glas	50
3197	bacadh	50
3198	taylor	50
3199	flavia	50
3200	pius	50
3201	slèite	50
3202	treasamh	50
3203	telebhisein	50
3204	trioblaid	50
3205	seachdain	50
3206	coilltean	50
3207	frederick	50
3208	rèidio-bheò	50
3209	neach-iomairt	50
3210	aosta	50
3211	statesymbolsusa	50
3212	date-of-statehood	50
3213	bharraigh	50
3214	behind	50
3215	reifreann	50
3216	còignear	50
3217	seusan	50
3218	joe	50
3219	story	50
3220	chùlaibh	50
3221	aonadan	50
3222	iomadachadh	50
3223	mike	50
3224	flags	50
3225	npan	50
3226	towns	50
3227	invias	50
3228	popay	50
3229	camino	50
3230	fico	50
3231	akureyri	50
3232	retval	50
3233	whitelist	50
3234	supl	50
3235	archive-date	50
3236	downloadfile	50
3237	siebenb	50
3238	ottoman	50
3239	luchd-leantainn	49
3240	under	49
3241	bith-eòlas	49
3242	already	49
3243	since	49
3244	report	49
3245	measgachadh	49
3246	t-samhradh	49
3247	inntinneach	49
3248	ideann	49
3249	choille	49
3250	amannan	49
3251	sgìreil	49
3252	màrtainn	49
3253	hanks	49
3254	criogaid	49
3255	crois	49
3256	maurice	49
3257	prìomh-mhinistearan	49
3258	victoria	49
3259	deasaiche	49
3260	tadhal	49
3261	bhriuthainn	49
3262	phrìomh-mhinistear	49
3263	an-seo	49
3264	ol	49
3265	das	49
3266	eadhon	49
3267	feirste	49
3268	cape	49
3269	northern	49
3270	poetry	49
3271	aiseagan	49
3272	ath-leasachadh	49
3273	làraich	49
3274	fòcas	49
3275	ionnsaighean	49
3276	connspaid	49
3277	larger	49
3278	cathraiche	49
3279	allan	49
3280	period	49
3281	pi	49
3282	faisisteach	49
3283	eige	49
3284	chinneas	49
3285	drummond	49
3286	switzerland	49
3287	warmemscot-ftopic	49
3288	price	49
3289	enriqueta	49
3290	medieval	49
3291	rumantsch	49
3292	ignored	49
3293	bro	49
3294	syllan	49
3295	bcomm-scotland	49
3296	datatype	49
3297	solais	48
3298	leatha	48
3299	cìsean	48
3300	ge	48
3301	istanbul	48
3302	una	48
3303	anthony	48
3304	aimearaganach	48
3305	stanley	48
3306	phruis	48
3307	dh'uisge	48
3308	bayern	48
3309	warsaw	48
3310	ataman	48
3311	dictionnaire	48
3312	cearcall	48
3313	tinneas	48
3314	chliù	48
3315	lighiche	48
3316	mile	48
3317	ile	48
3318	craobh	48
3319	gaelicplacenames	48
3320	dorcha	48
3321	quarter	48
3322	leotha	48
3323	ghlinn	48
3324	trèana	48
3325	ùire	48
3326	fear-lagha	48
3327	head	48
3328	shaor	48
3329	weimar	48
3330	t-sròn	48
3331	verlag	48
3332	degrees	48
3333	mhodal	48
3334	elcaminoasantiago	48
3335	listadepapas	48
3336	valència	48
3337	gemeente	48
3338	coordinatespec	48
3339	morgannwg	48
3340	citationclass	48
3341	getbeststatements	48
3342	propertyid	48
3343	ukrexport	48
3344	authors	47
3345	ghàidhealach	47
3346	christian	47
3347	imrich	47
3348	bitheantas	47
3349	sgiobaidhean	47
3350	ailtire	47
3351	chòmhlan	47
3352	rothach	47
3353	gàidhlig-beurla	47
3354	ceàrnan	47
3355	brus	47
3356	inn	47
3357	co-fharpais	47
3358	eanraig	47
3359	dan	47
3360	galar	47
3361	mhàrtainn	47
3362	lengua	47
3363	ochdamh	47
3364	serviciosclimaticos	47
3365	datosclimatologicos	47
3366	valoresclimatologicos	47
3367	airport	47
3368	ernst	47
3369	siathamh	47
3370	maccoinnich	47
3371	àrainn	47
3372	bell	47
3373	italian	47
3374	choinneamh	47
3375	earrann	47
3376	chùm	47
3377	làmh-sgrìobhainn	47
3378	manaich	47
3379	bhàn	47
3380	mean	47
3381	tinn	47
3382	dhìth	47
3383	phòsadh	47
3384	doras	47
3385	manaidsear	47
3386	svenska	47
3387	stoidhl	47
3388	min	47
3389	feamainn	47
3390	mòine	47
3391	water	47
3392	evan	47
3393	ukrcensus	47
3394	ukcensus	47
3395	aohdq	47
3396	ceòladair	47
3397	phiogto	47
3398	dh'ainmeachadh	47
3399	tunja	47
3400	geogr	47
3401	entry	47
3402	consistent	47
3403	classes	47
3404	hwlffordd	47
3405	pullar	47
3406	interwiki	47
3407	references	47
3408	sourced	47
3409	shaperesult	47
3410	fàilte	46
3411	save	46
3412	italic	46
3413	now	46
3414	gall-ghàidhealaibh	46
3415	edwin	46
3416	blas	46
3417	leargaidh	46
3418	iarann	46
3419	thoradh	46
3420	sìmplidh	46
3421	teicneòlas	46
3422	àiteachais	46
3423	nicleòid	46
3424	moireach	46
3425	deòrsa	46
3426	lìte	46
3427	genève	46
3428	johnson	46
3429	coimhearsnachdan	46
3430	august	46
3431	brèagha	46
3432	h-oileanach	46
3433	pierre	46
3434	phròiseact	46
3435	poileatagach	46
3436	diego	46
3437	gràmair	46
3438	aontachadh	46
3439	aonar	46
3440	jackson	46
3441	sràidean	46
3442	t-àm	46
3443	eaglaisean	46
3444	santos	46
3445	dheug	46
3446	oidhirp	46
3447	àireimh	46
3448	person	46
3449	t-sabhail	46
3450	jamie	46
3451	chruinnich	46
3452	morair	46
3453	unicode	46
3454	tagraiche	46
3455	befolkning	46
3456	constitucion	46
3457	datos	46
3458	cid	46
3459	seconds	46
3460	snaktype	46
3461	tredegar	46
3462	bathymetric	46
3463	mullardoch	46
3464	access-date	46
3465	maplist	46
3466	puing	45
3467	post	45
3468	following	45
3469	full	45
3470	cox	45
3471	ceangail	45
3472	fuaimneachadh	45
3473	bog	45
3474	ghearasdan	45
3475	uaigh	45
3476	chuspair	45
3477	plana	45
3478	chomuinn	45
3479	toil	45
3480	cunbhalach	45
3481	athar	45
3482	tuathanaich	45
3483	canaidh	45
3484	thìodhlacadh	45
3485	teanga	45
3486	act	45
3487	sydney	45
3488	roimh	45
3489	ho	45
3490	adhartach	45
3491	academia	45
3492	brandenburg	45
3493	romania	45
3494	rock	45
3495	dotair	45
3496	marie	45
3497	pròiseas	45
3498	nicholas	45
3499	harrison	45
3500	stuart	45
3501	mòr-roinn	45
3502	gini	45
3503	cheum	45
3504	bhuannachadh	45
3505	basgais	45
3506	seasmhach	45
3507	stac	45
3508	best	45
3509	muhammad	45
3510	tailleir	45
3511	riochdairean	45
3512	powell	45
3513	mèinnean	45
3514	napoleon-series	45
3515	bharcelona	45
3516	multiple	45
3517	ibagu	45
3518	rcahms	45
3519	seanailear	45
3520	social	45
3521	others	45
3522	istat	45
3523	leading	45
3524	crìochain	45
3525	always	45
3526	antigonis	45
3527	fontsize	45
3528	nocat	45
3529	exist	45
3530	aberhonddu	45
3531	identifiers	45
3532	archive-url	45
3533	hatnote	45
3534	parentargs	45
3535	dràibhear	45
3536	find-census-data	45
3537	quickstats	45
3538	gnothaichean	44
3539	h-albann	44
3540	cumhachdan	44
3541	beartach	44
3542	pàrtaidhean	44
3543	structair	44
3544	dealbhadh	44
3545	luibhean	44
3546	support	44
3547	eilear	44
3548	chùirt	44
3549	diofraichte	44
3550	albannaich	44
3551	mhòd	44
3552	murchan	44
3553	bearaig	44
3554	sgrìobhaiche	44
3555	t-siostam	44
3556	dòchas	44
3557	eileanach	44
3558	crochadh	44
3559	miguel	44
3560	barr	44
3561	cainnt	44
3562	sròn	44
3563	freumh	44
3564	harold	44
3565	andy	44
3566	paraguaidh	44
3567	abairt	44
3568	standard	44
3569	herrera	44
3570	abc	44
3571	fhuaire	44
3572	voor	44
3573	ohio	44
3574	aosda	44
3575	oighreachdan	44
3576	staing	44
3577	dubha	44
3578	bhaile-mòr	44
3579	partaidh	44
3580	fi	44
3581	via	44
3582	leum	44
3583	africa	44
3584	publications	44
3585	charaibeach	44
3586	chìthear	44
3587	ath-leasachaidh	44
3588	conaltradh	44
3589	deasachadh	44
3590	dreach	44
3591	alfonso	44
3592	bot	44
3593	eurovision	44
3594	irbhinn	44
3595	phearsain	44
3596	rivera	44
3597	theàrlaich	44
3598	dom	44
3599	òigridh	44
3600	sileadh	44
3601	coinneamhan	44
3602	goilf	44
3603	ukraine	44
3604	lochain	44
3605	amount	44
3606	ar-a-maich	44
3607	prensa	44
3608	caernarfon	44
3609	neo-sheòrsaichte	44
3610	element	44
3611	strings	44
3612	penarth	44
3613	juridicas	44
3614	constituci	44
3615	cats	44
3616	hitta-statistik	44
3617	statistik-efter-amne	44
3618	befolkningens-sammansattning	44
3619	befolkningsstatistik	44
3620	kommun-lan-och-riket	44
3621	asin	44
3622	included	43
3623	could	43
3624	three	43
3625	record	43
3626	misspelling	43
3627	cruithneach	43
3628	thoiseach	43
3629	h-albannaich	43
3630	thìde	43
3631	fionn	43
3632	deasbad	43
3633	fort	43
3634	treubh	43
3635	pàrantan	43
3636	deuchainn	43
3637	dh'adhbharaich	43
3638	ceudna	43
3639	ioràc	43
3640	ee	43
3641	mackenzie	43
3642	casan	43
3643	murchadh	43
3644	bhreatannach	43
3645	phrògram	43
3646	laurence	43
3647	leo	43
3648	afganastan	43
3649	maireann	43
3650	ronald	43
3651	fàro	43
3652	kevin	43
3653	scoil	43
3654	adhar	43
3655	sòrbais	43
3656	ghrian	43
3657	newton	43
3658	teotha	43
3659	aosmhor	43
3660	gràdh	43
3661	ionmhais	43
3662	càisge	43
3663	aw	43
3664	ceap	43
3665	h-astràilia	43
3666	heactair	43
3667	ndez	43
3668	para	43
3669	teaghlaichean	43
3670	samhraidh	43
3671	feusgan	43
3672	historical	43
3673	manachainn	43
3674	càraichean	43
3675	aonach	43
3676	lùtair	43
3677	tuama	43
3678	primary	43
3679	dumfries	43
3680	publishing	43
3681	àraich	43
3682	chaibineit	43
3683	deg	43
3684	lunenburg	43
3685	infolaso	43
3686	extension-ccaa-y-provincias	43
3687	infoalso	43
3688	ranking-de-las-provincias-mas-pobladas-de-espana	43
3689	cartografiaensenanza	43
3690	puzzles	43
3691	puzleprovincias	43
3692	provinciasv	43
3693	embargo	43
3694	rstentum	43
3695	fhraingis	42
3696	chluicheadair	42
3697	fiosrachaidh	42
3698	website	42
3699	chuireas	42
3700	cuiridh	42
3701	crìonadh	42
3702	malairteach	42
3703	uairibh	42
3704	gaidheal	42
3705	gheamhradh	42
3706	clasaigeach	42
3707	shealladh	42
3708	gda	42
3709	wa	42
3710	bhìoball	42
3711	t-saoir	42
3712	rian	42
3713	cùrsaichean	42
3714	iasgair	42
3715	catrìona	42
3716	deicheamh	42
3717	fernando	42
3718	gabhadh	42
3719	bhitheadh	42
3720	elements	42
3721	chrìochnaich	42
3722	manchester	42
3723	suisse	42
3724	canton	42
3725	seòmar	42
3726	barry	42
3727	fallada	42
3728	ameireaga	42
3729	teicheadh	42
3730	schools	42
3731	robhar	42
3732	control	42
3733	chaolas	42
3734	caldas	42
3735	hamish	42
3736	t-siorramachd	42
3737	carraig	42
3738	harris	42
3739	samhain	42
3740	con	42
3741	trèanadh	42
3742	allow	42
3743	craiceann	42
3744	baker	42
3745	iaineatan	42
3746	mask	42
3747	bhuidhe	42
3748	cuairteachadh	42
3749	toradh	42
3750	baile-beag	42
3751	mainarea	42
3752	fhliche	42
3753	mountaineering	42
3754	palma	42
3755	castell	42
3756	statements	42
3757	blank	42
3758	maesteg	42
3759	linie	42
3760	transsilvania	42
3761	lapa	42
3762	england	41
3763	smuaintean	41
3764	available	41
3765	listed	41
3766	provided	41
3767	note	41
3768	what	41
3769	include	41
3770	review	41
3771	appropriate	41
3772	temp	41
3773	innealan	41
3774	laoidh	41
3775	shuidheachadh	41
3776	crìochnachadh	41
3777	cho-dhùin	41
3778	sear	41
3779	ruigh	41
3780	inverness	41
3781	mach	41
3782	dèanta	41
3783	labhairt	41
3784	cudthromaiche	41
3785	seachdamh	41
3786	bernard	41
3787	victor	41
3788	warszawa	41
3789	òlaind	41
3790	nez	41
3791	nàiseanan	41
3792	crìosd	41
3793	jo	41
3794	olaya	41
3795	lantanach	41
3796	ellis	41
3797	damh	41
3798	grèim	41
3799	columbia	41
3800	seòladh	41
3801	spiorad	41
3802	grunnan	41
3803	nsson	41
3804	dàimh	41
3805	garc	41
3806	trianaid	41
3807	h-àite	41
3808	lib	41
3809	wallace	41
3810	cinn-shuidhe	41
3811	hànobhar	41
3812	làr	41
3813	boyac	41
3814	ath-bheòthachadh	41
3815	troighean	41
3816	tròndairnis	41
3817	possible	41
3818	chuimhne	41
3819	chàrdainn	41
3820	àlainn	41
3821	peathraichean	41
3822	sheall	41
3823	mìosachan	41
3824	a-nise	41
3825	pelecanus	41
3826	matthew	41
3827	communitycouncils	41
3828	cuibheasachd	41
3829	poileasaidh	41
3830	shaighdear	41
3831	gazetteer	41
3832	floor	41
3833	those	41
3834	magazine	41
3835	chauca	41
3836	universities	41
3837	behindthename	41
3838	nowiki	41
3839	ghenève	41
3840	regione	41
3841	cuenca	41
3842	getcurrentframe	41
3843	unnamed	41
3844	fmaps	41
3845	fwestminster	41
3846	snaks	41
3847	sgval	41
3848	iuchair	40
3849	dealachadh	40
3850	mòire	40
3851	want	40
3852	matching	40
3853	shon	40
3854	bainne	40
3855	atharrachaidhean	40
3856	cuimhne	40
3857	macneacail	40
3858	band	40
3859	blair	40
3860	facebook	40
3861	dhia	40
3862	umha	40
3863	agad	40
3864	chiall	40
3865	singilte	40
3866	helsinki	40
3867	chaimbeul	40
3868	cam	40
3869	mackay	40
3870	pàirce	40
3871	sheumais	40
3872	ierusalem	40
3873	impire	40
3874	teampall	40
3875	eas	40
3876	an-sin	40
3877	cameron	40
3878	puerto	40
3879	european	40
3880	càirdeil	40
3881	nise	40
3882	nollaig	40
3883	ainneart	40
3884	gailearaidh	40
3885	leiden	40
3886	iosatòpaichean	40
3887	aonaidhean-ciùird	40
3888	pennsylvania	40
3889	johannes	40
3890	còraichean	40
3891	ogha	40
3892	liotuànais	40
3893	coatbridge	40
3894	bhàs	40
3895	domhainn	40
3896	luchd-poileataigs	40
3897	phàipear-naidheachd	40
3898	pràg	40
3899	mòr-roinnean	40
3900	phuist	40
3901	dheasaich	40
3902	italy	40
3903	guardian	40
3904	dh'fhaide	40
3905	antilles	40
3906	border-top	40
3907	phàigheadh	40
3908	hòigh	40
3909	homepage	40
3910	caidreachas	40
3911	glen	40
3912	susan	40
3913	iucha	40
3914	luchd-rannsachaidh	40
3915	sgiobannan	40
3916	mheàrnaig	40
3917	chumhachd	40
3918	greiseag	40
3919	frac	40
3920	canongate	40
3921	taighe	40
3922	mil	40
3923	biography	40
3924	skye	40
3925	tioraim	40
3926	tommy	40
3927	conf	40
3928	chòrdadh	40
3929	jonathan	40
3930	innis-tìlis	40
3931	oifigi	40
3932	restrepo	40
3933	bùirdeasach	40
3934	herzogtum	40
3935	tags	40
3936	farair	40
3937	siostam-riaghalaidh	40
3938	lowercase	40
3939	biorxiv	40
3940	fallback	40
3941	uflokkurinn	40
3942	props	40
3943	iomairtean	39
3944	association	39
3945	private	39
3946	dùthchasach	39
3947	cruithnich	39
3948	craoladh	39
3949	litreachadh	39
3950	piuthar	39
3951	uighean	39
3952	dh'ionnsaigh	39
3953	co-mhaoineas	39
3954	giotàr	39
3955	cèill	39
3956	idheachadh	39
3957	uàrdan	39
3958	turkey	39
3959	leabhar-chlàr	39
3960	gòrdan	39
3961	pòl	39
3962	gabriel	39
3963	campbell	39
3964	ghearmailteach	39
3965	lord	39
3966	thingmenn	39
3967	poland	39
3968	stuthan	39
3969	modern	39
3970	iùdais	39
3971	seiceach	39
3972	èisg	39
3973	aiseig	39
3974	valle	39
3975	contaetha	39
3976	gual	39
3977	gainmhich	39
3978	jimmy	39
3979	chomharrachadh	39
3980	er	39
3981	jane	39
3982	theth	39
3983	ara	39
3984	meatailtean	39
3985	bhrosnaich	39
3986	bàideanach	39
3987	ulapul	39
3988	body	39
3989	fhuar	39
3990	lìobhann	39
3991	bhiadh	39
3992	mon	39
3993	sgiobaichean	39
3994	begin	39
3995	cases	39
3996	off	39
3997	cànanaiche	39
3998	dama	39
3999	highlight	39
4000	iondail	39
4001	zaragoza	39
4002	ham	39
4003	deprecated	39
4004	numeric	39
4005	hyphen	39
4006	comma	39
4007	separated	39
4008	florida	38
4009	change	38
4010	account	38
4011	eatarra	38
4012	chleachdas	38
4013	chlachan	38
4014	sgeama	38
4015	cus	38
4016	watson	38
4017	slighean	38
4018	chòmhdhail	38
4019	shiubhail	38
4020	ìosail	38
4021	thighinn	38
4022	fuirichidh	38
4023	nato	38
4024	nicdhòmhnaill	38
4025	ceàrnag	38
4026	ken	38
4027	earra-thuath	38
4028	dà-chànanach	38
4029	mount	38
4030	sìonais	38
4031	oliver	38
4032	tel	38
4033	ghreugais	38
4034	sri	38
4035	malcolm	38
4036	griffith	38
4037	foillseachaidhean	38
4038	toledo	38
4039	t-sile	38
4040	cuairtean	38
4041	buil	38
4042	worms	38
4043	institute	38
4044	thidsear	38
4045	telegraph	38
4046	làimhseachadh	38
4047	ram	38
4048	gorma	38
4049	january	38
4050	seileach	38
4051	sgath	38
4052	databasedetails	38
4053	tinet	38
4054	chiùil	38
4055	many	38
4056	sasann	38
4057	catalòinia	38
4058	shlèite	38
4059	loidhnichean	38
4060	nicola	38
4061	tolkien	38
4062	nàiseantach	38
4063	party	38
4064	sagart	38
4065	fàinne	38
4066	chath	38
4067	taghaidh	38
4068	bà	38
4069	mhean	38
4070	magh	38
4071	tìr-eòlas	38
4072	mhanaidsear	38
4073	bull	38
4074	council	38
4075	aa	38
4076	studiesintopogra	38
4077	maxwiala	38
4078	normal	38
4079	bhlàthain	38
4080	fred	38
4081	bremen	38
4082	line-height	38
4083	parry	38
4084	uribe	38
4085	ogsatanais	38
4086	isset	38
4087	eef	38
4088	container	38
4089	validate	38
4090	metadata	38
4091	medrxiv	38
4092	getsitelink	38
4093	depend	38
4094	ranks	38
4095	stjornarradid	38
4096	remark	38
4097	bochda	37
4098	subject	37
4099	grant	37
4100	america	37
4101	warning	37
4102	luchd-labhairt	37
4103	clàradh	37
4104	dona	37
4105	fosgladh	37
4106	clàr-leabhraichean	37
4107	gnìomhachasan	37
4108	riaghaltasan	37
4109	fhoghlam	37
4110	choitcheann	37
4111	uladh	37
4112	containing	37
4113	h-ainmean	37
4114	julian	37
4115	luchd-ionnsachaidh	37
4116	bhiet-nam	37
4117	hermann	37
4118	rodr	37
4119	guez	37
4120	rica	37
4121	eacuador	37
4122	gràmar	37
4123	prìosan	37
4124	sealbh	37
4125	deachdaire	37
4126	ainmicheadh	37
4127	ontario	37
4128	berkeley	37
4129	actanach	37
4130	little	37
4131	canàrach	37
4132	maclean	37
4133	oifisean	37
4134	introduction	37
4135	cartagena	37
4136	tolima	37
4137	pàipearan-naidheachd	37
4138	servlet	37
4139	fiolm	37
4140	phil	37
4141	chùram	37
4142	mhadainn	37
4143	dot	37
4144	albais	37
4145	allen	37
4146	nàiseantaich	37
4147	sultan	37
4148	blue	37
4149	az	37
4150	gob	37
4151	frith-rathad	37
4152	rnberg	37
4153	zipa	37
4154	swiss	37
4155	neiva	37
4156	types	37
4157	child	37
4158	mariano	37
4159	artist	37
4160	editorial	37
4161	annuaire-mairie	37
4162	annuaire	37
4163	replacement	37
4164	helper	37
4165	testing	37
4166	iom-leabhar	37
4167	urls	37
4168	extract	37
4169	xlate	37
4170	dai	37
4171	entityid	37
4172	breatainne	36
4173	structure	36
4174	dìonta	36
4175	another	36
4176	contributor	36
4177	instead	36
4178	legend	36
4179	dìleab	36
4180	atharraich	36
4181	bardachd	36
4182	urramach	36
4183	marx	36
4184	gann	36
4185	òbain	36
4186	carson	36
4187	muileann	36
4188	canal	36
4189	sudàn	36
4190	franco	36
4191	chlas	36
4192	làitheil	36
4193	granada	36
4194	pearu	36
4195	oslo	36
4196	aires	36
4197	vancouver	36
4198	cunnart	36
4199	aithne	36
4200	dh'innis	36
4201	gran	36
4202	jena	36
4203	dh'fhrithealaich	36
4204	foundation	36
4205	wordpress	36
4206	town	36
4207	lom	36
4208	riaghailt	36
4209	unicef	36
4210	muisca	36
4211	bhite	36
4212	nithear	36
4213	focloiri	36
4214	abhair	36
4215	parraistean	36
4216	tursachan	36
4217	cronews	36
4218	dhealaich	36
4219	preferred	36
4220	làmhan	36
4221	dìomhair	36
4222	cumhachdach	36
4223	styles	36
4224	lì	36
4225	bhòtadh	36
4226	shluagh	36
4227	nollaige	36
4228	dìreadh	36
4229	editions	36
4230	simple	36
4231	family	36
4232	cuaich	36
4233	tarraingeach	36
4234	ray	36
4235	plural	36
4236	thaigh	36
4237	euro	36
4238	fìor-ghlan	36
4239	companaidhean	36
4240	cùba	36
4241	telford	36
4242	t-sròin	36
4243	phàirtean	36
4244	macgilleeathain	36
4245	tipo	36
4246	lema	36
4247	newadvent	36
4248	cathen	36
4249	advent	36
4250	hagstofa	36
4251	haswell-smith	36
4252	toisichidh	36
4253	cololmbia	36
4254	murcia	36
4255	melo	36
4256	assynt	36
4257	build	36
4258	summit	36
4259	bathymetrical	36
4260	fresh-water	36
4261	separators	36
4262	vaughan	36
4263	tooin	36
4264	sigur	36
4265	fhors	36
4266	getparametervalue	36
4267	cheòl	35
4268	sites	35
4269	various	35
4270	bottom	35
4271	feasgar	35
4272	bhlàir	35
4273	caoraich	35
4274	clì	35
4275	machair	35
4276	cultarach	35
4277	inntinn	35
4278	meur	35
4279	calvin	35
4280	spioradail	35
4281	ruig	35
4282	fala	35
4283	ruiseis	35
4284	còcaireachd	35
4285	innd-innse	35
4286	buannaiche	35
4287	eaconomach	35
4288	meadhannach	35
4289	margin-left	35
4290	gar	35
4291	isaac	35
4292	mòinteach	35
4293	ghoid	35
4294	shìos	35
4295	ridire	35
4296	ois	35
4297	measail	35
4298	indiana	35
4299	science	35
4300	mit	35
4301	odhar	35
4302	anabarrach	35
4303	chruaidh	35
4304	dh'fhaoidte	35
4305	thionndaidh	35
4306	beck	35
4307	tràillean	35
4308	transparent	35
4309	dhearbh	35
4310	lisa	35
4311	early	35
4312	rep	35
4313	eaconamaidh	35
4314	rojas	35
4315	seadh	35
4316	inneal-ciùil	35
4317	innealan-ciùil	35
4318	retrieved	35
4319	naofa	35
4320	square	35
4321	dragh	35
4322	rio	35
4323	macaoidh	35
4324	marbhadh	35
4325	faigh	35
4326	take	35
4327	coastal	35
4328	leanabh	35
4329	sàbhailte	35
4330	craig	35
4331	mhanann	35
4332	leigeadh	35
4333	fhaodadh	35
4334	election	35
4335	stòras	35
4336	antalop	35
4337	teirmean	35
4338	rèabhlaid	35
4339	willie	35
4340	cross	35
4341	fharpais	35
4342	kharkiv	35
4343	seanalair	35
4344	conference	35
4345	tobhta	35
4346	ceres	35
4347	mallorca	35
4348	fors	35
4349	sgìre-riaghlaidh	35
4350	centraal	35
4351	statistiek	35
4352	circuit	35
4353	seachd-àraidh	35
4354	getcurrenttitle	35
4355	inline	35
4356	dolgellau	35
4357	initials	35
4358	thriantanachd	35
4359	mol	35
4360	findlang	35
4361	rnarra	35
4362	frettir	35
4363	ròid	34
4364	eatorra	34
4365	tomhas	34
4366	license	34
4367	address	34
4368	move	34
4369	made	34
4370	different	34
4371	displayed	34
4372	siostaman	34
4373	aora	34
4374	tiriodh	34
4375	ùisdean	34
4376	mhiosa	34
4377	feart	34
4378	carbadan	34
4379	deidhinn	34
4380	theòrsa	34
4381	angus	34
4382	màl	34
4383	gary	34
4384	lochlainn	34
4385	tòmas	34
4386	bob	34
4387	faighear	34
4388	laideannach	34
4389	kenneth	34
4390	prìomhaire	34
4391	aberdeen	34
4392	reid	34
4393	gael	34
4394	chi	34
4395	cheannsaich	34
4396	còmhnard	34
4397	dèan	34
4398	budapest	34
4399	comunnach	34
4400	afraganach	34
4401	deuchainn-lann	34
4402	jewish	34
4403	birmingham	34
4404	ath-thogail	34
4405	delaware	34
4406	paulo	34
4407	creagach	34
4408	eòlais	34
4409	caraid	34
4410	nead	34
4411	chrùin	34
4412	dhòigh	34
4413	chùil	34
4414	naidheachd	34
4415	hawaii	34
4416	a-null	34
4417	thomhas	34
4418	deòir	34
4419	pròiseactan	34
4420	dàibhidh	34
4421	portion	34
4422	fuadain	34
4423	shaighdearan	34
4424	mhaighstir	34
4425	aba	34
4426	statistical	34
4427	caractaran	34
4428	dualchais	34
4429	dheis	34
4430	sireadh	34
4431	moireabh	34
4432	helium	34
4433	sgàil	34
4434	dearga	34
4435	uisge-beatha	34
4436	ròn	34
4437	sìthichean	34
4438	briste	34
4439	tunna	34
4440	grande	34
4441	binn	34
4442	innise	34
4443	duncan	34
4444	elizabeth	34
4445	par	34
4446	gustave	34
4447	field	34
4448	comhann	34
4449	mhìcheil	34
4450	uàrd-taghaidh	34
4451	mhuilinn	34
4452	turkish	34
4453	eachdraiche	34
4454	rgen	34
4455	pre	34
4456	mathbf	34
4457	villa	34
4458	shòisealta	34
4459	handle	34
4460	cipriano	34
4461	mancha	34
4462	urdaneta	34
4463	provincias	34
4464	perseus	34
4465	fhirenze	34
4466	translator	34
4467	assigned	34
4468	categorize	34
4469	seq	34
4470	pipe	34
4471	labels	34
4472	coords	34
4473	co-chruinneachadh	33
4474	logo	33
4475	dheasachadh	33
4476	read	33
4477	associated	33
4478	redirects	33
4479	hist	33
4480	dhealbh	33
4481	rùn	33
4482	middle	33
4483	ia	33
4484	shruthas	33
4485	pailteas	33
4486	feallsanaich	33
4487	maireannach	33
4488	ìomhaighean	33
4489	coinneamh	33
4490	crann	33
4491	uimhir	33
4492	tig	33
4493	grianaig	33
4494	dealbhan-cluiche	33
4495	aisia	33
4496	speuradair	33
4497	aite	33
4498	stàilinn	33
4499	gaisgeach	33
4500	ort	33
4501	sàmais	33
4502	tuirce	33
4503	military	33
4504	iapanach	33
4505	innseachan	33
4506	march	33
4507	za	33
4508	stone	33
4509	benjamin	33
4510	macmillan	33
4511	liam	33
4512	boireann	33
4513	cia	33
4514	cluinntinn	33
4515	salzburg	33
4516	snerpa	33
4517	bo	33
4518	h-ostaire	33
4519	och	33
4520	buenos	33
4521	thuigsinn	33
4522	moore	33
4523	video	33
4524	coireach	33
4525	bhruiseal	33
4526	chòrn	33
4527	philadelphia	33
4528	uaireigin	33
4529	eagal	33
4530	dìleas	33
4531	poileasaidhean	33
4532	tobago	33
4533	que	33
4534	dam	33
4535	asia	33
4536	fhearann	33
4537	sim	33
4538	ancient	33
4539	live	33
4540	punc	33
4541	nàmhaid	33
4542	macilleathain	33
4543	archived	33
4544	sarah	33
4545	shotts	33
4546	dùinte	33
4547	bràithrean	33
4548	ghlac	33
4549	planaid	33
4550	voltaire	33
4551	conjunction	33
4552	wittenberg	33
4553	sgèile	33
4554	ewing	33
4555	parish	33
4556	arts	33
4557	kingdom	33
4558	court	33
4559	known	33
4560	isles	33
4561	prionnsalachd	33
4562	stadt	33
4563	buscon	33
4564	draei	33
4565	srvltconsulta	33
4566	lady	33
4567	surname	33
4568	caergybi	33
4569	bogota	33
4570	rionegro	33
4571	nicolson	33
4572	llandudno	33
4573	jstor	33
4574	bhern	33
4575	holds	33
4576	doesn't	33
4577	angle	33
4578	luft	33
4579	by-douglas-law	33
4580	ids	33
4581	origargs	33
4582	selfoss	33
4583	hooks	33
4584	editura	33
4585	internetarchivebot	33
4586	radius	32
4587	future	32
4588	ul	32
4589	additional	32
4590	formatted	32
4591	reultan	32
4592	treubhan	32
4593	malaig	32
4594	ceartas	32
4595	sianar	32
4596	gaidhealtachd	32
4597	roghainn	32
4598	t-sèirb	32
4599	sgilean	32
4600	ceiltich	32
4601	co-dhùnadh	32
4602	fiodha	32
4603	balach	32
4604	bheul	32
4605	anton	32
4606	chairtbheil	32
4607	caractar	32
4608	moire	32
4609	eachann	32
4610	adrian	32
4611	lawrence	32
4612	danmhairgis	32
4613	bhùirdeasachd	32
4614	annasach	32
4615	major	32
4616	dh'eadar-theangaich	32
4617	còrnais	32
4618	cofaidh	32
4619	font-family	32
4620	gainsboro	32
4621	chrùnadh	32
4622	sluagh-phoblachd	32
4623	curie	32
4624	cheimigeachd	32
4625	tidsear	32
4626	walker	32
4627	an-còmhnaidh	32
4628	tubaist	32
4629	eaconamach	32
4630	ludwig	32
4631	h-ùghdarrasan	32
4632	co-labhairt	32
4633	nu	32
4634	margaidh	32
4635	bruaich	32
4636	func	32
4637	moireibh	32
4638	crodh	32
4639	ainmneach	32
4640	ntacht	32
4641	aimeireaga	32
4642	àrda	32
4643	eòlaiche	32
4644	àrd-ùrlar	32
4645	mhàrt	32
4646	editors	32
4647	hiort	32
4648	tim	32
4649	terry	32
4650	notice	32
4651	leathainne	32
4652	uarach	32
4653	follaiseach	32
4654	comhairliche	32
4655	bhraoin	32
4656	cùlaibh	32
4657	mamal	32
4658	loisg	32
4659	coir	32
4660	trump	32
4661	cnàmhan	32
4662	chladaich	32
4663	voce	32
4664	af	32
4665	peach	32
4666	flaubert	32
4667	gerald	32
4668	gibson	32
4669	bhorgh	32
4670	aonadach	32
4671	ailein	32
4672	t-seata	32
4673	comharra	32
4674	rèisimeid	32
4675	h-andes	32
4676	universidad	32
4677	needed	32
4678	dau	32
4679	round	32
4680	wrapper	32
4681	written	32
4682	cantone	32
4683	invisible	32
4684	calendar	32
4685	loaddata	32
4686	pair	32
4687	penfro	32
4688	vanc	32
4689	stripmarker	32
4690	archivedate	32
4691	serial	32
4692	citeseerx	32
4693	suomais	32
4694	parseinput	32
4695	pathshape	32
4696	ceist	31
4697	marks	31
4698	original	31
4699	status	31
4700	rannaibh	31
4701	ghàidhealaich	31
4702	ei	31
4703	shine	31
4704	mura	31
4705	diadhaireachd	31
4706	ùr-sgeul	31
4707	cù	31
4708	stendhal	31
4709	seann-lochlannais	31
4710	griogair	31
4711	dhearg	31
4712	ghearran	31
4713	taigh-seinnse	31
4714	mìcheal	31
4715	vladimir	31
4716	neapàl	31
4717	maroco	31
4718	eric	31
4719	team	31
4720	irinn	31
4721	ora	31
4722	deamocrasaidh	31
4723	eastòinia	31
4724	frangaich	31
4725	ernest	31
4726	almaz	31
4727	iom-obrachadh	31
4728	uri	31
4729	halle	31
4730	alpha	31
4731	dh'oilthigh	31
4732	kappa	31
4733	georg	31
4734	seapanais	31
4735	bhictoria	31
4736	mholadh	31
4737	forbes	31
4738	dh'eug	31
4739	reyes	31
4740	shoirbhich	31
4741	soilleireachadh	31
4742	ogsaid	31
4743	bristol	31
4744	lùth	31
4745	ceàrnach	31
4746	trans	31
4747	huila	31
4748	cor	31
4749	bhoireannach	31
4750	tri	31
4751	alison	31
4752	notes	31
4753	borgh	31
4754	ghorta	31
4755	lann	31
4756	chuirear	31
4757	gort	31
4758	morairean	31
4759	sheachnadh	31
4760	xiii	31
4761	troimhe	31
4762	aotrom	31
4763	aonta	31
4764	caraidean	31
4765	sturgeon	31
4766	fèill	31
4767	wars	31
4768	fiona	31
4769	nid	31
4770	lochlann	31
4771	cùram	31
4772	gets	31
4773	ryan	31
4774	luail	31
4775	valladolid	31
4776	cidhe	31
4777	mhanachainn	31
4778	placenamesp-z	31
4779	tèarmann	31
4780	chuiltheann	31
4781	bibcode	31
4782	tomhais	31
4783	mar-thà	31
4784	pòla	31
4785	girona	31
4786	sant	31
4787	gneiss	31
4788	emma	31
4789	gavin	31
4790	res	31
4791	political	31
4792	except	31
4793	napol	31
4794	t-seanalair	31
4795	punctuation	31
4796	ruadh-ghleann	31
4797	phoileataigs	31
4798	requires	31
4799	chapman	31
4800	jul	31
4801	logarbaidh	31
4802	commune	31
4803	isl	31
4804	globe	31
4805	variable	31
4806	settings	31
4807	torfaen	31
4808	archiveurl	31
4809	ferrari	31
4810	getentityidforcurrentpage	31
4811	setranks	31
4812	uniqlo	31
4813	isxn	31
4814	argnumber	31
4815	riatanach	30
4816	dar	30
4817	translate	30
4818	service	30
4819	mor	30
4820	runrig	30
4821	modified	30
4822	riata	30
4823	cèilidh	30
4824	òban	30
4825	bochdainn	30
4826	raointean	30
4827	peadar	30
4828	seirbhis	30
4829	deichead	30
4830	phoblach	30
4831	ionadan	30
4832	leonardo	30
4833	measan	30
4834	cheangail	30
4835	dealbhadair	30
4836	tagradh	30
4837	cuimreach	30
4838	alban	30
4839	sevilla	30
4840	lucas	30
4841	india	30
4842	ceinia	30
4843	cairt	30
4844	miller	30
4845	albàinia	30
4846	kalmar	30
4847	sec	30
4848	ghlèidheadh	30
4849	lanca	30
4850	ròmainis	30
4851	chairibianach	30
4852	aran	30
4853	buntàta	30
4854	òl	30
4855	h-ainm	30
4856	cantainn	30
4857	dir	30
4858	madainn	30
4859	gro	30
4860	bauer	30
4861	ttingen	30
4862	baden-w	30
4863	mitchell	30
4864	matamataigear	30
4865	mheagsago	30
4866	kintail	30
4867	thigeadh	30
4868	zola	30
4869	shluaigh	30
4870	mic	30
4871	rzburg	30
4872	bhad	30
4873	franz	30
4874	h-eadailte	30
4875	sahara	30
4876	civil	30
4877	boilibhia	30
4878	seallaibh	30
4879	nicol	30
4880	monte	30
4881	uie	30
4882	eilginn	30
4883	active	30
4884	buidhne	30
4885	luaidhe	30
4886	èigheachd	30
4887	nochdas	30
4888	t-samhraidh	30
4889	siubhail	30
4890	ogsaidean	30
4891	mhìneachadh	30
4892	sheòl	30
4893	aodaich	30
4894	reul	30
4895	maximus	30
4896	rouen	30
4897	bodhaig	30
4898	ròin	30
4899	sliochd	30
4900	èideard	30
4901	uefa	30
4902	ceannardas	30
4903	chumberland	30
4904	pròstanach	30
4905	duibhe	30
4906	bhuaithe	30
4907	gobhar	30
4908	eddie	30
4909	suim	30
4910	mare	30
4911	bor	30
4912	aranzazu	30
4913	langues	30
4914	universit	30
4915	rostock	30
4916	works	30
4917	domingo	30
4918	sublevaci	30
4919	miotas-eòlas	30
4920	mhòr-rathaid	30
4921	aburr	30
4922	h-antioquia	30
4923	asiescolombia	30
4924	zaque	30
4925	orig	30
4926	geografi	30
4927	sgàile	30
4928	handbook	30
4929	setmetatable	30
4930	determine	30
4931	cluanaidh	30
4932	chnòideirt	30
4933	gazelle	30
4934	emit	30
4935	publicationdate	30
4936	fea	30
4937	maxvals	30
4938	morgunbla	30
4939	categorylink	30
4940	dottag	30
4941	sgoilearachd	29
4942	fiosaig	29
4943	tuigse	29
4944	eòlas-leighis	29
4945	fhìor	29
4946	still	29
4947	process	29
4948	preview	29
4949	quotes	29
4950	well	29
4951	maintenance	29
4952	might	29
4953	eideann	29
4954	fhicheadamh	29
4955	feòil	29
4956	colla	29
4957	geamaichean	29
4958	fheum	29
4959	leabhran	29
4960	songs	29
4961	dhèidhinn	29
4962	samhradh	29
4963	run	29
4964	bathar	29
4965	àirneis	29
4966	àrd-ìre	29
4967	luther	29
4968	h-àbhaisteach	29
4969	chruth	29
4970	ìompaireachd	29
4971	cathair-eaglais	29
4972	napier	29
4973	georgia	29
4974	chraoladh	29
4975	ix	29
4976	thalamh	29
4977	bhun-reachd	29
4978	fonn	29
4979	tòiseachaidh	29
4980	canadh	29
4981	dhùthchannan	29
4982	t-slòbhac	29
4983	ce	29
4984	cultair	29
4985	dennis	29
4986	tuit	29
4987	fuilteach	29
4988	àrd-ollamh	29
4989	theodor	29
4990	valley	29
4991	ibidem	29
4992	ceallan	29
4993	houston	29
4994	richmond	29
4995	chloinn	29
4996	lund	29
4997	choileanadh	29
4998	gustaf	29
4999	tennessee	29
5000	missouri	29
5001	toronto	29
5002	watt	29
5003	iùgoslaibhia	29
5004	sloinneadh	29
5005	campa	29
5006	cruz	29
5007	village	29
5008	planaichean	29
5009	agency	29
5010	calder	29
5011	lesser	29
5012	hugo	29
5013	gaoithe	29
5014	chantainn	29
5015	h-eaglais	29
5016	taigh-staile	29
5017	catholicbishops	29
5018	dioceses	29
5019	comhdh	29
5020	easpag	29
5021	caitliceach	29
5022	roc	29
5023	parraist	29
5024	urr	29
5025	muc	29
5026	àrd-thìr	29
5027	coltais	29
5028	h-oidhche	29
5029	tobarandualchais	29
5030	basic	29
5031	makes	29
5032	caorach	29
5033	marc	29
5034	macmhathain	29
5035	thilleadh	29
5036	trevor	29
5037	faireachdainn	29
5038	inbheach	29
5039	sgriosadh	29
5040	mhàirt	29
5041	chaladain	29
5042	cuibhle	29
5043	cymru	29
5044	golden	29
5045	rannan	29
5046	bush	29
5047	poblachdach	29
5048	erfurt	29
5049	ainmear	29
5050	blogspot	29
5051	pagename	29
5052	april	29
5053	bhioctoria	29
5054	sgrìobhainn	29
5055	eindhoven	29
5056	units	29
5057	ràith	29
5058	greatna	29
5059	removed	29
5060	vila	29
5061	uploads	29
5062	meallan	29
5063	hansa	29
5064	pasto	29
5065	apc	29
5066	tica	29
5067	eadar-amail	29
5068	lar	29
5069	uachtarach	29
5070	store	29
5071	mhilano	29
5072	trefynwy	29
5073	direction	29
5074	lviv	29
5075	dic	29
5076	libraryutil	29
5077	fetch	29
5078	categoryhandler	29
5079	pcall	29
5080	validation	29
5081	render	29
5082	remap	29
5083	rendered	29
5084	caractarachd	29
5085	milldoe	29
5086	gaelicchoirs	29
5087	choirs	29
5088	forgannwg	29
5089	mini	29
5090	mbi	29
5091	langobj	29
5092	eaecf	29
5093	trolleybus	29
5094	moshi	29
5095	itemlist	29
5096	cùis	28
5097	fànas	28
5098	later	28
5099	word	28
5100	requested	28
5101	export	28
5102	ignore	28
5103	titles	28
5104	tràithe	28
5105	iù	28
5106	bathair	28
5107	chuairteachadh	28
5108	leòn	28
5109	uidheamaichte	28
5110	bìdh	28
5111	cheannach	28
5112	ioslam	28
5113	knox	28
5114	mhàthar	28
5115	beathach	28
5116	uachdarach	28
5117	dewar	28
5118	theagasg	28
5119	death	28
5120	iòrdan	28
5121	mhòr-thìr	28
5122	buaidhean	28
5123	israel	28
5124	tansainìa	28
5125	aildiria	28
5126	clive	28
5127	fileanta	28
5128	fine	28
5129	aimearaga-laideannach	28
5130	serif	28
5131	chrìosd	28
5132	landn	28
5133	mab	28
5134	marine	28
5135	neach-ealain	28
5136	uisgeachan	28
5137	h-obann	28
5138	dh'fhulaing	28
5139	minnesota	28
5140	carbon	28
5141	dà-ogsaid	28
5142	deuchainnean	28
5143	shiubhal	28
5144	rin	28
5145	male	28
5146	bheagain	28
5147	aramach	28
5148	monarcachd	28
5149	sankt	28
5150	àrd-bhaile	28
5151	ùghdair	28
5152	johan	28
5153	teòthachd	28
5154	caro	28
5155	sagsainn-anhalt	28
5156	darmstadt	28
5157	monaco	28
5158	aaa	28
5159	t-siad	28
5160	tuinisia	28
5161	lac	28
5162	deònach	28
5163	eadar-theangachaidhean	28
5164	socrates	28
5165	fhir	28
5166	olc	28
5167	cabhlach	28
5168	published	28
5169	chùithbeirt	28
5170	baranachdan	28
5171	led	28
5172	mionaidean	28
5173	osman	28
5174	fireannach	28
5175	subpage	28
5176	shlighe	28
5177	walk	28
5178	darwin	28
5179	smaoinich	28
5180	macgriogair	28
5181	welsh	28
5182	sòisealachd	28
5183	tab	28
5184	àitheanta	28
5185	dheireannach	28
5186	thagh	28
5187	hibernian	28
5188	eeeeee	28
5189	pàigheadh	28
5190	chnoc	28
5191	penguin	28
5192	bhuidhnean	28
5193	ginealach	28
5194	tasgaidh	28
5195	esk	28
5196	sgalpaigh	28
5197	chosg	28
5198	balzac	28
5199	cruachan	28
5200	owain	28
5201	whithorn	28
5202	reamhair	28
5203	cruinneachaidhean	28
5204	lexikon	28
5205	co-iomlaideach	28
5206	chrìosta	28
5207	ndash	28
5208	placenamesa-b	28
5209	grannd	28
5210	manual	28
5211	cowdenbeath	28
5212	elpais	28
5213	larousse	28
5214	collapsible	28
5215	eadar-theangair	28
5216	rosario	28
5217	seasmhaiche	28
5218	toirbheartan	28
5219	mure	28
5220	extremadura	28
5221	ext	28
5222	lleras	28
5223	lugo	28
5224	ochtarach	28
5225	reich	28
5226	sseldorf	28
5227	custom	28
5228	leslie	28
5229	aux	28
5230	united-states	28
5231	drèanaidh	28
5232	phadova	28
5233	dumfriesshirecompanion	28
5234	cas-gwent	28
5235	fiold	28
5236	hartebeest	28
5237	reu	28
5238	ceòlraidh	28
5239	ughdarrais	28
5240	citeparams	28
5241	ungur	28
5242	timarit	28
5243	nodes	28
5244	bottas	28
5245	assembleoutput	28
5246	onlysourced	28
5247	mapframe	28
5248	endash	28
5249	wright	27
5250	human	27
5251	anything	27
5252	similar	27
5253	log	27
5254	software	27
5255	including	27
5256	wrapped	27
5257	every	27
5258	fiosaigeach	27
5259	chànanan	27
5260	chainnt	27
5261	dualchasach	27
5262	comharraichte	27
5263	dal	27
5264	bitheanta	27
5265	ceudan	27
5266	mhuile	27
5267	beachdachadh	27
5268	ròc	27
5269	sheinneadair	27
5270	farpaisean	27
5271	thrì	27
5272	chòigeamh	27
5273	buileach	27
5274	cheannachd	27
5275	bulgàiria	27
5276	illustrated	27
5277	frameless	27
5278	cyril	27
5279	vincent	27
5280	colbh	27
5281	muillean	27
5282	tokyo	27
5283	shin	27
5284	eagran	27
5285	mionaideach	27
5286	dheamocrach	27
5287	naimibia	27
5288	àithne	27
5289	ire	27
5290	earl	27
5291	ghrùthain	27
5292	dùbailte	27
5293	fianna	27
5294	rìoghachdan	27
5295	augustus	27
5296	pearù	27
5297	guatamala	27
5298	saale	27
5299	ministearan	27
5300	h-obraichean	27
5301	miann	27
5302	cole	27
5303	co-thàthaidhean	27
5304	chàineadh	27
5305	dheagh	27
5306	ivan	27
5307	rquez	27
5308	sgrìobhas	27
5309	bile	27
5310	sheanair	27
5311	geneva	27
5312	greumach	27
5313	fheachdan	27
5314	factaraidh	27
5315	craoibhe	27
5316	sudan	27
5317	staitistearachd	27
5318	dhualchas	27
5319	chladach	27
5320	encyclop	27
5321	huw	27
5322	cala	27
5323	bhanbh	27
5324	àrd-eaglais	27
5325	chòrd	27
5326	jason	27
5327	glan	27
5328	punnd	27
5329	iarrtas	27
5330	sealg	27
5331	t-suidheachadh	27
5332	mòr-chòrdte	27
5333	baile-mòr	27
5334	bellshill	27
5335	bàsachadh	27
5336	thadhail	27
5337	bothan	27
5338	pòsaidh	27
5339	chòrr	27
5340	dàil	27
5341	charts	27
5342	something	27
5343	tay	27
5344	rìgh-chathair	27
5345	bhuileachadh	27
5346	princeton	27
5347	aachen	27
5348	ullapool	27
5349	valencia	27
5350	shiostam	27
5351	rapunsail	27
5352	bhroinn	27
5353	helsingborg	27
5354	final	27
5355	joan	27
5356	pruise	27
5357	abraham	27
5358	hessen	27
5359	congress	27
5360	aifreann	27
5361	hendrik	27
5362	aliceblue	27
5363	honeydew	27
5364	large	27
5365	female	27
5366	fhògarrach	27
5367	zero	27
5368	success	27
5369	meek	27
5370	rodin	27
5371	dris	27
5372	tional	27
5373	mhàrr	27
5374	nationalencyklopedin	27
5375	reul-eòlaiche	27
5376	santo	27
5377	shagart	27
5378	quatre	27
5379	rathais	27
5380	tulaich	27
5381	artists	27
5382	episode	27
5383	whyte	27
5384	riaghlatais	27
5385	chomraich	27
5386	hook	27
5387	bert	27
5388	mundo	27
5389	municipio	27
5390	sat	27
5391	toponimia	27
5392	cuta	27
5393	ministrealachd	27
5394	ebchecked	27
5395	placenmes	27
5396	joaqu	27
5397	maigh	27
5398	co-dhàimh	27
5399	zo	27
5400	ukr	27
5401	nums	27
5402	isn't	27
5403	mappings	27
5404	extensiontag	27
5405	wikisource	27
5406	commas	27
5407	reformat	27
5408	ghlais-chàrnaich	27
5409	mhùth	27
5410	editicon	27
5411	rikisstjorn	27
5412	sogulegt-efni	27
5413	um-rikisstjorn	27
5414	valuesarray	27
5415	verstappen	27
5416	handlers	27
5417	monsters	27
5418	shapelist	27
5419	reachdail	26
5420	lìon	26
5421	bac	26
5422	complete	26
5423	thus	26
5424	av	26
5425	ip	26
5426	delete	26
5427	load	26
5428	debug	26
5429	contain	26
5430	means	26
5431	contents	26
5432	until	26
5433	directory	26
5434	dealan	26
5435	h-àrd	26
5436	uaislean	26
5437	eucoir	26
5438	bhòrd	26
5439	croitear	26
5440	àtha	26
5441	airmeinia	26
5442	aoidh	26
5443	clemens	26
5444	fionnlagh	26
5445	marcus	26
5446	banrighinn	26
5447	alexandria	26
5448	t-siathamh	26
5449	colonaidh	26
5450	saimbia	26
5451	mòsaimbic	26
5452	lucsamburg	26
5453	argentina	26
5454	hunter	26
5455	marshall	26
5456	come	26
5457	càite	26
5458	h-arabaich	26
5459	rico	26
5460	shealltainn	26
5461	dualchainnt	26
5462	h-ungaire	26
5463	vatican	26
5464	cnuic	26
5465	fu	26
5466	bhealaruis	26
5467	antonescu	26
5468	official	26
5469	mer	26
5470	munich	26
5471	leas-cheannard	26
5472	glenn	26
5473	berg	26
5474	cairo	26
5475	leugh	26
5476	wisconsin	26
5477	fidel	26
5478	a-nuas	26
5479	chnuic	26
5480	peterburg	26
5481	litreachail	26
5482	jacques	26
5483	dheasaiche	26
5484	speactram	26
5485	phrìosanach	26
5486	kansas	26
5487	eastern	26
5488	theguardian	26
5489	corcaigh	26
5490	riksarkivet	26
5491	msu	26
5492	anderson	26
5493	tripoli	26
5494	ìbhri	26
5495	màili	26
5496	nìgeiria	26
5497	eb	26
5498	al-gaddafi	26
5499	sneachd	26
5500	pinilla	26
5501	poets	26
5502	seachdnar	26
5503	còmhlanan	26
5504	eoghain	26
5505	chonaill	26
5506	ghallaibh	26
5507	coineagan	26
5508	phàigh	26
5509	browse	26
5510	mno	26
5511	lid	26
5512	needs	26
5513	càineadh	26
5514	thòiseachadh	26
5515	còmhdaichte	26
5516	deasbaireachd	26
5517	bheilear	26
5518	làraichean	26
5519	ghaillimh	26
5520	b'urrainn	26
5521	elections	26
5522	board	26
5523	h-ùine	26
5524	fàsaidh	26
5525	cuimhneachan	26
5526	johnstone	26
5527	silver	26
5528	rennie	26
5529	wolfgang	26
5530	od	26
5531	caesar	26
5532	haiti	26
5533	llorona	26
5534	h-àiteachan	26
5535	shrath	26
5536	alberto	26
5537	acras	26
5538	gera	26
5539	leagail	26
5540	clach-ghainmhich	26
5541	blàth	26
5542	chraobh	26
5543	ionann	26
5544	arc	26
5545	blàithe	26
5546	china	26
5547	chluba	26
5548	pmatrix	26
5549	teòirim	26
5550	bhaltach	26
5551	sobhiataich	26
5552	suidhiche	26
5553	archives	26
5554	domhainneachd	26
5555	duibh	26
5556	hintergrundfarbe	26
5557	pharraist	26
5558	luchd-taghaidh	26
5559	bhus	26
5560	ruth	26
5561	cumbia	26
5562	fearrann	26
5563	envigado	26
5564	trujillo	26
5565	geni	26
5566	nuestromunicipio	26
5567	uachdaranach	26
5568	holgu	26
5569	cho-chaidreachais	26
5570	yo	26
5571	leonard	26
5572	teruel	26
5573	polish	26
5574	pfer	26
5575	swiss-government-politics	26
5576	all-about-switzerland	26
5577	swiss-federal-states-cantons	26
5578	tilburg	26
5579	dardais	26
5580	assume	26
5581	inside	26
5582	dinbych	26
5583	amain	26
5584	alcelaphus	26
5585	citeref	26
5586	gorseinon	26
5587	sson	26
5588	hlist	26
5589	rankpos	26
5590	qualid	26
5591	osti	26
5592	shapepos	26
5593	sgillinn	25
5594	chruinne	25
5595	translated	25
5596	allows	25
5597	even	25
5598	created	25
5599	users	25
5600	changes	25
5601	font	25
5602	star	25
5603	making	25
5604	dhealbhadh	25
5605	fògarraich	25
5606	cumhachdail	25
5607	co-obrachadh	25
5608	ceàrr	25
5609	tòisich	25
5610	gearastan	25
5611	sorleymaclean	25
5612	bhàird	25
5613	beus	25
5614	cromadh	25
5615	clàrsaich	25
5616	lèirsinn	25
5617	flùraichean	25
5618	sgrìobhainnean	25
5619	coimpiutaireachd	25
5620	greater	25
5621	margadh	25
5622	bò	25
5623	chuala	25
5624	dhiùcachd	25
5625	um	25
5626	cuide	25
5627	crìsdean	25
5628	earth	25
5629	ran	25
5630	cuach	25
5631	tuil	25
5632	muslamach	25
5633	briathrachais	25
5634	uganda	25
5635	ramsay	25
5636	neagrach	25
5637	shiar	25
5638	ceangailtean	25
5639	australia	25
5640	duilich	25
5641	cuin	25
5642	muslamaich	25
5643	ki	25
5644	magyar	25
5645	prìomh-oifis	25
5646	hann	25
5647	mheadhanaich	25
5648	winter	25
5649	fhrangach	25
5650	theusais	25
5651	leann	25
5652	salamanca	25
5653	yale	25
5654	quebec	25
5655	salainn	25
5656	fuil	25
5657	gobha	25
5658	sheet	25
5659	napoli	25
5660	thosgair	25
5661	faotainn	25
5662	fhìn	25
5663	sloibhìnia	25
5664	herald	25
5665	còiseam	25
5666	choluim	25
5667	ececec	25
5668	eee	25
5669	tenerife	25
5670	poileas	25
5671	iomall-fairge	25
5672	blica	25
5673	thuiteam	25
5674	arauca	25
5675	texts	25
5676	leughaidh	25
5677	loisgte	25
5678	nota	25
5679	revolution	25
5680	chor	25
5681	facts	25
5682	sgapadh	25
5683	salmond	25
5684	dual-chainntean	25
5685	orains	25
5686	fhasa	25
5687	lighthouse	25
5688	dhachaidh	25
5689	kelly	25
5690	late	25
5691	chorcaigh	25
5692	bìoball	25
5693	dhut	25
5694	rabhadh	25
5695	bhàrr	25
5696	dùnadh	25
5697	co-shìnte	25
5698	sid	25
5699	hannah	25
5700	armailteach	25
5701	pheantair	25
5702	falt	25
5703	croise	25
5704	luibh	25
5705	phrògraman	25
5706	lionn	25
5707	taca	25
5708	gainmheach	25
5709	ronaldinho	25
5710	felipe	25
5711	luchd-coiseachd	25
5712	luaths	25
5713	adhbharachadh	25
5714	battle	25
5715	luchd-siubhail	25
5716	neach-naidheachd	25
5717	t-earrach	25
5718	love	25
5719	naill	25
5720	frauenkirche	25
5721	dòmhnaill	25
5722	canàl	25
5723	sheat	25
5724	samoa	25
5725	chìsean	25
5726	fail	25
5727	sum	25
5728	guernsey	25
5729	harbour	25
5730	camshron	25
5731	chlò	25
5732	h-ameireaganaich	25
5733	internacional	25
5734	cheannas	25
5735	catholic	25
5736	hotel	25
5737	ignacio	25
5738	phòsaidh	25
5739	network	25
5740	saidh	25
5741	stàitire	25
5742	msson	25
5743	t-iar-leasachan	25
5744	laga	25
5745	dunbar	25
5746	usual	25
5747	airlines	25
5748	estate	25
5749	programas	25
5750	distancia	25
5751	capitales	25
5752	cathaireil	25
5753	vallejo	25
5754	rosa	25
5755	arag	25
5756	marta	25
5757	oca	25
5758	ver	25
5759	albacete	25
5760	lleida	25
5761	bermeo	25
5762	attempt	25
5763	iterate	25
5764	concatenated	25
5765	safe	25
5766	titletype	25
5767	prefixes	25
5768	aidheon	25
5769	watkins	25
5770	llewellyn	25
5771	sortkey	25
5772	init	25
5773	nesc	25
5774	soviethistory	25
5775	trackingcat	25
5776	united-kingdom	24
5777	leasachaidhean	24
5778	open	24
5779	documentation	24
5780	gerhard	24
5781	back	24
5782	yet	24
5783	direct	24
5784	fill	24
5785	tip	24
5786	fields	24
5787	filename	24
5788	rendering	24
5789	carbad	24
5790	chrìon	24
5791	fuaimreagan	24
5792	deighe	24
5793	mathaid	24
5794	bhràithrean	24
5795	ùrnaigh	24
5796	foghar	24
5797	fliuch	24
5798	fhearr	24
5799	teagamh	24
5800	ceart-cheàrnach	24
5801	tuigsinn	24
5802	leanadh	24
5803	buain	24
5804	sguir	24
5805	suain	24
5806	siria	24
5807	artair	24
5808	tonypandy	24
5809	ali	24
5810	july	24
5811	filipineach	24
5812	masadoinia	24
5813	eòrpaich	24
5814	kentucky	24
5815	guinea	24
5816	grey	24
5817	cook	24
5818	caitligich	24
5819	ailseabra	24
5820	quechua	24
5821	croàisia	24
5822	ef	24
5823	abairtean	24
5824	eiseimpleir	24
5825	laitbhe	24
5826	ìochdarach	24
5827	sinnsearan	24
5828	cunnartach	24
5829	zur	24
5830	enrique	24
5831	gustav	24
5832	nicolae	24
5833	iadhtag	24
5834	bae	24
5835	nìgeir	24
5836	cinn-suidhe	24
5837	shealainn	24
5838	thionnsgail	24
5839	nàsachd	24
5840	arizona	24
5841	kiel	24
5842	kennedy	24
5843	nature	24
5844	phearsanta	24
5845	stanford	24
5846	dna	24
5847	chabhlach	24
5848	chuideachadh	24
5849	phrinceton	24
5850	macfhionghain	24
5851	iongantach	24
5852	paras	24
5853	oscar	24
5854	taigh-cluiche	24
5855	mind	24
5856	kingston	24
5857	nevada	24
5858	innis-mhuir	24
5859	foillsichear	24
5860	bhriseadh	24
5861	lùghdachadh	24
5862	fhadalaiche	24
5863	leòmhann	24
5864	camarun	24
5865	figures	24
5866	co-sheòrsach	24
5867	magdalena	24
5868	sgeul-beatha	24
5869	seòrsachan	24
5870	buinidh	24
5871	puirt	24
5872	orkney	24
5873	cheithir	24
5874	sutherland	24
5875	alamhagh	24
5876	t-àrd	24
5877	ngall	24
5878	histpop	24
5879	ohpr	24
5880	pagebrowser	24
5881	tocstate	24
5882	expandnew	24
5883	pagetitles	24
5884	pageseq	24
5885	first-nonblank	24
5886	beatles	24
5887	sgian	24
5888	plèanaichean	24
5889	nathan	24
5890	mandela	24
5891	tiotalan	24
5892	gheamhraidh	24
5893	xii	24
5894	càch	24
5895	gheal	24
5896	looks	24
5897	four	24
5898	dhail	24
5899	earraich	24
5900	dhomh	24
5901	sgeulan	24
5902	rìbhinn	24
5903	casg	24
5904	togalaich	24
5905	age	24
5906	diathan	24
5907	seanair	24
5908	guy	24
5909	chupa	24
5910	snàmh	24
5911	disathairne	24
5912	dihaoine	24
5913	dith	24
5914	chuideam	24
5915	neach-malairt	24
5916	strìopaichean	24
5917	càrnan	24
5918	ite	24
5919	folk	24
5920	shevchenko	24
5921	pmid	24
5922	cairtbheilis	24
5923	lenin	24
5924	zoo	24
5925	tràghad	24
5926	eòlas-nàdair	24
5927	maorach	24
5928	waterloo	24
5929	frith-thaghadh	24
5930	horne	24
5931	waverley	24
5932	wayne	24
5933	salvador	24
5934	parker	24
5935	tower	24
5936	obando	24
5937	phoblaich	24
5938	cùirtean	24
5939	t-sneachd	24
5940	gath	24
5941	bearsden	24
5942	hemisphere	24
5943	sar	24
5944	càraideach	24
5945	dnipro	24
5946	danny	24
5947	còd	24
5948	ehir	24
5949	cho-chomharran	24
5950	townfirst	24
5951	labhraiche	24
5952	heritage	24
5953	tannara	24
5954	nirribhis	24
5955	command	24
5956	stob	24
5957	margin-bottom	24
5958	dubhthaich	24
5959	shreap	24
5960	danmarks	24
5961	eid	24
5962	ocus	24
5963	roderick	24
5964	arr	24
5965	contactid	24
5966	funcname	24
5967	postfix	24
5968	caerllion	24
5969	màm	24
5970	adds	24
5971	followed	24
5972	attribute	24
5973	thearc	24
5974	knap	24
5975	pugh	24
5976	alun	24
5977	candy	24
5978	getlabel	24
5979	wormald	24
5980	benediktsson	24
5981	getvalue	24
5982	data-sort-type	24
5983	ionar	24
5984	the-end-of-the-soviet-union	24
5985	the-end-of-the-soviet-union-texts	24
5986	ukrainian-independence-declaration	24
5987	geomask	24
5988	bun-reachdail	23
5989	itean	23
5990	uploaded	23
5991	coise	23
5992	important	23
5993	directly	23
5994	suggestions	23
5995	ainmhidhean	23
5996	random	23
5997	often	23
5998	prevent	23
5999	writing	23
6000	syntax	23
6001	horizontal	23
6002	least	23
6003	staid	23
6004	mèinnearachd	23
6005	dàta	23
6006	fraser	23
6007	dùin	23
6008	co-fharpaisean	23
6009	pearsa	23
6010	casaidean	23
6011	ealanta	23
6012	ghnè	23
6013	laidinn	23
6014	leam	23
6015	luachmhor	23
6016	inntrigeadh	23
6017	birlinn	23
6018	bheathaichean	23
6019	rèitich	23
6020	èiginn	23
6021	asarbaideàn	23
6022	stirling	23
6023	aonghus	23
6024	crìstean	23
6025	coirea	23
6026	leabanon	23
6027	mòr-dhàil	23
6028	aindeoin	23
6029	botsuana	23
6030	sciences	23
6031	ionnsachaidh	23
6032	taoiseach	23
6033	astràilianach	23
6034	andorra	23
6035	je	23
6036	t-sòrbais	23
6037	elbe	23
6038	reykjavik	23
6039	borgarsv	23
6040	ceau	23
6041	afrikaans	23
6042	ghearmaineach	23
6043	june	23
6044	nelson	23
6045	haidridean	23
6046	uranium	23
6047	dh'innlich	23
6048	cholumbia	23
6049	robinson	23
6050	carolina	23
6051	bith-eòlaiche	23
6052	chrùn	23
6053	ùig	23
6054	neònach	23
6055	connecticut	23
6056	magnus	23
6057	springs	23
6058	bismarck	23
6059	dh'atharrachadh	23
6060	daily	23
6061	development	23
6062	charlie	23
6063	phiuthar	23
6064	mhaol	23
6065	ucc	23
6066	chailleann	23
6067	african	23
6068	army	23
6069	mì-laghail	23
6070	indias	23
6071	phìos	23
6072	chuspairean	23
6073	steach	23
6074	irge	23
6075	niccoinnich	23
6076	civilparish	23
6077	fuseaction	23
6078	toglaichean	23
6079	palastain	23
6080	carter	23
6081	sgeirean	23
6082	nàimhdean	23
6083	dheirg	23
6084	òirleach	23
6085	robasdan	23
6086	lo	23
6087	por	23
6088	saillte	23
6089	ullachadh	23
6090	ùrachadh	23
6091	fhalbh	23
6092	roinn-phàrlamaid	23
6093	cairistìona	23
6094	earra-ghaidheal	23
6095	sandra	23
6096	mhearnaig	23
6097	nèill	23
6098	nasa	23
6099	ok	23
6100	welcome	23
6101	fireannaich	23
6102	cuirp	23
6103	garadh	23
6104	bidean	23
6105	hong	23
6106	robbie	23
6107	ghearradh	23
6108	sheets	23
6109	physics	23
6110	dh'fhàgadh	23
6111	saor-thoileach	23
6112	aithisg	23
6113	bodach	23
6114	camargo	23
6115	maighstir	23
6116	siùcar	23
6117	pont	23
6118	teachdaire	23
6119	fhèill	23
6120	t-urramach	23
6121	càr	23
6122	copar	23
6123	whitesmoke	23
6124	crith-thalmhainn	23
6125	turner	23
6126	ifan	23
6127	anders	23
6128	chatalòinia	23
6129	faisge	23
6130	fiaradh	23
6131	collection	23
6132	stranraer	23
6133	malm	23
6134	beàrnaraigh	23
6135	bhàigh	23
6136	borg	23
6137	pieter	23
6138	jon	23
6139	tuik	23
6140	entities	23
6141	fheadarail	23
6142	dìona	23
6143	gallinago	23
6144	dhùghlais	23
6145	wickerman	23
6146	presidents	23
6147	processing	23
6148	diz	23
6149	anglesey	23
6150	stòr	23
6151	crofters	23
6152	opara	23
6153	munro	23
6154	diccionario	23
6155	gustavo	23
6156	timi	23
6157	zip	23
6158	bil	23
6159	stephens	23
6160	specify	23
6161	marguments	23
6162	tabletools	23
6163	eds	23
6164	rsa	23
6165	brackets	23
6166	trailing	23
6167	checking	23
6168	byte	23
6169	name-list-style	23
6170	setting	23
6171	disp	23
6172	kvartals	23
6173	och-halvarsstatistik	23
6174	neasc	23
6175	musicbrainz	23
6176	iorgu	23
6177	iordan	23
6178	onomastic	23
6179	commonssitelink	23
6180	suidhe	22
6181	bhun	22
6182	cumaidhean	22
6183	aonachadh	22
6184	necessary	22
6185	currently	22
6186	sure	22
6187	correct	22
6188	hu	22
6189	past	22
6190	terms	22
6191	avoid	22
6192	reason	22
6193	looking	22
6194	lines	22
6195	tairgse	22
6196	ghàidheal	22
6197	maoineachadh	22
6198	fuaimreag	22
6199	ghlèidh	22
6200	mill	22
6201	mhòid	22
6202	ro-eachdraidheil	22
6203	oisean	22
6204	tìm	22
6205	tuairisgeul	22
6206	drumaichean	22
6207	phàislig	22
6208	ridseard	22
6209	crìosdaidh	22
6210	sheasamh	22
6211	cailean	22
6212	shakespeare	22
6213	peace	22
6214	boyd	22
6215	gaelic-english	22
6216	earball	22
6217	sònrachadh	22
6218	jeremy	22
6219	butler	22
6220	ro-ràdh	22
6221	buannaichean	22
6222	economic	22
6223	pageid	22
6224	liechtenstein	22
6225	basel	22
6226	duke	22
6227	toir	22
6228	fiadhaich	22
6229	che	22
6230	gnothaich	22
6231	bhuntàta	22
6232	milis	22
6233	t-seachdamh	22
6234	pòlach	22
6235	prùise	22
6236	uile-losgadh	22
6237	escu	22
6238	dhìomhair	22
6239	six	22
6240	deigh	22
6241	dhoirbh	22
6242	werner	22
6243	rannsachaidhean	22
6244	moileciuilean	22
6245	textes	22
6246	chreid	22
6247	sheffield	22
6248	teicnigeach	22
6249	irvine	22
6250	alice	22
6251	bheachdan	22
6252	thràilleachd	22
6253	chrombaidh	22
6254	cadal	22
6255	dall	22
6256	mheas	22
6257	saga	22
6258	dealbh-chluich	22
6259	shaw	22
6260	uidh	22
6261	alasca	22
6262	co-fhlaitheas	22
6263	biblioteca	22
6264	deachdaireachd	22
6265	ana	22
6266	christine	22
6267	nova	22
6268	vor	22
6269	worldcat	22
6270	est	22
6271	canaria	22
6272	seanagal	22
6273	ae	22
6274	gini-nuadh	22
6275	during	22
6276	plèana	22
6277	deicheadan	22
6278	barranquilla	22
6279	sile	22
6280	dhealbhaich	22
6281	dh'fhuireach	22
6282	ùrlar	22
6283	dèanar	22
6284	chataibh	22
6285	burn	22
6286	dòrnach	22
6287	atharraichean	22
6288	comitatus	22
6289	irishtimes	22
6290	ancestor	22
6291	fuses	22
6292	getmap	22
6293	citycounty	22
6294	ford	22
6295	clàraidhean	22
6296	creutair	22
6297	farm	22
6298	foirm	22
6299	cobhair	22
6300	falach	22
6301	xvi	22
6302	leathad	22
6303	itealain	22
6304	luaidh	22
6305	yousaf	22
6306	ghiùthsaich	22
6307	faoghla	22
6308	separate	22
6309	enable	22
6310	ath-nuadhachail	22
6311	cuimhneachadh	22
6312	tasglann	22
6313	tìde	22
6314	macasgaill	22
6315	chryston	22
6316	armstrong	22
6317	tudor	22
6318	eystra	22
6319	countries	22
6320	cities	22
6321	chlàraich	22
6322	gin	22
6323	mnà	22
6324	ghuth	22
6325	taibhse	22
6326	ghèill	22
6327	hopkins	22
6328	dhiùltadh	22
6329	chorp	22
6330	lìg	22
6331	sgiath	22
6332	deirdre	22
6333	buinn	22
6334	ealan	22
6335	mheall	22
6336	phoenicianach	22
6337	berry	22
6338	sgire	22
6339	mhorair	22
6340	artikel	22
6341	fleming	22
6342	geography	22
6343	chaol	22
6344	negative	22
6345	romansach	22
6346	bhictòria	22
6347	bhuain	22
6348	degree	22
6349	rosain	22
6350	aonadh-ciùird	22
6351	tana	22
6352	gabhar	22
6353	ciùird	22
6354	giovanni	22
6355	armadillo	22
6356	iòrdain	22
6357	bhuidhinn	22
6358	ath-nuadhachadh	22
6359	phlèanaichean	22
6360	steafain	22
6361	fhilmichean	22
6362	rhein	22
6363	shanghai	22
6364	bhall-liosta	22
6365	mac-talla	22
6366	constable	22
6367	cluba	22
6368	nigel	22
6369	helen	22
6370	eaglaise	22
6371	plus	22
6372	luchd-tadhail	22
6373	ruigear	22
6374	hunndaidh	22
6375	ceann-feadhna	22
6376	iompaireachd	22
6377	norte	22
6378	locations	22
6379	mhòr-dhàil	22
6380	conditions	22
6381	hold	22
6382	eòlaiche-fiosaig	22
6383	unique	22
6384	orasaigh	22
6385	ili	22
6386	worldatlas	22
6387	webimage	22
6388	countrys	22
6389	namerica	22
6390	usstates	22
6391	ordnance	22
6392	bhealach	22
6393	t-àth	22
6394	placenamesc-e	22
6395	unsortable	22
6396	factor	22
6397	moor	22
6398	badajoz	22
6399	dheànamh	22
6400	newtown	22
6401	pumarejo	22
6402	zamora	22
6403	phàp	22
6404	stafainn	22
6405	hopper	22
6406	levels	22
6407	increment	22
6408	rhodri	22
6409	sets	22
6410	ghiubhais	22
6411	pahari	22
6412	cholchester	22
6413	redundant	22
6414	detected	22
6415	step	22
6416	duplicate	22
6417	blaenau	22
6418	wyddgrug	22
6419	bhealaich	22
6420	bowen	22
6421	sgian-dubh	22
6422	wikilinks	22
6423	indicator	22
6424	colon	22
6425	script-title	22
6426	hyphens	22
6427	vauthors	22
6428	extraneous	22
6429	aled	22
6430	qids	22
6431	hafstein	22
6432	labelorid	22
6433	auxcats	22
6434	noflip	22
6435	splititem	22
6436	football	21
6437	tomad	21
6438	cannot	21
6439	ve	21
6440	fish	21
6441	further	21
6442	header	21
6443	cache	21
6444	ghnìomhachas	21
6445	uidheam	21
6446	oi	21
6447	aonachain	21
6448	iall	21
6449	clubaichean	21
6450	mì-fhortanach	21
6451	teacsaichean	21
6452	beartas	21
6453	hallaig	21
6454	tuathanasan	21
6455	àireamhachd	21
6456	chòig	21
6457	covid	21
6458	programmes	21
6459	troimh	21
6460	dem	21
6461	ceistean	21
6462	amasan	21
6463	boff	21
6464	ghiùlan	21
6465	cu	21
6466	ionmhasail	21
6467	agam	21
6468	chas	21
6469	ficsean	21
6470	comainn	21
6471	brìghde	21
6472	eithne	21
6473	lann-cluiche	21
6474	dave	21
6475	martyn	21
6476	less	21
6477	julius	21
6478	pitt	21
6479	keir	21
6480	fisher	21
6481	gheall	21
6482	bhuapa	21
6483	foghlaimte	21
6484	keep	21
6485	neartachadh	21
6486	sachsen	21
6487	kjordaemi	21
6488	um-kjordaemi	21
6489	h-eachdraidheil	21
6490	suaineach	21
6491	dhìteadh	21
6492	taigh-gnìomhachais	21
6493	tree	21
6494	ani	21
6495	karlsruhe	21
6496	caitheamh	21
6497	freiburg	21
6498	leeds	21
6499	beach	21
6500	cleveland	21
6501	rowland	21
6502	cinnt	21
6503	iomraiteach	21
6504	fèidh	21
6505	ùghdaran	21
6506	cheumnaich	21
6507	bhoston	21
6508	fhad's	21
6509	chosnadh	21
6510	territories	21
6511	pe	21
6512	fulang	21
6513	clara	21
6514	han	21
6515	searbhag	21
6516	gheàrr	21
6517	indonesia	21
6518	armaichte	21
6519	ruiseanaich	21
6520	prìs	21
6521	kong	21
6522	teudan	21
6523	cromba	21
6524	ged-tà	21
6525	machrach	21
6526	bheastraigh	21
6527	chleasaiche	21
6528	cenus	21
6529	fiolmaichean	21
6530	fhiolm	21
6531	rolling	21
6532	t-siubhail	21
6533	thompson	21
6534	xiv	21
6535	janeiro	21
6536	ghaoth	21
6537	gunnaichean	21
6538	cilemeatairean	21
6539	bennett	21
6540	duilgheadasan	21
6541	it's	21
6542	blog	21
6543	sùla	21
6544	seann-ainm	21
6545	fox	21
6546	wishaw	21
6547	moireasdan	21
6548	nad	21
6549	bunaichte	21
6550	wagner	21
6551	minas	21
6552	dùghlas	21
6553	can't	21
6554	summer	21
6555	kahlo	21
6556	thionndadh	21
6557	etruscanach	21
6558	creach	21
6559	television	21
6560	noticia	21
6561	venezia	21
6562	iulius	21
6563	phlàigh	21
6564	aiseal	21
6565	cùise	21
6566	aibhne	21
6567	roinne-eòrpa	21
6568	mìrean	21
6569	bùthan	21
6570	ops	21
6571	alain	21
6572	robin	21
6573	saints	21
6574	abu	21
6575	beauly	21
6576	herr	21
6577	asamais	21
6578	fawr	21
6579	rèabhlaideach	21
6580	fìon	21
6581	halen	21
6582	churches	21
6583	arch	21
6584	gotach	21
6585	indian	21
6586	wild	21
6587	sèimheachadh	21
6588	muc-mhara	21
6589	front	21
6590	chearcaill	21
6591	stoc	21
6592	mailèiria	21
6593	chuairtich	21
6594	bancair	21
6595	theab	21
6596	russia	21
6597	force	21
6598	pentre	21
6599	szczecin	21
6600	canaigh	21
6601	h-iùdhaich	21
6602	geoimeatras	21
6603	chailleadh	21
6604	laoidhean	21
6605	fheachd	21
6606	too	21
6607	bohemia	21
6608	mhicleòid	21
6609	meatairean	21
6610	dhùthchail	21
6611	bailiwick	21
6612	tugadh	21
6613	iupac	21
6614	loidhne-rèile	21
6615	axis	21
6616	fhànas	21
6617	minginis	21
6618	travel	21
6619	niùclasan	21
6620	paidhleat	21
6621	andrews	21
6622	cne-siar	21
6623	stroke	21
6624	almer	21
6625	bhall-pàrlamaid	21
6626	h-àrainneachd	21
6627	t-urr	21
6628	publication	21
6629	meastach	21
6630	recensement	21
6631	lanzarote	21
6632	ume	21
6633	cumnaig	21
6634	factfinder	21
6635	business	21
6636	bainnse	21
6637	komi	21
6638	steidhich	21
6639	torthorwald	21
6640	banrìghinn	21
6641	personal	21
6642	zum	21
6643	cùl-cinn	21
6644	rioja	21
6645	bhaidhearn	21
6646	aberteifi	21
6647	emlyn	21
6648	colwyn	21
6649	portmeirion	21
6650	claire	21
6651	poltava	21
6652	cluain	21
6653	libris	21
6654	sgìre-phàrlamaid	21
6655	payne	21
6656	muckle	21
6657	proper	21
6658	strict	21
6659	attributes	21
6660	prestatyn	21
6661	cuilags	21
6662	namelist	21
6663	transtitle	21
6664	systems	21
6665	gwilym	21
6666	helarsstatistik	21
6667	magn	21
6668	conv	21
6669	noop	21
6670	shortname	21
6671	parsedformat	21
6672	onlysrc	21
6673	gnìomhan	20
6674	cos	20
6675	teis-meadhan	20
6676	matamataigeach	20
6677	ci	20
6678	things	20
6679	probably	20
6680	know	20
6681	checked	20
6682	sorted	20
6683	subpages	20
6684	gnìomhair	20
6685	caileag	20
6686	luing	20
6687	dhruim	20
6688	t-sìde	20
6689	roinntean	20
6690	t-ollamh	20
6691	chòmhlan-ciùil	20
6692	dìth	20
6693	do'n	20
6694	leanaidh	20
6695	bun-bheachd	20
6696	bingen	20
6697	cosnadh	20
6698	greugaich	20
6699	thràth	20
6700	aithnichear	20
6701	dh'aithnich	20
6702	sloc	20
6703	bhoireannaich	20
6704	iongnadh	20
6705	fionnlannais	20
6706	ainneamh	20
6707	oighre	20
6708	cervantes	20
6709	barbara	20
6710	friseal	20
6711	madadh	20
6712	mata	20
6713	banks	20
6714	èibhinn	20
6715	chuirp	20
6716	aimhreit	20
6717	geamhradh	20
6718	emil	20
6719	bulgàiris	20
6720	alec	20
6721	breatannais	20
6722	oile	20
6723	ainm-àite	20
6724	sanas	20
6725	nica	20
6726	làithreach	20
6727	t-seirbheis	20
6728	segovia	20
6729	niger	20
6730	lyon	20
6731	kurt	20
6732	sur	20
6733	aaron	20
6734	sìde	20
6735	colorado	20
6736	cabar	20
6737	draoidheachd	20
6738	àitean	20
6739	ciste	20
6740	biografia	20
6741	silesia	20
6742	leabharlainn	20
6743	drama	20
6744	bhàgh	20
6745	saul	20
6746	milano	20
6747	charlotte	20
6748	tìrean-imrich	20
6749	queen	20
6750	mòr-roinne	20
6751	colpos	20
6752	uilleim	20
6753	sìor	20
6754	meudachadh	20
6755	potasium	20
6756	leighis	20
6757	rex	20
6758	dab	20
6759	dhaibhidh	20
6760	chlas-obrach	20
6761	pretoria	20
6762	sailm	20
6763	histoire	20
6764	pass	20
6765	tiempo	20
6766	fern	20
6767	usgs	20
6768	pizarro	20
6769	chaitheamh	20
6770	chlàrsach	20
6771	chionn's	20
6772	tuineachaidhean	20
6773	ilidh	20
6774	tunga	20
6775	fhìobha	20
6776	fhuarain	20
6777	fhosgail	20
6778	wigtown	20
6779	september	20
6780	chòmhlain	20
6781	cabhsair	20
6782	fhaotainn	20
6783	aodann	20
6784	linda	20
6785	gà	20
6786	gae	20
6787	murad	20
6788	bhuil	20
6789	chreag	20
6790	nàdarrach	20
6791	saora	20
6792	sreathan	20
6793	thachartasan	20
6794	humza	20
6795	huesca	20
6796	ring	20
6797	around	20
6798	deichnear	20
6799	compton	20
6800	fìne	20
6801	bhàta	20
6802	seen	20
6803	leasbach	20
6804	innleachd	20
6805	rangachadh	20
6806	corporra	20
6807	freagairt	20
6808	teis-mheadhan	20
6809	gràin	20
6810	thighearna	20
6811	garden	20
6812	ùmhlachd	20
6813	gaoth	20
6814	ralph	20
6815	bhànrigh	20
6816	clò-bhualadh	20
6817	falco	20
6818	àrasaig	20
6819	print	20
6820	bhlàth	20
6821	shlàinte	20
6822	thaisbeanadh	20
6823	light	20
6824	holodomor	20
6825	bce	20
6826	h-innse	20
6827	soitheach	20
6828	abba	20
6829	acarsaid	20
6830	bello	20
6831	torrach	20
6832	broinne	20
6833	nation	20
6834	fraoch	20
6835	mehmed	20
6836	t-airgead	20
6837	dos	20
6838	marker	20
6839	bhualadh	20
6840	mallarino	20
6841	griogarach	20
6842	teisteanas	20
6843	peighinn	20
6844	alistair	20
6845	irisean	20
6846	forsa	20
6847	tulach	20
6848	abbey	20
6849	monreith	20
6850	ppen-geiger	20
6851	fìor-àireamhan	20
6852	ille	20
6853	urchaidh	20
6854	ionnsaich	20
6855	katz	20
6856	cbda	20
6857	georges	20
6858	cdot	20
6859	phrìobhaideach	20
6860	ussr	20
6861	nassau	20
6862	bonifacio	20
6863	revistas	20
6864	cadha	20
6865	rèisean	20
6866	largs	20
6867	adainn	20
6868	percy	20
6869	aut	20
6870	cove	20
6871	kirkcudbright	20
6872	placenamesf-j	20
6873	oifigearan	20
6874	faire	20
6875	sand	20
6876	toro	20
6877	til	20
6878	dh'àird	20
6879	spiegel	20
6880	annie	20
6881	cho-chruinneachadh	20
6882	teallach	20
6883	jules	20
6884	murphy	20
6885	lucha	20
6886	atharraidhean	20
6887	urchadain	20
6888	raidigeach	20
6889	inter	20
6890	sruthaidh	20
6891	suirbhidh	20
6892	murillo	20
6893	castillo	20
6894	eduardo	20
6895	elmundo	20
6896	eglwys	20
6897	logic	20
6898	lille	20
6899	oara	20
6900	alacant	20
6901	tarragona	20
6902	kraj	20
6903	appenzell	20
6904	reformation	20
6905	identity	20
6906	norris	20
6907	stèisean-cumhachd	20
6908	groningen	20
6909	gwent	20
6910	contribution	20
6911	buffer	20
6912	getcontentlanguage	20
6913	formatdate	20
6914	detect	20
6915	lazily	20
6916	demospace	20
6917	positive	20
6918	aberpennar	20
6919	ddu	20
6920	symbol	20
6921	fisherfield	20
6922	gazella	20
6923	subscription	20
6924	decode	20
6925	transcript	20
6926	deutsche-schutzgebiete	20
6927	gheorghe	20
6928	ivor	20
6929	sgìrean-riaghlaidh	20
6930	norstedt	20
6931	errns	20
6932	qualifierid	20
6933	rowformat	20
6934	lksins	20
6935	samfylkingin	20
6936	caibineitean	20
6937	valtteri	20
6938	itemcheck	20
6939	attribs	20
6940	maskitem	20
6941	h-iomlan	19
6942	poilitigs	19
6943	riaghail	19
6944	administrators	19
6945	speech	19
6946	never	19
6947	sources	19
6948	usually	19
6949	usage	19
6950	formula	19
6951	seirbhisean	19
6952	a-nall	19
6953	feur	19
6954	faoilteach	19
6955	pàircean	19
6956	cuaraidh	19
6957	shuidhich	19
6958	gilb	19
6959	phàipear	19
6960	macdhiarmaid	19
6961	teachdaireachd	19
6962	mise	19
6963	mothachail	19
6964	susbaint	19
6965	eu-coltach	19
6966	croitean	19
6967	goillspidh	19
6968	pàganach	19
6969	dealanach	19
6970	gidheadh	19
6971	tombaca	19
6972	bhalach	19
6973	eagalach	19
6974	measgaichte	19
6975	ankara	19
6976	henares	19
6977	ban-rìgh	19
6978	cathal	19
6979	gen	19
6980	hibs	19
6981	arnold	19
6982	clare	19
6983	julie	19
6984	steafan	19
6985	sluaghan	19
6986	award	19
6987	bangladais	19
6988	malabhaidh	19
6989	siombabue	19
6990	berne	19
6991	polo	19
6992	cuigseach	19
6993	derby	19
6994	balfour	19
6995	churchill	19
6996	raghnaill	19
6997	argamaid	19
6998	nel	19
6999	marino	19
7000	non	19
7001	sìtheil	19
7002	stoirm	19
7003	papa	19
7004	uruguaidh	19
7005	microsoft	19
7006	choltach	19
7007	saud-aràibia	19
7008	fhianais	19
7009	viking	19
7010	tràighean	19
7011	ice	19
7012	bhoireann	19
7013	pan	19
7014	hler	19
7015	henri	19
7016	ric	19
7017	liverpool	19
7018	gilbert	19
7019	ferdinand	19
7020	chùmhnant	19
7021	shàbhaladh	19
7022	eachdraidh-beatha	19
7023	planck	19
7024	ahmed	19
7025	iowa	19
7026	dh'eileanan	19
7027	abair	19
7028	adhartas	19
7029	sionnach	19
7030	bròn	19
7031	vargas	19
7032	movie	19
7033	svensk	19
7034	còmhradh	19
7035	nice	19
7036	bhuidhne	19
7037	galicia	19
7038	ùpraid	19
7039	claude	19
7040	johannesburg	19
7041	palmas	19
7042	macaonghais	19
7043	èireannaich	19
7044	neach-saidheans	19
7045	viktor	19
7046	southern	19
7047	moratainia	19
7048	jakarta	19
7049	dùbhlanach	19
7050	chòmhstri	19
7051	co-theacsa	19
7052	putumayo	19
7053	verde	19
7054	feallsanach	19
7055	archibald	19
7056	laighean	19
7057	labhdair	19
7058	adams	19
7059	bige	19
7060	zeppelin	19
7061	song	19
7062	briog	19
7063	luchd-teagaisg	19
7064	gunna	19
7065	henderson	19
7066	catharra	19
7067	feòil-itheach	19
7068	islam	19
7069	coltaiche	19
7070	grunnd	19
7071	feurach	19
7072	chridhe	19
7073	cùil	19
7074	feitheamh	19
7075	seòladairean	19
7076	co-bhanntachd	19
7077	harper	19
7078	vestra	19
7079	vesturland	19
7080	luimneach	19
7081	h-oileanaich	19
7082	dlùithe	19
7083	iomadaidh	19
7084	roma	19
7085	journals	19
7086	seas	19
7087	comas-lìonaidh	19
7088	interview	19
7089	chambers	19
7090	dàimhean	19
7091	dh'fheumadh	19
7092	tosgair	19
7093	mozart	19
7094	gold	19
7095	ìmpire	19
7096	èirisgeigh	19
7097	dh'fhosgladh	19
7098	iomlaid	19
7099	laura	19
7100	hern	19
7101	nòtaichean	19
7102	solar	19
7103	laoigh	19
7104	gearradh	19
7105	spìosradh	19
7106	apartheid	19
7107	inner	19
7108	glainne	19
7109	ath-bhliadhna	19
7110	mhamal	19
7111	esperanto	19
7112	dusan	19
7113	latbhais	19
7114	ko	19
7115	inuit	19
7116	rùsg	19
7117	armailt	19
7118	àrach	19
7119	craoibh	19
7120	t-seachdain	19
7121	gil	19
7122	suidheachaidhean	19
7123	phanama	19
7124	holocaust	19
7125	sgeadachadh	19
7126	coileach	19
7127	gutenberg	19
7128	bhathas	19
7129	honor	19
7130	witt	19
7131	modail	19
7132	lèine	19
7133	nordrhein-westfalen	19
7134	grammar	19
7135	topography	19
7136	eustice	19
7137	dleastanasan	19
7138	mhìnich	19
7139	roads	19
7140	macaskill	19
7141	phròiseict	19
7142	hus	19
7143	zu	19
7144	naoinear	19
7145	h-èipheit	19
7146	dh'adhbhraich	19
7147	am-measg	19
7148	ghorm	19
7149	cartesach	19
7150	fhastadh	19
7151	sèist	19
7152	uni	19
7153	buga	19
7154	easbaigeachd	19
7155	holy	19
7156	download	19
7157	àrd-chùirt	19
7158	dhrochaid	19
7159	carrick	19
7160	sheanadair	19
7161	caroline	19
7162	sgoil-àraich	19
7163	sreap	19
7164	soria	19
7165	forces	19
7166	poileis	19
7167	dick	19
7168	steingr	19
7169	ibiza	19
7170	ruadhainn	19
7171	eighe	19
7172	featurefirst	19
7173	edgar	19
7174	chlaidheimh	19
7175	torridon	19
7176	polasaidhean	19
7177	bartolom	19
7178	sanclemente	19
7179	castilla-la	19
7180	ceannsaiche	19
7181	ordnancesurvey	19
7182	historical-map-resources	19
7183	scandinavian-language	19
7184	diario	19
7185	taisbeanaidhean	19
7186	troichean	19
7187	chemnitz	19
7188	hywel	19
7189	lamont	19
7190	rebro	19
7191	ceòl-sgrìobhaiche	19
7192	studyinsweden	19
7193	pontevedra	19
7194	xunta	19
7195	provincie	19
7196	davis	19
7197	tests	19
7198	cast	19
7199	regan	19
7200	implements	19
7201	getargnums	19
7202	messagebox	19
7203	checks	19
7204	caswell	19
7205	dinbych-y-pysgod	19
7206	vom	19
7207	atadal	19
7208	tachdaidh	19
7209	shubhairne	19
7210	concatenation	19
7211	rawset	19
7212	join	19
7213	periods	19
7214	initial	19
7215	pmc-embargo-date	19
7216	altenburg	19
7217	schutzgebiete	19
7218	trowieglen	19
7219	tad	19
7220	geraint	19
7221	elgenstierna	19
7222	introducerade	19
7223	adelns	19
7224	ttartavlor	19
7225	aithnichearan	19
7226	ròineabhal	19
7227	parsed	19
7228	gmatch	19
7229	vinstrihreyfingin	19
7230	frambo	19
7231	url-access	19
7232	listtype	19
7233	trackingcats	19
7234	icons	19
7235	getcolor	19
7236	latbase	19
7237	labeltext	19
7238	gridy	19
7239	iomchaidh	18
7240	internet	18
7241	unless	18
7242	specific	18
7243	legal	18
7244	stop	18
7245	block	18
7246	sample	18
7247	opera	18
7248	considered	18
7249	strong	18
7250	double	18
7251	gif	18
7252	drochaidean	18
7253	roinnte	18
7254	fadalach	18
7255	nèamh	18
7256	spreadhadh	18
7257	ulbha	18
7258	t-slèibh	18
7259	shomhairle	18
7260	gaidhealach	18
7261	pàiste	18
7262	rang	18
7263	chùrsaichean	18
7264	bhìobaill	18
7265	òraidean	18
7266	falkirk	18
7267	fìrinn	18
7268	fhìrinn	18
7269	eadar-lìon	18
7270	h-àirde	18
7271	chultar	18
7272	eoin	18
7273	dòigh-beatha	18
7274	beòthail	18
7275	species	18
7276	modh	18
7277	choimisean	18
7278	colaistean	18
7279	dotairean	18
7280	ceann-latha	18
7281	seonag	18
7282	chruithneach	18
7283	blàthan	18
7284	gille	18
7285	din	18
7286	festival	18
7287	tomas	18
7288	timothy	18
7289	iapanais	18
7290	feadarail	18
7291	anthology	18
7292	verse	18
7293	bihari	18
7294	itiop	18
7295	wildlife	18
7296	chomataidh	18
7297	fischer	18
7298	mundell	18
7299	vernon	18
7300	gladstone	18
7301	notaichean	18
7302	fa-near	18
7303	moldàibhia	18
7304	isabel	18
7305	ceannsachadh	18
7306	atl	18
7307	fhuaireadh	18
7308	turku	18
7309	chultair	18
7310	ion	18
7311	eichmann	18
7312	nia	18
7313	bangla	18
7314	forest	18
7315	montreal	18
7316	bomaichean	18
7317	cheimigear	18
7318	chaorach	18
7319	sràide	18
7320	rudolf	18
7321	dakota	18
7322	earrach	18
7323	bhuin	18
7324	asturias	18
7325	madagascar	18
7326	pìoba	18
7327	prince	18
7328	bank	18
7329	iomallaiche	18
7330	planaidean	18
7331	durham	18
7332	dèidheil	18
7333	chronicles	18
7334	macbheatha	18
7335	lilongwe	18
7336	khartoum	18
7337	yamoussoukro	18
7338	gàna	18
7339	abuja	18
7340	usbagastàn	18
7341	thìr	18
7342	pàrlamaideach	18
7343	delta	18
7344	manualafrodesc	18
7345	mhicneacail	18
7346	oban	18
7347	sgeulaiche	18
7348	piàna	18
7349	h-eaglaisean	18
7350	teòirig	18
7351	riada	18
7352	bhailtean	18
7353	eleanor	18
7354	thiar	18
7355	johnny	18
7356	seachdainean	18
7357	saothair	18
7358	albam	18
7359	cnag	18
7360	cho-fharpais	18
7361	christmas	18
7362	prìosanaich	18
7363	riabhach	18
7364	ion-pot	18
7365	eala	18
7366	t-siostaim	18
7367	ghnìomhair	18
7368	esteban	18
7369	fiction	18
7370	gala	18
7371	oisein	18
7372	raymond	18
7373	brùthadh	18
7374	sgiathan	18
7375	goid	18
7376	chlàir	18
7377	fhaod	18
7378	democratach	18
7379	còmhlain	18
7380	t-ar-a-mach	18
7381	dh'fhan	18
7382	glèidhte	18
7383	ionmhas	18
7384	cèile	18
7385	mal	18
7386	opra	18
7387	chrìochnachadh	18
7388	mìle-bliadhna	18
7389	moch	18
7390	trang	18
7391	teann	18
7392	sagartan	18
7393	gealaich	18
7394	meadhan-talmhainn	18
7395	paterson	18
7396	fife	18
7397	ginideach	18
7398	ro-sheimeach	18
7399	shuidhe	18
7400	seòmraichean	18
7401	milan	18
7402	lèintean	18
7403	annan	18
7404	rose	18
7405	mikhail	18
7406	stiùbhairt	18
7407	diardaoin	18
7408	ballachan	18
7409	ghlais	18
7410	strìopachas	18
7411	buineadh	18
7412	creideimh	18
7413	yell	18
7414	fhraoich	18
7415	chomhair	18
7416	seilleanan	18
7417	mhurt	18
7418	ochail	18
7419	circle	18
7420	buannachadh	18
7421	franklin	18
7422	kur	18
7423	stornoway	18
7424	geur	18
7425	district	18
7426	cairteal	18
7427	llanos	18
7428	trinidad	18
7429	crom	18
7430	beithe	18
7431	glasraich	18
7432	cliff	18
7433	cruthachail	18
7434	stoth	18
7435	salann	18
7436	uaimh	18
7437	rua	18
7438	bochanan	18
7439	muileann-ghaidh	18
7440	josef	18
7441	brot	18
7442	sign	18
7443	place-names	18
7444	dingwall	18
7445	mainz	18
7446	dhubhthaich	18
7447	davidson	18
7448	campas	18
7449	bliton	18
7450	tonga	18
7451	armadal	18
7452	bathgate	18
7453	shliochd	18
7454	porth	18
7455	dans	18
7456	èite	18
7457	chladh	18
7458	carragh	18
7459	alcalaidh	18
7460	bhochd	18
7461	ghrainnse	18
7462	fèin-riaghladh	18
7463	gàrradh	18
7464	frombork	18
7465	tis	18
7466	carlo	18
7467	thuirteadh	18
7468	galaran	18
7469	stonehaven	18
7470	clarke	18
7471	certain	18
7472	credencial	18
7473	della	18
7474	bala	18
7475	sultans	18
7476	president	18
7477	medium	18
7478	fall	18
7479	uaraidh	18
7480	dserve	18
7481	sheirbheis	18
7482	webster	18
7483	huelva	18
7484	staidrimh	18
7485	ime	18
7486	metoffice	18
7487	àcainn	18
7488	tèarainteachd	18
7489	games	18
7490	taighean-òsta	18
7491	trèanaidh	18
7492	fheichin	18
7493	h-ostair	18
7494	honda	18
7495	julio	18
7496	presidentes	18
7497	pastrana	18
7498	damhair	18
7499	parishes	18
7500	laureano	18
7501	neach-ainmichte	18
7502	radaigeach	18
7503	kultur	18
7504	margaidhean	18
7505	ne-alpes	18
7506	bra	18
7507	rhodàinia	18
7508	million	18
7509	frances	18
7510	darkgrey	18
7511	cantàbria	18
7512	ourense	18
7513	brill	18
7514	constantin	18
7515	lochinver	18
7516	dànais	18
7517	det	18
7518	abbr	18
7519	equivalent	18
7520	howell	18
7521	jenny	18
7522	universidade	18
7523	rajasthani	18
7524	henley	18
7525	sgreapadal	18
7526	blackwood	18
7527	rhuthun	18
7528	provides	18
7529	vals	18
7530	foo	18
7531	overridden	18
7532	determines	18
7533	cefn	18
7534	pontardawe	18
7535	llanbedr	18
7536	steffan	18
7537	tudful	18
7538	waun	18
7539	population-estimates-for-england-and-wales	18
7540	gairsay	18
7541	blotchnie	18
7542	miles	18
7543	spin	18
7544	omitted	18
7545	sorting	18
7546	meanbh-dhùthaich	18
7547	roxburgh	18
7548	rowlands	18
7549	failsafe	18
7550	argsf	18
7551	foir-shealladh	18
7552	landeskunde	18
7553	datetime	18
7554	labelcase	18
7555	refparts	18
7556	qual	18
7557	upto	18
7558	tarsus	18
7559	ucode	18
7560	lholt	18
7561	samband	18
7562	curstate	18
7563	formatparams	18
7564	redondillas	18
7565	fdate	18
7566	reqranks	18
7567	famname	18
7568	interviewer	18
7569	pagetype	18
7570	shapesize	18
7571	dh'aonaich	17
7572	taghte	17
7573	arms	17
7574	fuasgladh	17
7575	whose	17
7576	own	17
7577	protection	17
7578	nàdurra	17
7579	copyright	17
7580	identify	17
7581	internal	17
7582	did	17
7583	parse	17
7584	fhaclair	17
7585	ghaidhealtachd	17
7586	gaoil	17
7587	tuinn	17
7588	de'n	17
7589	toisich	17
7590	neo-àbhaisteach	17
7591	sìneach	17
7592	bheul-aithris	17
7593	davie	17
7594	leantainneach	17
7595	coirce	17
7596	chùrsa	17
7597	clàrsach	17
7598	eòlas-inntinn	17
7599	ealaine	17
7600	bogha	17
7601	measadh	17
7602	simplidh	17
7603	t-sràid	17
7604	mhàl	17
7605	iasgairean	17
7606	model	17
7607	canadian	17
7608	robertson	17
7609	ber	17
7610	eòghann	17
7611	lagan	17
7612	hearts	17
7613	h-oilthighean	17
7614	dewi	17
7615	stein	17
7616	felix	17
7617	ninian	17
7618	urban	17
7619	iran	17
7620	chreideimh	17
7621	dream	17
7622	shìona	17
7623	poems	17
7624	angòla	17
7625	casaid	17
7626	beilge	17
7627	ghraonlainn	17
7628	citypopulation	17
7629	gallen	17
7630	sion	17
7631	glèidheadh	17
7632	papua	17
7633	viscount	17
7634	balèarach	17
7635	chile	17
7636	niocaragua	17
7637	europa	17
7638	chrìch	17
7639	toirmisgte	17
7640	bautzen	17
7641	adhoq	17
7642	cinneadh	17
7643	caibideil	17
7644	snorri	17
7645	poli	17
7646	leabaidh	17
7647	ogg	17
7648	bit	17
7649	creag-eòlaiche	17
7650	om	17
7651	jewishvirtuallibrary	17
7652	auguste	17
7653	brachadh	17
7654	wood	17
7655	leopold	17
7656	oregon	17
7657	geoffrey	17
7658	vega	17
7659	pol	17
7660	nos	17
7661	michel	17
7662	phròiseas	17
7663	bologna	17
7664	coimpiutair	17
7665	aise	17
7666	artaigil	17
7667	artaigilean	17
7668	hesse	17
7669	pheant	17
7670	mississippi	17
7671	christie	17
7672	sierra	17
7673	aithrisean	17
7674	pablo	17
7675	louisiana	17
7676	mexico	17
7677	amus	17
7678	chatharra	17
7679	thagair	17
7680	litium	17
7681	chruthaicheas	17
7682	rach	17
7683	fiosagaiche	17
7684	thuige	17
7685	skene	17
7686	t-sìn	17
7687	dannsair	17
7688	ya	17
7689	suasaidh	17
7690	bliadhnail	17
7691	gal	17
7692	nueva	17
7693	chofaidh	17
7694	cesar	17
7695	t-seann-ghrèig	17
7696	tuill	17
7697	chidhe	17
7698	dun	17
7699	mhicaoidh	17
7700	asainte	17
7701	ghòrdain	17
7702	hogg	17
7703	romhsaigh	17
7704	òb	17
7705	bheaga	17
7706	blues	17
7707	linguae-celticae	17
7708	dateien	17
7709	giorrachadh	17
7710	lochaidh	17
7711	league	17
7712	uan	17
7713	atam	17
7714	grenoble	17
7715	tòir	17
7716	fearg	17
7717	machine	17
7718	caismeachd	17
7719	chaochladh	17
7720	macconaill	17
7721	tionndaidh	17
7722	entre	17
7723	ghnàth	17
7724	ginteil	17
7725	sneachda	17
7726	mhanach	17
7727	hunt	17
7728	choltais	17
7729	sveitarf	17
7730	watch	17
7731	chreidsinn	17
7732	cle	17
7733	còmhdach	17
7734	òig	17
7735	sìthiche	17
7736	bean-seinn	17
7737	liriceach	17
7738	làidire	17
7739	dh'fhàsas	17
7740	fhuil	17
7741	pite	17
7742	dligheach	17
7743	cliùitiche	17
7744	once	17
7745	dobhair	17
7746	lughdachadh	17
7747	ain	17
7748	chomharraich	17
7749	charactar	17
7750	comasan	17
7751	caistealan	17
7752	cluaidh	17
7753	oide	17
7754	drogaichean	17
7755	dh'aithris	17
7756	diluain	17
7757	sebastian	17
7758	colombo	17
7759	peantadh	17
7760	florence	17
7761	thaigh-tasgaidh	17
7762	kelvingrove	17
7763	smùid	17
7764	riches	17
7765	aus	17
7766	suarach	17
7767	dundee	17
7768	bhàin	17
7769	bhan-draoidh	17
7770	cort	17
7771	nster	17
7772	miss	17
7773	ferry	17
7774	hannesson	17
7775	classical	17
7776	glinn	17
7777	placenamesk-o	17
7778	thuaiream	17
7779	rus	17
7780	tearc	17
7781	near	17
7782	tiugh	17
7783	fighe	17
7784	sgadain	17
7785	ist	17
7786	cùirte	17
7787	colonaidhean	17
7788	nim	17
7789	wildebeest	17
7790	cairibianach	17
7791	iosif	17
7792	clais	17
7793	sios	17
7794	paidhir	17
7795	rhinoceros	17
7796	bheasantian	17
7797	sinc	17
7798	taobhan	17
7799	bas	17
7800	nest	17
7801	neadachadh	17
7802	easaidh	17
7803	rousseau	17
7804	amy	17
7805	registration	17
7806	blake	17
7807	phrùis	17
7808	cnòideart	17
7809	lia	17
7810	sàil	17
7811	hilario	17
7812	bhatarsaigh	17
7813	chainneir	17
7814	ghlùn	17
7815	dheidheadh	17
7816	farrais	17
7817	dhunlèibhe	17
7818	cileameatair	17
7819	cumaradh	17
7820	cafaidh	17
7821	daingneachadh	17
7822	caochladair	17
7823	diog	17
7824	ghot	17
7825	t-seic-slòbhac	17
7826	comannaich	17
7827	geàrr	17
7828	heide	17
7829	nick	17
7830	chur-ris	17
7831	infty	17
7832	auckland	17
7833	sheanailear	17
7834	livius	17
7835	inicio	17
7836	nuestra	17
7837	based	17
7838	sgumain	17
7839	stamp	17
7840	ias	17
7841	donnain	17
7842	cee	17
7843	according	17
7844	put	17
7845	labour	17
7846	baronet	17
7847	carn	17
7848	neach-rannsachaidh	17
7849	route	17
7850	leitir	17
7851	rise	17
7852	clog	17
7853	stranraeracademy	17
7854	shepherd	17
7855	ghobhraidh	17
7856	gheàrrloch	17
7857	chaoil	17
7858	clachain	17
7859	uallais	17
7860	geàrrloch	17
7861	ridge	17
7862	t-salm	17
7863	mhagdalena	17
7864	thuill	17
7865	guerra	17
7866	eucoireach	17
7867	ans	17
7868	alonso	17
7869	mills	17
7870	gobernacion	17
7871	chlòimh	17
7872	wangerooge	17
7873	stra	17
7874	clases	17
7875	begins	17
7876	sund	17
7877	antwerpen	17
7878	historie	17
7879	event	17
7880	cso	17
7881	ster	17
7882	cern	17
7883	ak	17
7884	romagna	17
7885	talysh	17
7886	gender	17
7887	mhainisdeir	17
7888	numbered	17
7889	llansawel	17
7890	dowlais	17
7891	trallwng	17
7892	rhydaman	17
7893	treffynnon	17
7894	lochness	17
7895	fhionnlaidh	17
7896	eairdsidh	17
7897	stripmarkers	17
7898	cleanup	17
7899	adding	17
7900	veditors	17
7901	tooltip	17
7902	transcripturl	17
7903	regensburg	17
7904	racing	17
7905	cluj	17
7906	romàinianaich	17
7907	aloidhean	17
7908	hill-geograph	17
7909	montgomeryshire	17
7910	humphreys	17
7911	halmstad	17
7912	sdot	17
7913	volkmer	17
7914	enpolitik	17
7915	lkerrechtliche	17
7916	stellung	17
7917	arbeitskreis	17
7918	rgische	17
7919	newline	17
7920	argname	17
7921	bursa	17
7922	allaboutturkey	17
7923	thingflokkar	17
7924	framt	17
7925	outstring	17
7926	buz	17
7927	inactive	17
7928	url-status	17
7929	reformatting	17
7930	upcased	17
7931	gallerylink	17
7932	gridx	17
7933	tlink	17
7934	tshape	17
7935	alignment	17
7936	co-dhùnaidhean	16
7937	banrigh	16
7938	theireadh	16
7939	nov	16
7940	although	16
7941	knowledge	16
7942	projects	16
7943	stated	16
7944	conflict	16
7945	neul	16
7946	historic	16
7947	miosa	16
7948	ghalldachd	16
7949	sgiùrsadh	16
7950	uachdarain	16
7951	h-uaislean	16
7952	stràc	16
7953	dian	16
7954	ig	16
7955	diùra	16
7956	colbhasa	16
7957	ghàidheil	16
7958	faod	16
7959	t-fhoghar	16
7960	ploc	16
7961	càrn-cuimhne	16
7962	fheallsanachd	16
7963	ricardo	16
7964	tractaran	16
7965	uallach	16
7966	domhain	16
7967	th'anns	16
7968	november	16
7969	creideas	16
7970	ghaisgeach	16
7971	eòlas-talmhainn	16
7972	giùlain	16
7973	pearsantachd	16
7974	ranntairean	16
7975	lìonra	16
7976	seagh	16
7977	sàl	16
7978	obrachaidh	16
7979	balaich	16
7980	chùl	16
7981	bùrn	16
7982	proifeasanta	16
7983	armenia	16
7984	frangan	16
7985	ròs	16
7986	adhamh	16
7987	ailpein	16
7988	dheòrsa	16
7989	iosa	16
7990	macrath	16
7991	phlanaid	16
7992	ficsean-saidheans	16
7993	fèin	16
7994	ballaichean	16
7995	agnes	16
7996	eugene	16
7997	lorenzo	16
7998	ruiz	16
7999	japan	16
8000	rapal	16
8001	mosg	16
8002	mheasgachadh	16
8003	ranntair	16
8004	theodore	16
8005	cho-aonta	16
8006	fhilmeadh	16
8007	luzern	16
8008	meadhannan	16
8009	winston	16
8010	thatcher	16
8011	ffe	16
8012	buadhach	16
8013	taoisigh	16
8014	valera	16
8015	oirbh	16
8016	ghnothaich	16
8017	ibn	16
8018	bosna	16
8019	casachstàn	16
8020	h-iomaratan	16
8021	cluinnear	16
8022	landnama	16
8023	noord-holland	16
8024	zuid-holland	16
8025	kungliga	16
8026	jerusalem	16
8027	tropaigeach	16
8028	flight	16
8029	dag	16
8030	kamke	16
8031	services	16
8032	thè	16
8033	historique	16
8034	coin	16
8035	dhuais	16
8036	thràchdas	16
8037	commission	16
8038	einnseanaireachd	16
8039	shaoradh	16
8040	chabhlaich	16
8041	aidheonan	16
8042	ìrean	16
8043	pàirt-ùine	16
8044	phoilitigeach	16
8045	t-urras	16
8046	falaichte	16
8047	aideachadh	16
8048	fàisneachd	16
8049	agaibh	16
8050	biograf	16
8051	nils	16
8052	gluasadan	16
8053	bhùth	16
8054	seanadh	16
8055	fhoillsich	16
8056	easter	16
8057	goethe	16
8058	aviv	16
8059	ger	16
8060	ngel	16
8061	augusta	16
8062	revista	16
8063	topics	16
8064	caisle	16
8065	february	16
8066	sàbhailteachd	16
8067	ec	16
8068	chluicheadh	16
8069	flat	16
8070	charaidean	16
8071	brath	16
8072	fhear-lagha	16
8073	capital	16
8074	nairobi	16
8075	leasoto	16
8076	ouagadougou	16
8077	ghaimbia	16
8078	naval	16
8079	aetiòp	16
8080	sathara	16
8081	sucre	16
8082	guaviare	16
8083	nari	16
8084	asunci	16
8085	tal	16
8086	plato	16
8087	sgrùdaidh	16
8088	dannsadh	16
8089	fhaclan	16
8090	murchison	16
8091	chainnigh	16
8092	thadhal	16
8093	shealtainn	16
8094	luirg	16
8095	mhaoirne	16
8096	cothroman	16
8097	stones	16
8098	bhruaich	16
8099	tadhail	16
8100	kent	16
8101	tigh	16
8102	didòmhnaich	16
8103	memorial	16
8104	duilleig	16
8105	ruigheachd	16
8106	gobhlach	16
8107	seac	16
8108	ceumnachadh	16
8109	bathar-bog	16
8110	faigheadh	16
8111	nafarroa	16
8112	steidhichte	16
8113	sauron	16
8114	càirdean	16
8115	fiadh	16
8116	leth-mhìle	16
8117	carnegie	16
8118	nàdaralba	16
8119	mason	16
8120	leaghadh	16
8121	eryri	16
8122	chuidir	16
8123	karen	16
8124	harvie	16
8125	shear	16
8126	mhoireach	16
8127	ceòladairean	16
8128	sgileil	16
8129	taing	16
8130	madame	16
8131	coisrigte	16
8132	chrìosdail	16
8133	gillean	16
8134	chrochadh	16
8135	gathan	16
8136	cràdh	16
8137	amharas	16
8138	àraid	16
8139	dealbhaichte	16
8140	ulaidh	16
8141	soilleire	16
8142	fògradh	16
8143	earbsa	16
8144	hobatan	16
8145	arascain	16
8146	erskine	16
8147	sophie	16
8148	frangais	16
8149	pàp	16
8150	morton	16
8151	frida	16
8152	luchd-leanmhainn	16
8153	giorra	16
8154	marco	16
8155	einstein	16
8156	ulm	16
8157	father	16
8158	phàraoh	16
8159	gad	16
8160	claonadh	16
8161	market	16
8162	steven	16
8163	aghaigh	16
8164	ruadha	16
8165	catherine	16
8166	dict	16
8167	youtube	16
8168	ugh	16
8169	ath-bheòthachaidh	16
8170	co-ionnann	16
8171	caoineadh	16
8172	daoine-cloinne	16
8173	clan	16
8174	macgregor	16
8175	nàbaidhean	16
8176	ath-bheothachadh	16
8177	kerr	16
8178	mackintosh	16
8179	unst	16
8180	donna	16
8181	tìodhlacadh	16
8182	we're	16
8183	bhalla	16
8184	cup	16
8185	nder	16
8186	soidhne	16
8187	plastaig	16
8188	vanellus	16
8189	horse	16
8190	chomharra	16
8191	àirigh	16
8192	mhòintich	16
8193	ionnsaidh	16
8194	mustafa	16
8195	atat	16
8196	rothair	16
8197	hitlerputsch	16
8198	kant	16
8199	stiall	16
8200	luibh-eòlas	16
8201	gla	16
8202	seonaidh	16
8203	iompachadh	16
8204	dleastanas	16
8205	lapworth	16
8206	pheantadh	16
8207	llywelyn	16
8208	ghobhar	16
8209	troglodytes	16
8210	muice	16
8211	established	16
8212	cosgais	16
8213	ghealaich	16
8214	mhorbhairne	16
8215	teatha	16
8216	ìompaire	16
8217	stèisean-rèidio	16
8218	shalmhaigh	16
8219	lisbon	16
8220	baku	16
8221	drochaide	16
8222	thà	16
8223	fhinn	16
8224	co-fhillte	16
8225	mhargaidh	16
8226	tràillealachd	16
8227	breatuinn	16
8228	gaelicresources	16
8229	cruach	16
8230	fhèarr	16
8231	thaighean	16
8232	bloigh	16
8233	chuimhneachan	16
8234	cathcart	16
8235	dlighe	16
8236	moldobha	16
8237	ayr	16
8238	shoirbheachaile	16
8239	darren	16
8240	ghnìomhachais	16
8241	ditions	16
8242	cugallach	16
8243	photo	16
8244	engel	16
8245	gnìomhachail	16
8246	buildings	16
8247	inc	16
8248	sergio	16
8249	docs	16
8250	sìr	16
8251	meadhonach	16
8252	copies	16
8253	applies	16
8254	clark	16
8255	spring	16
8256	track	16
8257	daonra	16
8258	stica	16
8259	sleeper	16
8260	tuathanach	16
8261	leinibh	16
8262	gaillimh	16
8263	dhasan	16
8264	gaulle	16
8265	oghaichean	16
8266	straiton	16
8267	kyle	16
8268	vida	16
8269	taighean-gnìomhachais	16
8270	thesis	16
8271	girardota	16
8272	marroqu	16
8273	tovar	16
8274	gaviria	16
8275	phràg	16
8276	recovery	16
8277	manizales	16
8278	blanco	16
8279	sante	16
8280	pereira	16
8281	lvaro	16
8282	filter	16
8283	langaim	16
8284	parhistory	16
8285	blaidneach	16
8286	parra	16
8287	samper	16
8288	pamplona	16
8289	t-seanaidh	16
8290	eltiempo	16
8291	kitty	16
8292	awards	16
8293	gaelic-medium	16
8294	biographie	16
8295	reg	16
8296	gridcolor	16
8297	bilbao	16
8298	stoer	16
8299	chaco	16
8300	viamichelin	16
8301	statistisches	16
8302	cause	16
8303	rachel	16
8304	warfare	16
8305	sgìreachd-easpaig	16
8306	corporate	16
8307	federal	16
8308	catalog	16
8309	twelve	16
8310	shaffy	16
8311	mapaichean	16
8312	baghasdail	16
8313	gettitle	16
8314	parentonly	16
8315	variables	16
8316	soft	16
8317	overlay	16
8318	column	16
8319	equal	16
8320	imageleft	16
8321	parsedms	16
8322	tre-g	16
8323	abertyleri	16
8324	swansea	16
8325	sglèata	16
8326	porthcawl	16
8327	brynbuga	16
8328	rhiwabon	16
8329	linga	16
8330	orkneyjar	16
8331	roinn-se	16
8332	trig	16
8333	chastilla	16
8334	appears	16
8335	condition	16
8336	bare	16
8337	apply	16
8338	replaced	16
8339	concatenate	16
8340	suppress	16
8341	nopp	16
8342	cartography	16
8343	luchadeclases	16
8344	movimiento-obrero	16
8345	historia-del-movimiento-obrero	16
8346	la-revolucion-alemana-de	16
8347	chaorainn	16
8348	arad	16
8349	criticatac	16
8350	rad	16
8351	deatach	16
8352	roinne-pàrlamaid	16
8353	bevan	16
8354	viaf	16
8355	italics	16
8356	akhenaten	16
8357	prec	16
8358	rowclass	16
8359	rowstyle	16
8360	plainlist	16
8361	greinasafn	16
8362	grein	16
8363	thors	16
8364	propertyvalue	16
8365	racing-honda	16
8366	berdiansk	16
8367	noicon	16
8368	outline	16
8369	apostrophe	16
8370	errmsg	16
8371	scannerposition	16
8372	emulated	16
8373	outlinewidth	16
8374	dotlink	16
8375	chumhachdan	15
8376	again	15
8377	h-ainmeachadh	15
8378	follais	15
8379	areas	15
8380	changed	15
8381	nations	15
8382	cultural	15
8383	diadhachd	15
8384	editing	15
8385	comment	15
8386	feature	15
8387	really	15
8388	within	15
8389	lock	15
8390	existing	15
8391	sgaoilidh	15
8392	thachras	15
8393	domhan	15
8394	scotia	15
8395	iona	15
8396	earra	15
8397	chunnacas	15
8398	mìn	15
8399	sandy	15
8400	lòchaidh	15
8401	shìneadh	15
8402	chomunn	15
8403	ciontach	15
8404	gleidheadh	15
8405	t-ath-leasachadh	15
8406	dealbhachadh	15
8407	feallsanachail	15
8408	seapanach	15
8409	tàlantach	15
8410	bràighe	15
8411	curaidhean	15
8412	bian	15
8413	bun-sgoiltean	15
8414	uime	15
8415	ren	15
8416	ghiùlain	15
8417	grèige	15
8418	fìorachas	15
8419	faiceallach	15
8420	dh'fhaighnich	15
8421	teamplaid	15
8422	sgaoilte	15
8423	side	15
8424	shreath	15
8425	tinneasan	15
8426	viewentry	15
8427	nobhaileag	15
8428	lazarillo	15
8429	macbain	15
8430	ciar	15
8431	coll	15
8432	eachainn	15
8433	gill	15
8434	cheathramh	15
8435	seòlaid	15
8436	lèirsinneach	15
8437	h-ealain	15
8438	alexandra	15
8439	monica	15
8440	moscobha	15
8441	dh'aithnichear	15
8442	siarach	15
8443	eadarra	15
8444	hay	15
8445	flùr	15
8446	punjab	15
8447	shia	15
8448	cosobho	15
8449	lausanne	15
8450	neuch	15
8451	sport	15
8452	thilgeil	15
8453	bheulaibh	15
8454	lion	15
8455	baran	15
8456	spencer	15
8457	wellington	15
8458	vic	15
8459	reynolds	15
8460	bùird	15
8461	iste	15
8462	leat	15
8463	crìostaidh	15
8464	càirdeach	15
8465	ina	15
8466	màthaireil	15
8467	deutschen	15
8468	rhus	15
8469	fhreumh	15
8470	cumhang	15
8471	borb	15
8472	àros	15
8473	structurae	15
8474	securitate	15
8475	shòisealach	15
8476	seven	15
8477	het	15
8478	ik	15
8479	andersson	15
8480	colaisde	15
8481	toulouse	15
8482	haber	15
8483	naitridean	15
8484	plutonium	15
8485	dàra	15
8486	technology	15
8487	biology	15
8488	chester	15
8489	lùths	15
8490	manifesto	15
8491	ideas	15
8492	cloich	15
8493	choimhead	15
8494	abrar	15
8495	dèanadh	15
8496	daraich	15
8497	claise	15
8498	guthan	15
8499	phòsta	15
8500	lùisia	15
8501	staitean	15
8502	tubaiste	15
8503	reinhard	15
8504	axel	15
8505	oak	15
8506	acla	15
8507	vicente	15
8508	baltimore	15
8509	helena	15
8510	lincoln	15
8511	oklahoma	15
8512	accessed	15
8513	danzig	15
8514	salt	15
8515	hampshire	15
8516	territory	15
8517	nunavut	15
8518	fuadach	15
8519	issues	15
8520	mèinnear	15
8521	co-thàthadh	15
8522	pozna	15
8523	davy	15
8524	ìmpireil	15
8525	levi	15
8526	torino	15
8527	dh'aidich	15
8528	duine-chloinne	15
8529	sgìth	15
8530	malta	15
8531	ruanda	15
8532	sheiseall	15
8533	yaound	15
8534	gabon	15
8535	algiers	15
8536	beinin	15
8537	gini-bissau	15
8538	nouakchott	15
8539	taidigeastàn	15
8540	iemen	15
8541	mecca	15
8542	medina	15
8543	publique	15
8544	reubaltach	15
8545	peru	15
8546	pu	15
8547	leon	15
8548	pabail	15
8549	jazz	15
8550	tighearnas	15
8551	bard	15
8552	fiachan	15
8553	ned	15
8554	vita	15
8555	duitseach	15
8556	blàran	15
8557	raoin-ghlèidhteachais	15
8558	chè	15
8559	legislation	15
8560	hoy	15
8561	theas	15
8562	tabhann	15
8563	acadaimigeach	15
8564	banais	15
8565	jeff	15
8566	thuineachadh	15
8567	oidhirpean	15
8568	priomh	15
8569	sgarbh	15
8570	ellen	15
8571	mhothaich	15
8572	lurg	15
8573	deasaich	15
8574	lethbhreac	15
8575	xix	15
8576	ruighinn	15
8577	nighe	15
8578	koch	15
8579	bizkaia	15
8580	euskaltzaindia	15
8581	fara	15
8582	càin	15
8583	frodo	15
8584	ghaoil	15
8585	moray	15
8586	environment	15
8587	ìochdar	15
8588	chrois	15
8589	iolaire	15
8590	rionnag	15
8591	ghas	15
8592	gine	15
8593	jackie	15
8594	barrie	15
8595	làborach	15
8596	lochhead	15
8597	macfhearghais	15
8598	elaine	15
8599	mumhan	15
8600	request	15
8601	sappho	15
8602	chlasaigeach	15
8603	seòladair	15
8604	an-siud	15
8605	òganach	15
8606	bann	15
8607	coimeasach	15
8608	meudachd	15
8609	uirsgeulach	15
8610	skerry	15
8611	binnean	15
8612	faighean	15
8613	connragan	15
8614	spèis	15
8615	cheann-feadhna	15
8616	dùbhlan	15
8617	cinnidhean	15
8618	danann	15
8619	turaid	15
8620	hobat	15
8621	sìdh	15
8622	derick	15
8623	chomas	15
8624	eiphiteach	15
8625	shuidh	15
8626	ghille	15
8627	àrd-easbaig	15
8628	rannsachair	15
8629	pàipearan	15
8630	boma	15
8631	dhiùc	15
8632	alastair	15
8633	ròl	15
8634	daimh	15
8635	ghuail	15
8636	bhodhaig	15
8637	itealan	15
8638	far-ainmean	15
8639	dante	15
8640	datha	15
8641	taice	15
8642	chàrn	15
8643	easan	15
8644	ball-pàrlamaid	15
8645	chlèireach	15
8646	stats	15
8647	institiùd	15
8648	farsaidh	15
8649	tarbh	15
8650	mhill	15
8651	càise	15
8652	crìosdaidhean	15
8653	mhor	15
8654	albrecht	15
8655	ipuu	15
8656	tràill	15
8657	ncbi	15
8658	ein	15
8659	fhoirm	15
8660	ceannaich	15
8661	riochdair	15
8662	singular	15
8663	msaa	15
8664	gàrraidhean	15
8665	faid	15
8666	fois	15
8667	inv	15
8668	caora	15
8669	obrachaidhean	15
8670	slàn-àireamhan	15
8671	phrobhaist	15
8672	seann-ghàidhlig	15
8673	gazette	15
8674	saideal	15
8675	pòlarach	15
8676	bayezid	15
8677	triangle	15
8678	chearcall	15
8679	slige	15
8680	bunait	15
8681	elba	15
8682	yellow	15
8683	matt	15
8684	independence	15
8685	uiseag	15
8686	pheadair	15
8687	turing	15
8688	lamb	15
8689	cnàmh	15
8690	said	15
8691	crùnadh	15
8692	bhric	15
8693	katowice	15
8694	carann	15
8695	ghort	15
8696	paula	15
8697	breda	15
8698	duilleach	15
8699	comharran	15
8700	rheinland-pfalz	15
8701	lagos	15
8702	probhaist	15
8703	chraoladair	15
8704	antigua	15
8705	athall	15
8706	faff	15
8707	fìdi	15
8708	roman	15
8709	bheithe	15
8710	macphàrlain	15
8711	analysis	15
8712	spàs	15
8713	murdoch	15
8714	fhaighear	15
8715	multimedia	15
8716	iosaid	15
8717	corùna	15
8718	bateman	15
8719	eisleben	15
8720	schleswig-holstein	15
8721	neburg	15
8722	neburger	15
8723	hat	15
8724	fiach	15
8725	ionnanachd	15
8726	tirol	15
8727	ib	15
8728	recognized	15
8729	ceannsaichean	15
8730	paisley	15
8731	role	15
8732	ghaoithe	15
8733	fheamainn	15
8734	calcium	15
8735	ambaile	15
8736	pen	15
8737	trail	15
8738	bharanachd	15
8739	mhagh	15
8740	words	15
8741	macartair	15
8742	matter	15
8743	reading	15
8744	ensure	15
8745	fix	15
8746	deis	15
8747	lafur	15
8748	medicine	15
8749	po	15
8750	register	15
8751	children	15
8752	forecast	15
8753	undiscoveredscotland	15
8754	course	15
8755	lule	15
8756	bhràigh	15
8757	carrasquilla	15
8758	theiche	15
8759	gonzalo	15
8760	zquez	15
8761	daten	15
8762	sociedad	15
8763	prev	15
8764	ordanance	15
8765	caycedo	15
8766	turbay	15
8767	ceja	15
8768	tagraichean	15
8769	eustasio	15
8770	maccalmain	15
8771	hunza	15
8772	chaparral	15
8773	isaacs	15
8774	shagsainn	15
8775	pollaig	15
8776	ark	15
8777	tufts	15
8778	firefox	15
8779	studio	15
8780	saalfeld	15
8781	h-eilbheise	15
8782	visveg	15
8783	kattegat	15
8784	plotdata	15
8785	odesa	15
8786	palencia	15
8787	forms	15
8788	fèin-obrachail	15
8789	michelin	15
8790	ages	15
8791	hanna	15
8792	indx	15
8793	bhaden-w	15
8794	wynne	15
8795	uddingston	15
8796	zeeland	15
8797	gestapo	15
8798	neill	15
8799	ìleach	15
8800	aubrey	15
8801	coventry	15
8802	sga	15
8803	zernike	15
8804	flevoland	15
8805	olaf	15
8806	batal	15
8807	finds	15
8808	metaargs	15
8809	metatable	15
8810	mshared	15
8811	somecat	15
8812	suggest	15
8813	limits	15
8814	getentity	15
8815	llandaf	15
8816	rhymni	15
8817	bethesda	15
8818	treorci	15
8819	bodfari	15
8820	celli	15
8821	ma-ruibhe	15
8822	better	15
8823	placename	15
8824	buselaphus	15
8825	iana	15
8826	extended	15
8827	a-za-z	15
8828	selector	15
8829	preprocess	15
8830	selim	15
8831	neam	15
8832	telurium	15
8833	sandhead	15
8834	gruffydd	15
8835	ieuan	15
8836	llewelyn	15
8837	mcdonald	15
8838	uriutil	15
8839	mhatnote	15
8840	selfref	15
8841	labelicon	15
8842	wikibase-item	15
8843	navy	15
8844	hafnarfj	15
8845	json	15
8846	fòrsa	15
8847	objects	15
8848	ambedkar	15
8849	dtype	15
8850	taras	15
8851	quals	15
8852	trolleybuses	15
8853	registrants	15
8854	disambig	15
8855	shapecolor	15
8856	magval	15
8857	propertytable	15
8858	internationale	14
8859	bun-bheachdan	14
8860	cunntadh	14
8861	particular	14
8862	provide	14
8863	however	14
8864	thing	14
8865	against	14
8866	eagar	14
8867	cruthaichte	14
8868	visit	14
8869	events	14
8870	numerical	14
8871	him	14
8872	failed	14
8873	continue	14
8874	partan	14
8875	bal	14
8876	cunntasan	14
8877	ith	14
8878	ea	14
8879	iu	14
8880	ui	14
8881	suathadh	14
8882	dealan-uisge	14
8883	ceiteirein	14
8884	mdash	14
8885	chamshron	14
8886	neo-eisimileach	14
8887	muirt	14
8888	eimhir	14
8889	neas	14
8890	macgilleathain	14
8891	bhunait	14
8892	eòrna	14
8893	oifig	14
8894	gàradh	14
8895	h-eileamaidean	14
8896	lùbte	14
8897	crìosdail	14
8898	dorsan	14
8899	fhreagair	14
8900	mòna	14
8901	gabhaltas	14
8902	lev	14
8903	ceit	14
8904	seòna	14
8905	sìleas	14
8906	eug	14
8907	fitheach	14
8908	conan	14
8909	fearchar	14
8910	labhrainn	14
8911	lachlann	14
8912	raghnall	14
8913	còd-puist	14
8914	geata	14
8915	luchd-lagha	14
8916	giles	14
8917	clement	14
8918	tours	14
8919	stories	14
8920	fasgadh	14
8921	queen's	14
8922	th-century	14
8923	hindi	14
8924	reangach	14
8925	lusaka	14
8926	gunnar	14
8927	edmund	14
8928	dale	14
8929	roth	14
8930	bern	14
8931	vaud	14
8932	lugano	14
8933	schaffhausen	14
8934	engels	14
8935	newcastle	14
8936	salisbury	14
8937	ddeeff	14
8938	firm	14
8939	amh	14
8940	rchuid	14
8941	sta	14
8942	dual-chainnt	14
8943	sloinnidh	14
8944	alc	14
8945	chalifornia	14
8946	cuba	14
8947	guaranaidh	14
8948	ceann-cinnidh	14
8949	cros	14
8950	op	14
8951	fhireann	14
8952	sovietach	14
8953	regional	14
8954	ruiseach	14
8955	sofia	14
8956	tighearnan	14
8957	ich	14
8958	argtach	14
8959	chala	14
8960	uaireanan	14
8961	als	14
8962	phartaidh	14
8963	dark	14
8964	delft	14
8965	ollamhachd	14
8966	bhirmingham	14
8967	siùcair	14
8968	meredith	14
8969	mcmillan	14
8970	pillteach	14
8971	dhiofar	14
8972	comhla	14
8973	bhac	14
8974	vermont	14
8975	salem	14
8976	sidney	14
8977	sussex	14
8978	chèilidh	14
8979	somerset	14
8980	chitheadh	14
8981	baintighearna	14
8982	toireadh	14
8983	brònach	14
8984	truagh	14
8985	bhratach	14
8986	chudthromach	14
8987	earran	14
8988	spaideil	14
8989	eaconomaiche	14
8990	detroit	14
8991	erik	14
8992	master	14
8993	pinyin	14
8994	socorro	14
8995	camus	14
8996	phoenix	14
8997	uaisle	14
8998	maine	14
8999	genova	14
9000	ìseal	14
9001	fòirneart	14
9002	aimeireagach	14
9003	seamus	14
9004	campaichean	14
9005	mhòr-roinn	14
9006	igapo	14
9007	eskilstuna	14
9008	sok	14
9009	neach-gnìomhachais	14
9010	bonn-cuimhne	14
9011	comune	14
9012	archivo	14
9013	cin	14
9014	celt	14
9015	continental	14
9016	djibouti	14
9017	portugal	14
9018	libèiria	14
9019	niamey	14
9020	omàn	14
9021	pays	14
9022	cho-fhlaitheas	14
9023	t-aonar	14
9024	porto	14
9025	faso	14
9026	chèitein	14
9027	brazil	14
9028	caraibeach	14
9029	dheachdaire	14
9030	mhapa	14
9031	luchd-malairt	14
9032	pràise	14
9033	bogsa	14
9034	sheinneadh	14
9035	meanbh	14
9036	falamh	14
9037	beàrn	14
9038	hip-hop	14
9039	gaillimhe	14
9040	chorca	14
9041	fhail	14
9042	mòir	14
9043	t-aona	14
9044	banbh	14
9045	salcraig	14
9046	tochradh	14
9047	nòrnais	14
9048	macfarlane	14
9049	play	14
9050	sgìreachdan-easpaig	14
9051	woman	14
9052	saoradh	14
9053	phort-adhair	14
9054	creutairean	14
9055	carol	14
9056	dheamocratach	14
9057	ithidh	14
9058	sus	14
9059	machaire	14
9060	leòdhasach	14
9061	achaidhean	14
9062	mhuirt	14
9063	purpaidh	14
9064	macgillìosa	14
9065	seanchas	14
9066	moran	14
9067	skara	14
9068	iru	14
9069	seòrsachadh	14
9070	fhaisg	14
9071	ved	14
9072	fheuch	14
9073	very	14
9074	give	14
9075	useful	14
9076	few	14
9077	neirt	14
9078	sula	14
9079	rionnagan	14
9080	curtis	14
9081	warren	14
9082	ministreachd	14
9083	raf	14
9084	bòid	14
9085	pentlands	14
9086	nicnèill	14
9087	dh'òrain	14
9088	austurland	14
9089	vestfir	14
9090	cumaidh	14
9091	draghan	14
9092	mhaireann	14
9093	an-dràsda	14
9094	gheibheadh	14
9095	sheòrsachadh	14
9096	aisling	14
9097	fhalach	14
9098	feargach	14
9099	cheudna	14
9100	airidh	14
9101	thory	14
9102	sheòrais	14
9103	dhorcha	14
9104	sgàthan	14
9105	maoin	14
9106	peataichean	14
9107	noel	14
9108	deasaichean	14
9109	lir	14
9110	càraid	14
9111	sgàin	14
9112	bhonnaich	14
9113	buadhaiche	14
9114	duc	14
9115	boer	14
9116	oideachadh	14
9117	thogalach	14
9118	aigesan	14
9119	andrea	14
9120	rgu	14
9121	rathaidean-iarainn	14
9122	mò	14
9123	ama	14
9124	ceann-bliadhna	14
9125	fhiach	14
9126	eadar-theangaiche	14
9127	tìodhlacaidh	14
9128	interest	14
9129	strìopach	14
9130	neo-cheadaichte	14
9131	ur-dhubhadh	14
9132	iomairteachd	14
9133	neo-oifigeil	14
9134	dòmhnallaich	14
9135	spùinneadairean	14
9136	freeman	14
9137	càrlabhagh	14
9138	h-aimearagan	14
9139	gujarati	14
9140	colors	14
9141	in-imrich	14
9142	dòbhrain	14
9143	snàigean	14
9144	pinc	14
9145	constantinople	14
9146	chuibheasach	14
9147	fàileadh	14
9148	linnaeus	14
9149	iosail	14
9150	bioran	14
9151	amazon	14
9152	elephas	14
9153	stailc	14
9154	a'chiad	14
9155	ghealach	14
9156	lite	14
9157	connadh	14
9158	mèinn	14
9159	ku	14
9160	tractar	14
9161	fhuaimreag	14
9162	gasan	14
9163	reul-chuairt	14
9164	bancaichean	14
9165	pìobaireachd	14
9166	hepburn	14
9167	conrad	14
9168	bain	14
9169	health	14
9170	moses	14
9171	sàilleibh	14
9172	saor-làithean	14
9173	naoidhean	14
9174	faicear	14
9175	boglach	14
9176	puinnseanach	14
9177	neach-deasachaidh	14
9178	h-uiseig	14
9179	dh'fheum	14
9180	dathte	14
9181	bhanca	14
9182	ski	14
9183	ruyter	14
9184	higgs	14
9185	pelican	14
9186	gagarin	14
9187	mhaorach	14
9188	cluj-napoca	14
9189	aird	14
9190	frith-bhaile	14
9191	t-sagairt	14
9192	obha	14
9193	reservoir	14
9194	zald	14
9195	chlò-bhualadh	14
9196	emily	14
9197	cadell	14
9198	rogers	14
9199	pour	14
9200	dead	14
9201	thobhta	14
9202	staidhre	14
9203	hector	14
9204	iaimeuca	14
9205	dùthchanan	14
9206	grampian	14
9207	tales	14
9208	earth-info	14
9209	nga	14
9210	ocean	14
9211	pago	14
9212	chuimein	14
9213	cruthaicheadh	14
9214	whole	14
9215	sobre	14
9216	cunbhal	14
9217	neo-chrìochnachd	14
9218	ceann-là	14
9219	fineachan	14
9220	chraobhan	14
9221	carragh-cuimhne	14
9222	mecklenburg-vorpommern	14
9223	oldenburg	14
9224	shìobhalta	14
9225	trannsa	14
9226	emmanuel	14
9227	iarr	14
9228	kawagoe	14
9229	deise	14
9230	bhruachaidh	14
9231	stefan	14
9232	marsanta	14
9233	chreagach	14
9234	dhùineadh	14
9235	howe	14
9236	mhò	14
9237	partido	14
9238	phretoria	14
9239	h-àitichean	14
9240	harald	14
9241	lòin	14
9242	foreign	14
9243	sgrìob	14
9244	lindsay	14
9245	lorimer	14
9246	movies	14
9247	duileasg	14
9248	publishers	14
9249	articulo	14
9250	docket	14
9251	reserve	14
9252	chinneadh	14
9253	christina	14
9254	hermannsson	14
9255	taighean-solais	14
9256	taigh-òsda	14
9257	jura	14
9258	neoini	14
9259	macdhùghaill	14
9260	across	14
9261	eva	14
9262	thaigh-òsta	14
9263	advanced	14
9264	t-ùghdar	14
9265	escobar	14
9266	neachdain	14
9267	osos	14
9268	reachdas	14
9269	bucaramanga	14
9270	piast	14
9271	taigh-cùirte	14
9272	topuniversities	14
9273	liborina	14
9274	jico	14
9275	pay	14
9276	neasaig	14
9277	yopal	14
9278	scotlandschurchestrust	14
9279	routes	14
9280	pal	14
9281	mhabain	14
9282	gaelach	14
9283	rosal	14
9284	ro-theachdair	14
9285	istv	14
9286	compostela	14
9287	cosgaisean	14
9288	lùireach	14
9289	gallica	14
9290	lebkuchen	14
9291	t-solais	14
9292	mharseille	14
9293	auflage	14
9294	denstoredanske	14
9295	jylland	14
9296	apes	14
9297	points	14
9298	bryan	14
9299	marina	14
9300	ercilla	14
9301	sigmaringen	14
9302	loire	14
9303	westphalen	14
9304	bis	14
9305	ceitidh	14
9306	orl	14
9307	psu	14
9308	sgrìobhaiche-ciùil	14
9309	fromplace	14
9310	toplace	14
9311	geòlasach	14
9312	acaill	14
9313	zichy	14
9314	innocentius	14
9315	entries	14
9316	bhidio	14
9317	vesturkj	14
9318	almere	14
9319	stations	14
9320	generate	14
9321	getmetatable	14
9322	frameonly	14
9323	expandtemplate	14
9324	override	14
9325	blacklisted	14
9326	argkeys	14
9327	properly	14
9328	addcat	14
9329	somevalue	14
9330	novalue	14
9331	penrhyn	14
9332	pwllheli	14
9333	treherbert	14
9334	llandeilo	14
9335	llanymddyfri	14
9336	hours	14
9337	pyrrhocorax	14
9338	deal	14
9339	terminal	14
9340	fortwilliam	14
9341	munromagic	14
9342	dieter	14
9343	subtag	14
9344	dash	14
9345	mhecklenburg-strelitz	14
9346	àrd-chlàr	14
9347	sodhail	14
9348	bihor	14
9349	satu	14
9350	suceava	14
9351	lov	14
9352	somerville	14
9353	howells	14
9354	karlskrona	14
9355	zimmerman	14
9356	mackie	14
9357	residency	14
9358	statline	14
9359	implemented	14
9360	valueq	14
9361	stef	14
9362	akranes	14
9363	flokkurinn	14
9364	rawkey	14
9365	atdate	14
9366	inhalt	14
9367	bundesamt	14
9368	bisch	14
9369	ivano-frankivsk	14
9370	h-oblast	14
9371	fieldname	14
9372	tagcontent	14
9373	highbury	14
9374	colorlist	14
9375	getsize	14
9376	legendcount	14
9377	cìs	13
9378	milleanan	13
9379	fhànais	13
9380	mhaireas	13
9381	upon	13
9382	members	13
9383	laws	13
9384	deleted	13
9385	mail	13
9386	itself	13
9387	several	13
9388	choose	13
9389	dateformat	13
9390	lost	13
9391	method	13
9392	domains	13
9393	boxes	13
9394	earlier	13
9395	import	13
9396	fèille	13
9397	cinnidh	13
9398	gallda	13
9399	idhte	13
9400	ciùin	13
9401	dhonnchaidh	13
9402	h-aghaidh	13
9403	dhaingneachadh	13
9404	mhaighstir-sgoile	13
9405	rubair	13
9406	bhùird	13
9407	phìob	13
9408	dannsaichean	13
9409	làmh-sgrìobhainnean	13
9410	danube	13
9411	ridirean	13
9412	leth-bhreac	13
9413	pàrant	13
9414	albann	13
9415	mharmara	13
9416	norma	13
9417	alcal	13
9418	tormes	13
9419	mir	13
9420	etymological	13
9421	meanbhach	13
9422	baby	13
9423	arailt	13
9424	bran	13
9425	domhnall	13
9426	fearghas	13
9427	fer	13
9428	gilleasbuig	13
9429	mìcheil	13
9430	papers	13
9431	tòiseach	13
9432	ortadogsach	13
9433	turcmanastàn	13
9434	caspach	13
9435	grian	13
9436	sìonach	13
9437	collected	13
9438	delhi	13
9439	somàilia	13
9440	eadar-dhealachadh	13
9441	falls	13
9442	nash	13
9443	joshua	13
9444	ticino	13
9445	fribourg	13
9446	rules	13
9447	dhuit	13
9448	grenville	13
9449	baldwin	13
9450	liz	13
9451	julia	13
9452	catalonia	13
9453	searbh	13
9454	phòlais	13
9455	orm	13
9456	slàbhais	13
9457	altan	13
9458	tuinichean	13
9459	làthos	13
9460	safj	13
9461	svalbard	13
9462	shuòmaidh	13
9463	àrd-diùcachd	13
9464	gheorghiu-dej	13
9465	ceithreamh	13
9466	centro	13
9467	samhladh	13
9468	eun-mara	13
9469	ivar	13
9470	down	13
9471	bana-phrionnsa	13
9472	neon	13
9473	antoine	13
9474	riga	13
9475	jsource	13
9476	aston	13
9477	an-dèidh	13
9478	theicheadh	13
9479	hole	13
9480	buffalo	13
9481	bith-cheimigear	13
9482	lùtha	13
9483	t-ionad	13
9484	chalafòrnia	13
9485	imperial	13
9486	armach	13
9487	molecular	13
9488	baird	13
9489	utah	13
9490	hope	13
9491	calpachas	13
9492	phàipeir	13
9493	bitheadh	13
9494	biografiasyvidas	13
9495	barbados	13
9496	leabharlannaiche	13
9497	economics	13
9498	mann	13
9499	cleachd	13
9500	sinclair	13
9501	dover	13
9502	osaka	13
9503	sobhietach	13
9504	idaho	13
9505	purchase	13
9506	cànanaichean	13
9507	brunswick	13
9508	efefef	13
9509	john's	13
9510	uige	13
9511	chlasaichean	13
9512	bhreatannaich	13
9513	hume	13
9514	anailis	13
9515	rèididheachd	13
9516	dalton	13
9517	sodium	13
9518	itrium	13
9519	guail	13
9520	dissertation	13
9521	riaghailteach	13
9522	auschwitz	13
9523	rath	13
9524	hudson	13
9525	burundaidh	13
9526	moroni	13
9527	addis	13
9528	ababa	13
9529	harare	13
9530	generally	13
9531	tunis	13
9532	democratic	13
9533	windhoek	13
9534	dealaichte	13
9535	stadium	13
9536	computer	13
9537	thousand	13
9538	thoirmisg	13
9539	fhuaras	13
9540	vasco	13
9541	cotonou	13
9542	gait	13
9543	h-uachdarain	13
9544	t-saoraidh	13
9545	chairibìan	13
9546	rida	13
9547	conquest	13
9548	soprano	13
9549	phuirt	13
9550	counties	13
9551	colm	13
9552	thraidiseanta	13
9553	macuilleim	13
9554	bun-stèidh	13
9555	raghnallsaigh	13
9556	stromness	13
9557	asterix	13
9558	ted	13
9559	màirt	13
9560	tabhainn	13
9561	stiùidio	13
9562	luain	13
9563	fhaid	13
9564	millennium	13
9565	almost	13
9566	roosevelt	13
9567	ernesto	13
9568	renault	13
9569	hjalmar	13
9570	muin	13
9571	chomharradh	13
9572	coirèa	13
9573	macamhlaigh	13
9574	cheò	13
9575	slaodach	13
9576	thuig	13
9577	ròpa	13
9578	macshuibhne	13
9579	dean	13
9580	oifigeach	13
9581	cheannsachadh	13
9582	sig	13
9583	onepage	13
9584	ending	13
9585	bruich	13
9586	cairn	13
9587	steòrnabhaigh	13
9588	hero	13
9589	mearcair	13
9590	clinton	13
9591	mick	13
9592	let	13
9593	cecilia	13
9594	tam	13
9595	gràn	13
9596	dhìleab	13
9597	aitken	13
9598	patricia	13
9599	sagamap	13
9600	duilgheadas	13
9601	suirghe	13
9602	spàirn	13
9603	ruigidh	13
9604	cluichidh	13
9605	h-òige	13
9606	fhuireach	13
9607	michelangelo	13
9608	leannan	13
9609	secret	13
9610	dualchasan	13
9611	sabaidean	13
9612	shealbhaich	13
9613	caer	13
9614	fergus	13
9615	toglach	13
9616	thistle	13
9617	mhàirr	13
9618	bunasach	13
9619	minig	13
9620	gretna	13
9621	omniglot	13
9622	thanachais	13
9623	còrsa	13
9624	freedom	13
9625	bhideo	13
9626	chraiceann	13
9627	iubhair	13
9628	vel	13
9629	chrìosdaidheachd	13
9630	gillian	13
9631	fhuaim	13
9632	firenze	13
9633	dàimheachd	13
9634	mona	13
9635	h-ollamh	13
9636	ceilbhinn	13
9637	burgh	13
9638	aonan	13
9639	lasadh	13
9640	tate	13
9641	ghruag	13
9642	encyclopaedia	13
9643	bràth	13
9644	dh'fhoillseachadh	13
9645	ay	13
9646	dh'fhàillig	13
9647	ghnothach	13
9648	ìobairtich	13
9649	sochairean	13
9650	boireann-dhligheachas	13
9651	prìsean	13
9652	bràthair-athar	13
9653	faoighiche	13
9654	còrdaidhean	13
9655	bathais	13
9656	dealas	13
9657	ash	13
9658	sect	13
9659	huws	13
9660	hindis	13
9661	inbhean	13
9662	thachairt	13
9663	h-uaimhe	13
9664	bloighean	13
9665	ean	13
9666	rith	13
9667	fuaimean	13
9668	barca	13
9669	buadhair	13
9670	gnìomhairean	13
9671	abstol	13
9672	chrìost	13
9673	bradan	13
9674	commercial	13
9675	renaissance	13
9676	alcol	13
9677	theta	13
9678	unison	13
9679	portrait	13
9680	truime	13
9681	thòisicheadh	13
9682	òrdachadh	13
9683	luinge	13
9684	norse	13
9685	feàrna	13
9686	dasypus	13
9687	singapore	13
9688	peatrail	13
9689	aza	13
9690	sebasti	13
9691	chàraichean	13
9692	bhiodag	13
9693	chruinn	13
9694	achaidh	13
9695	atlantic	13
9696	guti	13
9697	rrez	13
9698	padova	13
9699	jean-jacques	13
9700	stettin	13
9701	gregory	13
9702	còta	13
9703	badge	13
9704	eòlas-comainn	13
9705	corpus	13
9706	dios	13
9707	rahden	13
9708	suaineart	13
9709	triantain	13
9710	uais	13
9711	ones	13
9712	vilnius	13
9713	clach-ghràin	13
9714	rowid	13
9715	guides	13
9716	corrag	13
9717	bio	13
9718	secondary	13
9719	constantine	13
9720	iarach	13
9721	haarlem	13
9722	zandvoort	13
9723	dh'fhàsadh	13
9724	fàrothais	13
9725	among	13
9726	golf	13
9727	eòlaigearraidh	13
9728	uist	13
9729	tunail	13
9730	nicaoidh	13
9731	ghrianaig	13
9732	ìomhaigheach	13
9733	thuathanach	13
9734	commonwealth	13
9735	co-thiomsach	13
9736	tartu	13
9737	rnu	13
9738	bhaltaich	13
9739	lùb	13
9740	darach	13
9741	plàna	13
9742	mhnà	13
9743	mionaid	13
9744	hondùras	13
9745	seal	13
9746	ville	13
9747	shan	13
9748	reidius	13
9749	cluaran	13
9750	sgìreachd-easbaig	13
9751	chead	13
9752	alejandro	13
9753	caribbean	13
9754	mhiccoinnich	13
9755	mhadaidh	13
9756	engativ	13
9757	fontib	13
9758	division	13
9759	ada	13
9760	earbsach	13
9761	akerbeltz	13
9762	night	13
9763	christ	13
9764	noble	13
9765	nytimes	13
9766	kate	13
9767	tierra	13
9768	òrdughan	13
9769	lagopus	13
9770	lothian	13
9771	berwick	13
9772	persistence	13
9773	duration	13
9774	parentheses	13
9775	quantity	13
9776	actualidad	13
9777	ubandalagi	13
9778	rather	13
9779	cooper	13
9780	ghearrain	13
9781	torran	13
9782	stan	13
9783	iss	13
9784	arfordirol	13
9785	collins	13
9786	sòdhaigh	13
9787	iarmain	13
9788	rònaigh	13
9789	còmhdhalach	13
9790	genealogy	13
9791	làthail	13
9792	stafa	13
9793	lucky	13
9794	lauenburg	13
9795	born	13
9796	gunn	13
9797	extension	13
9798	stainge	13
9799	jun	13
9800	term	13
9801	reachdadair	13
9802	ortiz	13
9803	sabaneta	13
9804	taken	13
9805	snaidhm	13
9806	sem	13
9807	stòrr	13
9808	martos	13
9809	arabachadh	13
9810	enciclopedia	13
9811	entrerr	13
9812	lvarez	13
9813	shevilla	13
9814	barrachan	13
9815	bhràthar	13
9816	chronicle	13
9817	guillermo	13
9818	brae	13
9819	mariquita	13
9820	t-seanailear	13
9821	shantander	13
9822	buenaventura	13
9823	com-pàirteachadh	13
9824	luchd-bhòtaidh	13
9825	polis	13
9826	biographies	13
9827	midi-pyr	13
9828	quesada	13
9829	suffixes	13
9830	creideamhach	13
9831	gut	13
9832	windows	13
9833	phrìomhair	13
9834	ranking	13
9835	lland	13
9836	danske	13
9837	lombardia	13
9838	coru	13
9839	bhanna	13
9840	zmir	13
9841	castrum	13
9842	leantach	13
9843	sui	13
9844	schwerin	13
9845	novemberrevolution	13
9846	uf	13
9847	iorwerth	13
9848	ceòlas	13
9849	thoirbheartain	13
9850	jfalu	13
9851	mhapaichean	13
9852	bahia	13
9853	uid	13
9854	griais	13
9855	urbino	13
9856	stadsrechten	13
9857	took	13
9858	digby	13
9859	unpack	13
9860	define	13
9861	previous	13
9862	wikis	13
9863	accepted	13
9864	processed	13
9865	nstable	13
9866	gower	13
9867	trecelyn	13
9868	glyn-nedd	13
9869	llanidloes	13
9870	llwyn-y-pia	13
9871	penarl	13
9872	rhosllannerchrugog	13
9873	enlli	13
9874	àrnais	13
9875	fitty	13
9876	gruffudd	13
9877	carron	13
9878	calavie	13
9879	sheasgaich	13
9880	caama	13
9881	legacy	13
9882	rudolstadt	13
9883	chars	13
9884	title-link	13
9885	author-link	13
9886	newsgroup	13
9887	escape	13
9888	codes	13
9889	searches	13
9890	emoji	13
9891	punct	13
9892	wikilinked	13
9893	nameliststyle	13
9894	conferenceurl	13
9895	inset	13
9896	titlenote	13
9897	tcommon	13
9898	fhaolain	13
9899	iosatòp	13
9900	bhothan	13
9901	gailium	13
9902	laj	13
9903	istorie	13
9904	bistri	13
9905	libraries	13
9906	lùghdan	13
9907	rowley	13
9908	vera	13
9909	carlaw	13
9910	sgoilnanloch	13
9911	russian	13
9912	messier	13
9913	formatlink	13
9914	easabhal	13
9915	stulabhal	13
9916	ghnìomhasachadh	13
9917	repression	13
9918	warick	13
9919	goirte	13
9920	became	13
9921	bestrank	13
9922	inlanguage	13
9923	external-id	13
9924	getentityid	13
9925	linktext	13
9926	datastyle	13
9927	parties	13
9928	lenman	13
9929	datapage	13
9930	eggerz	13
9931	rawget	13
9932	domanovi	13
9933	qualifierscount	13
9934	citetype	13
9935	craiova	13
9936	sumy	13
9937	kramatorsk	13
9938	zaporizhzhia	13
9939	locally	13
9940	propertyvalueandquals	13
9941	infobox-label	13
9942	infobox-data	13
9943	eissn	13
9944	ordered	13
9945	lookup	13
9946	scanposition	13
9947	shapeangle	13
9948	multicheck	13
9949	wikidataid	13
9950	sulzbach	13
9951	cosnaidh	12
9952	ghnothaichean	12
9953	fifa	12
9954	meuran	12
9955	gregor	12
9956	rights	12
9957	individual	12
9958	say	12
9959	learning	12
9960	neither	12
9961	server	12
9962	failure	12
9963	pick	12
9964	shared	12
9965	policy	12
9966	automatically	12
9967	copied	12
9968	able	12
9969	fixed	12
9970	reul-eòlaichean	12
9971	muilnean	12
9972	ritchie	12
9973	buidhinn	12
9974	blàir	12
9975	raidi	12
9976	throm	12
9977	bata	12
9978	bualadh	12
9979	giomach	12
9980	idhichte	12
9981	fasanta	12
9982	dha-rìribh	12
9983	foghair	12
9984	h-aonar	12
9985	earrannan	12
9986	giotàir	12
9987	dhealbhan	12
9988	dleasdanas	12
9989	inbhich	12
9990	perth	12
9991	deasbaid	12
9992	co-bhonn	12
9993	raon-cluiche	12
9994	h-eisimpleirean	12
9995	partaig	12
9996	cathrach	12
9997	ars	12
9998	samhail	12
9999	artagailean	12
10000	mheasail	12
10001	fiosraichte	12
10002	brigh	12
10003	maccormaig	12
10004	dràmaire	12
10005	sòisealtas	12
10006	ceana	12
10007	eadie	12
10008	mòrag	12
10009	raonaid	12
10010	andreas	12
10011	conchobhar	12
10012	maoilios	12
10013	naoise	12
10014	maighread	12
10015	holyrood	12
10016	diùltadh	12
10017	pat	12
10018	justin	12
10019	raphael	12
10020	urdu	12
10021	libhrigeadh	12
10022	luchd-còmhnaidh	12
10023	nen	12
10024	malaidhsia	12
10025	knesset	12
10026	sgar	12
10027	romanach	12
10028	rabat	12
10029	bhuill	12
10030	leonid	12
10031	danmhairge	12
10032	maoile	12
10033	pub	12
10034	calpa	12
10035	peel	12
10036	sunak	12
10037	bertie	12
10038	tàileasg	12
10039	duan	12
10040	sinne	12
10041	luchd-eachdraidh	12
10042	ghàilis	12
10043	bhàsachadh	12
10044	tawantinsuyu	12
10045	dhoiminicia	12
10046	croatais	12
10047	ju	12
10048	cambuidea	12
10049	lazio	12
10050	dublin	12
10051	tir	12
10052	trichead	12
10053	pròstanaich	12
10054	ceusair	12
10055	anail	12
10056	norge	12
10057	baranachd	12
10058	austria	12
10059	arendt	12
10060	spàinnt	12
10061	poblachdan	12
10062	arte	12
10063	bird	12
10064	tibet	12
10065	five	12
10066	leisgeul	12
10067	bhàthadh	12
10068	med	12
10069	nigsberg	12
10070	eduard	12
10071	radium	12
10072	breslau	12
10073	co-chomann	12
10074	ìm	12
10075	poilimearan	12
10076	clòimhe	12
10077	volodymyr	12
10078	theòiridh	12
10079	bond	12
10080	dinger	12
10081	dorothy	12
10082	impireil	12
10083	federico	12
10084	agallamh	12
10085	jennifer	12
10086	saskatchewan	12
10087	elias	12
10088	mario	12
10089	speactromachd	12
10090	kroto	12
10091	rice	12
10092	meidigeach	12
10093	leusairean	12
10094	bhirginia	12
10095	bulletin	12
10096	bòidheach	12
10097	chloich	12
10098	leòid	12
10099	vidas	12
10100	ocseadanais	12
10101	landskrona	12
10102	nebraska	12
10103	henrik	12
10104	lix	12
10105	yeats	12
10106	wroc	12
10107	cuthbert	12
10108	penrhyndeudraeth	12
10109	anarcach	12
10110	rsson	12
10111	bhordeaux	12
10112	rouge	12
10113	springfield	12
10114	olof	12
10115	tat	12
10116	singer	12
10117	morrison	12
10118	eye	12
10119	october	12
10120	austin	12
10121	buan	12
10122	seattle	12
10123	chanèidianach	12
10124	alberta	12
10125	manitoba	12
10126	rowpos	12
10127	nouveau	12
10128	caledonia	12
10129	dim	12
10130	maraiche	12
10131	fear-malairt	12
10132	thaoiseach	12
10133	faide	12
10134	berzelius	12
10135	gualan	12
10136	cho-aontar	12
10137	caesium	12
10138	eaglesfield	12
10139	maastricht	12
10140	cleve	12
10141	wiesbaden	12
10142	institut	12
10143	sionagog	12
10144	kings	12
10145	mhaoil	12
10146	albanach	12
10147	bujumbura	12
10148	luanda	12
10149	bangui	12
10150	n'djamena	12
10151	mbabane	12
10152	siarra	12
10153	tògo	12
10154	ioslamach	12
10155	kabul	12
10156	arabia	12
10157	cìopras	12
10158	building	12
10159	tìr-mhòr	12
10160	eartra	12
10161	namibia	12
10162	h-impireachd	12
10163	guajira	12
10164	pharaguaidh	12
10165	lima	12
10166	andes	12
10167	cordillera	12
10168	crichton	12
10169	scottishpoetrylibrary	12
10170	aristot	12
10171	teud	12
10172	shaoil	12
10173	smaoin	12
10174	luimnigh	12
10175	tuathail	12
10176	bobby	12
10177	arcach	12
10178	sruthan	12
10179	westray	12
10180	gleanntan	12
10181	fontane	12
10182	faca	12
10183	aid	12
10184	cairtean	12
10185	powerpoint	12
10186	linguae	12
10187	celticae	12
10188	ban-righ	12
10189	comadaidh	12
10190	caithte	12
10191	lech	12
10192	toigh	12
10193	biorach	12
10194	leth-cheud	12
10195	beijing	12
10196	reul-bhad	12
10197	mhòra	12
10198	marbhtach	12
10199	mhòinteach	12
10200	fergie	12
10201	publicaciones	12
10202	strabo	12
10203	qui	12
10204	sinnsear	12
10205	fharsainge	12
10206	chìobair	12
10207	multidict	12
10208	mùideart	12
10209	bhacadh	12
10210	gnìomhach	12
10211	hash	12
10212	amòinia	12
10213	soidhnichean	12
10214	aithriseach	12
10215	sòisealaich	12
10216	beirm	12
10217	ghalltachd	12
10218	phuill	12
10219	fabiani	12
10220	ghreumach	12
10221	tuairneir	12
10222	wendy	12
10223	maureen	12
10224	peacock	12
10225	liberal	12
10226	elvis	12
10227	bhithear	12
10228	lìn	12
10229	horace	12
10230	gandalf	12
10231	ùirsgeul	12
10232	ghlas	12
10233	anam	12
10234	tlachd	12
10235	dhaingnich	12
10236	deatamach	12
10237	wilde	12
10238	cuartachadh	12
10239	dhìreadh	12
10240	tuitidh	12
10241	fàinneachan	12
10242	sàmhach	12
10243	canèidianach	12
10244	away	12
10245	rèim	12
10246	josh	12
10247	ghearastan	12
10248	cgi-bin	12
10249	cgi	12
10250	chruidh	12
10251	t-athair	12
10252	fhreagairt	12
10253	uinneag	12
10254	dhaonna	12
10255	chrìosdaidh	12
10256	aaaaaa	12
10257	b'àirde	12
10258	heart	12
10259	midlothian	12
10260	cardiff	12
10261	soirbheachas	12
10262	fheartan	12
10263	anmoiche	12
10264	thoirmeasg	12
10265	luchd-èisteachd	12
10266	livingston	12
10267	ath-stèidheachadh	12
10268	carmen	12
10269	casa	12
10270	aona	12
10271	flodden	12
10272	bach	12
10273	seasaidh	12
10274	naidheachdas	12
10275	tarruinn	12
10276	très	12
10277	heures	12
10278	chantilly	12
10279	earranta	12
10280	làn-ùine	12
10281	lot	12
10282	ntara	12
10283	breithneachadh	12
10284	lorraine	12
10285	inntinneil	12
10286	mair	12
10287	phoileas	12
10288	adhradh	12
10289	spioradan	12
10290	chàr	12
10291	vietnam	12
10292	mort	12
10293	obraichean-drùise	12
10294	dh'òrdaich	12
10295	easbaigeach	12
10296	ghearasdain	12
10297	bàigh	12
10298	carrainn	12
10299	spa	12
10300	ifrinn	12
10301	thurais	12
10302	kafka	12
10303	gruaige	12
10304	cearcaill	12
10305	cattle	12
10306	t-siùcair	12
10307	tus	12
10308	sàile	12
10309	cuantan	12
10310	sgoil-ealain	12
10311	romhpa	12
10312	xhosa	12
10313	gothic	12
10314	choisich	12
10315	choinneimh	12
10316	theatre	12
10317	player	12
10318	crawford	12
10319	usa	12
10320	nathair	12
10321	iar-leasachan	12
10322	era	12
10323	beta	12
10324	gobhar-fhiadhaich	12
10325	vertical	12
10326	àrc-eòlais	12
10327	màthair-uisge	12
10328	cìobair	12
10329	fhoghair	12
10330	ubhal	12
10331	luachan	12
10332	easbaigean	12
10333	t-aimn	12
10334	sun	12
10335	cuibheasach	12
10336	iom-tharraing	12
10337	mora	12
10338	taiwan	12
10339	republika	12
10340	mass	12
10341	macguaire	12
10342	definition	12
10343	ndel	12
10344	sailead	12
10345	eagle	12
10346	bhàtaichean	12
10347	deasaichte	12
10348	claudia	12
10349	macìomhair	12
10350	hollander	12
10351	prieto	12
10352	urbain	12
10353	co-aonta	12
10354	niccolò	12
10355	cornelis	12
10356	ryder	12
10357	noord-brabant	12
10358	fhulaing	12
10359	janet	12
10360	december	12
10361	drochaid-rèile	12
10362	buachaille	12
10363	ceannach	12
10364	codex	12
10365	osmium	12
10366	cong	12
10367	dh'èirinn	12
10368	tristan	12
10369	monument	12
10370	polska	12
10371	digitus	12
10372	rainer	12
10373	beinidict	12
10374	sròine	12
10375	caladar	12
10376	tòraidhich	12
10377	fotha	12
10378	chùisean	12
10379	ptolomaidh	12
10380	laige	12
10381	sometimes	12
10382	rebecca	12
10383	larachnambard	12
10384	toscana	12
10385	barrathon	12
10386	iseabail	12
10387	daingnichte	12
10388	eaglaiseil	12
10389	doimhneachd	12
10390	calling	12
10391	soillseachadh	12
10392	tigeadh	12
10393	mhanaich	12
10394	sòidium	12
10395	greg	12
10396	al-andalus	12
10397	ceannadach	12
10398	eòlas-lagha	12
10399	axes	12
10400	easg	12
10401	tallinn	12
10402	mhosgo	12
10403	ochdnar	12
10404	neo-àicheil	12
10405	edo	12
10406	veneto	12
10407	tan	12
10408	tùir	12
10409	theaghlaich	12
10410	t-òg-mhios	12
10411	ferguson	12
10412	chilemeatair	12
10413	burg	12
10414	emirates	12
10415	dallas	12
10416	choireach	12
10417	àrdanach	12
10418	poileagan	12
10419	trapesium	12
10420	normally	12
10421	usaqu	12
10422	chongo	12
10423	droichead	12
10424	lachlan	12
10425	mactalla	12
10426	abhach	12
10427	merlin	12
10428	campo	12
10429	geology	12
10430	newydd	12
10431	guzm	12
10432	uile-losgaidh	12
10433	thàmh	12
10434	krasnodar	12
10435	coed	12
10436	beattock	12
10437	occurrence	12
10438	baxter	12
10439	actual	12
10440	ewart	12
10441	simpson	12
10442	klaip	12
10443	iulia	12
10444	seasadh	12
10445	dioplòma	12
10446	kezia	12
10447	comataidhean	12
10448	geological	12
10449	collapsed	12
10450	menorca	12
10451	lic	12
10452	storey	12
10453	menai	12
10454	eir	12
10455	ek	12
10456	puffinus	12
10457	chloichridh	12
10458	ancestry	12
10459	alanais	12
10460	ter	12
10461	statedata	12
10462	tempdata	12
10463	lightgrey	12
10464	diùranais	12
10465	ranges	12
10466	rita	12
10467	mateo	12
10468	co-àiteachail	12
10469	robledo	12
10470	colombiana	12
10471	amag	12
10472	sons	12
10473	ruibhe	12
10474	institution	12
10475	deànamh	12
10476	nico	12
10477	regi	12
10478	cocorn	12
10479	modal	12
10480	torres	12
10481	mendoza	12
10482	villavicencio	12
10483	mullaich	12
10484	abd	12
10485	leth-pheairt	12
10486	santamar	12
10487	largacha	12
10488	juli	12
10489	lemos	12
10490	concha	12
10491	unicauca	12
10492	mel	12
10493	partidoliberal	12
10494	mhaoineachaidh	12
10495	phrìosain	12
10496	seanadair	12
10497	nir	12
10498	tocaima	12
10499	lords	12
10500	aquiminzaque	12
10501	fear-ionlaid	12
10502	renfrewshire	12
10503	tienne	12
10504	nicolas	12
10505	ports	12
10506	coimbra	12
10507	llanrwst	12
10508	maupassant	12
10509	shanghairanking	12
10510	sterg	12
10511	nes	12
10512	giurgiu	12
10513	garradh	12
10514	logro	12
10515	thoirbheartanach	12
10516	neach-glèidhidh	12
10517	chòraichean	12
10518	ghetto	12
10519	sutton	12
10520	llangollen	12
10521	estudios	12
10522	got	12
10523	faculty	12
10524	milvus	12
10525	aoidhe	12
10526	middelburg	12
10527	dumha	12
10528	eilg	12
10529	gerais	12
10530	marwari	12
10531	oriya	12
10532	statistika	12
10533	klint	12
10534	sguideil	12
10535	finlay	12
10536	leeuwarden	12
10537	assen	12
10538	gelderland	12
10539	zwolle	12
10540	herg	12
10541	joyce	12
10542	seasons	12
10543	tynron	12
10544	còbh	12
10545	trimmed	12
10546	tidyval	12
10547	wrappers	12
10548	parentfirst	12
10549	categorization	12
10550	invert	12
10551	fromindex	12
10552	arrays	12
10553	textstyle	12
10554	goes	12
10555	parsedec	12
10556	formattest	12
10557	aberdaugleddau	12
10558	cei	12
10559	connah	12
10560	blaenafon	12
10561	carraighean	12
10562	pembrokeshire	12
10563	sleatlocalhistorysociety	12
10564	le-de-france	12
10565	we've	12
10566	ietf	12
10567	stripped	12
10568	abandon	12
10569	bracket	12
10570	supports	12
10571	lastn	12
10572	firstn	12
10573	reject	12
10574	calls	12
10575	becomes	12
10576	chapterurl	12
10577	doi-broken-date	12
10578	edn	12
10579	origdate	12
10580	pigeard	12
10581	tallandier	12
10582	septembre	12
10583	fayard	12
10584	atadail	12
10585	fanaichean	12
10586	wigner	12
10587	buinneadh	12
10588	communist	12
10589	adevarul	12
10590	adev	12
10591	rul	12
10592	sibiu	12
10593	linegrey	12
10594	anser	12
10595	latlngs	12
10596	wideford	12
10597	chliaid	12
10598	neo-phòsta	12
10599	pritchard	12
10600	smhi	12
10601	dagbladet	12
10602	expressen	12
10603	vle	12
10604	leap	12
10605	showarticle	12
10606	duque	12
10607	corbyn	12
10608	okres	12
10609	getsnak	12
10610	getallstatements	12
10611	getvalueofclaim	12
10612	delink	12
10613	dataid	12
10614	abovestyle	12
10615	subheader	12
10616	preprocessargs	12
10617	antalya	12
10618	parm	12
10619	pavogur	12
10620	reisn	12
10621	kvennalistinn	12
10622	mundur	12
10623	ingafj	12
10624	mbpairs	12
10625	seps	12
10626	spec	12
10627	claimcommands	12
10628	anylang	12
10629	latminutes	12
10630	lonminutes	12
10631	gasly	12
10632	sheisean	12
10633	kyivska	12
10634	chernihiv	12
10635	cosagach	12
10636	nizhyn	12
10637	cherkasy	12
10638	luhansk	12
10639	there's	12
10640	co-co	12
10641	genre	12
10642	redlinks	12
10643	formatresult	12
10644	ftext	12
10645	openset	12
10646	textbg	12
10647	labelpos	12
10648	dlink	12
10649	transform	12
10650	stroke-width	12
10651	autocaption	12
10652	switcher	12
10653	leasaichte	11
10654	bho'n	11
10655	gnìomhaichte	11
10656	seòl	11
10657	moved	11
10658	groups	11
10659	resource	11
10660	opinion	11
10661	stored	11
10662	medical	11
10663	gnu	11
10664	aug	11
10665	appear	11
10666	write	11
10667	columns	11
10668	indicate	11
10669	e-mail	11
10670	alert	11
10671	login	11
10672	reuladair	11
10673	conaltraidh	11
10674	co-mheas	11
10675	mheur	11
10676	goidhealach	11
10677	luchd-àiteachaidh	11
10678	coluim	11
10679	digiteach	11
10680	bhràighe	11
10681	sprèidh	11
10682	ghiuthsaich	11
10683	idheadh	11
10684	ailtirean	11
10685	taigheadas	11
10686	buin	11
10687	bocsa	11
10688	geòlas	11
10689	rannsaiche	11
10690	diadhair	11
10691	hippo	11
10692	tràidiseanta	11
10693	ùr-sgeulachd	11
10694	tène	11
10695	monaidhean	11
10696	cheiltich	11
10697	rathad-iarrainn	11
10698	làn-thoradh	11
10699	t-albannach	11
10700	thilg	11
10701	cuilean	11
10702	àiteachadh	11
10703	sgapte	11
10704	broch	11
10705	bhan	11
10706	phobaill	11
10707	dh'inbhich	11
10708	wald	11
10709	eireachdail	11
10710	conn	11
10711	giùdain	11
10712	magdeburg	11
10713	xavier	11
10714	jerome	11
10715	linus	11
10716	nikolai	11
10717	augsburg	11
10718	aràibia	11
10719	hokkaid	11
10720	beinn-theine	11
10721	mianmar	11
10722	chràbhach	11
10723	hionduthachd	11
10724	tamil	11
10725	egypt	11
10726	innleachdan	11
10727	buchanan	11
10728	lexington	11
10729	shelburne	11
10730	boris	11
10731	amon	11
10732	fitzgerald	11
10733	kenny	11
10734	dhìreach	11
10735	èist	11
10736	ghinealach	11
10737	martin's	11
10738	taino	11
10739	god	11
10740	mion-chànanan	11
10741	cumhnant	11
10742	duilleige	11
10743	resund	11
10744	romulus	11
10745	gaelg	11
10746	normanach	11
10747	chorr	11
10748	colbhan	11
10749	seice	11
10750	metro	11
10751	sèirbis	11
10752	campaichean-losgaidh	11
10753	taighean-tasgaidh	11
10754	tomorrow	11
10755	afraga-a-deas	11
10756	marinus	11
10757	matamataigs	11
10758	strasbourg	11
10759	rutherford	11
10760	stiùirich	11
10761	rutherfordium	11
10762	graz	11
10763	fhàs-bheairteach	11
10764	leughadair	11
10765	pròiseasan	11
10766	nirribheach	11
10767	ottawa	11
10768	maryland	11
10769	mhiseanaraidh	11
10770	bodhar	11
10771	molina	11
10772	bàna	11
10773	chopenhagen	11
10774	fhionghain	11
10775	revolutionary	11
10776	thràillean	11
10777	toilichte	11
10778	dhùisg	11
10779	chluinntinn	11
10780	laoch	11
10781	barco	11
10782	haven	11
10783	danderyd	11
10784	rard	11
10785	stèidheadair	11
10786	versailles	11
10787	kathleen	11
10788	gualain	11
10789	theory	11
10790	co-obrachail	11
10791	muine	11
10792	buddha	11
10793	albany	11
10794	shaorachadh	11
10795	ruv	11
10796	belgrade	11
10797	sol	11
10798	iar-mheadhan	11
10799	h-àithne	11
10800	peninsula	11
10801	coloimbianach	11
10802	fhear-aithris	11
10803	nigeria	11
10804	fortanach	11
10805	leningrad	11
10806	blogs	11
10807	frost	11
10808	rhode	11
10809	bruaichean	11
10810	trenton	11
10811	labrador	11
10812	tuairmse	11
10813	abel	11
10814	mussolini	11
10815	bhasel	11
10816	ionmhasair	11
10817	gasaichean	11
10818	institutet	11
10819	elisabeth	11
10820	bheò	11
10821	humphry	11
10822	homburg	11
10823	h-irisean	11
10824	heraldscotland	11
10825	mawr	11
10826	oideachaidh	11
10827	eda	11
10828	buadhan	11
10829	chomoro	11
10830	asmara	11
10831	mhoiriseas	11
10832	dodoma	11
10833	brazzaville	11
10834	mheadhan-chriosach	11
10835	libreville	11
10836	transcontinental	11
10837	bloemfontein	11
10838	fhaso	11
10839	bamako	11
10840	catar	11
10841	cubhait	11
10842	tiomor	11
10843	train	11
10844	dutch	11
10845	raoin	11
10846	mean-fhàs	11
10847	salaam	11
10848	miseanan	11
10849	burkina	11
10850	gulf	11
10851	sau	11
10852	togo	11
10853	guiana	11
10854	bhrist	11
10855	quito	11
10856	ghann	11
10857	caquet	11
10858	choc	11
10859	catalina	11
10860	georgetown	11
10861	venezuela	11
10862	bhionsant	11
10863	gillies	11
10864	logan	11
10865	sionach	11
10866	oz	11
10867	wei	11
10868	ghiotàr	11
10869	dh'fhaodte	11
10870	clàrsair	11
10871	uchd	11
10872	rap	11
10873	chlàran	11
10874	prof	11
10875	cheatharlach	11
10876	mhant	11
10877	challdainn	11
10878	aile	11
10879	eadaraig	11
10880	ey	11
10881	sanndaigh	11
10882	notoc	11
10883	gèidh	11
10884	inntrigidh	11
10885	foillseachaidh	11
10886	chluicheadairean	11
10887	polloi	11
10888	bras	11
10889	mathan	11
10890	lennon	11
10891	mccartney	11
10892	mbe	11
10893	member	11
10894	jiu	11
10895	obama	11
10896	dàna	11
10897	àite-còmhnaidh	11
10898	basalt	11
10899	t-sratha	11
10900	caillte	11
10901	cheusair	11
10902	nur	11
10903	dh'innseas	11
10904	oirnn	11
10905	shàmhach	11
10906	dùmhlachd	11
10907	gipuzkoa	11
10908	araba	11
10909	mairsinn	11
10910	pìobaire	11
10911	dheasaicheadh	11
10912	task	11
10913	glasraichean	11
10914	sàbaid	11
10915	guga	11
10916	h-iolaire	11
10917	theasaich	11
10918	h-eòin	11
10919	h-atharrachaidhean	11
10920	wyddfa	11
10921	weir	11
10922	annabel	11
10923	goldie	11
10924	h-oighreachdan	11
10925	bhreatann	11
10926	beda	11
10927	a'bhaile	11
10928	co-sheòrsachd	11
10929	fheuchainn	11
10930	leannain	11
10931	sluagh-iùlach	11
10932	càraidean	11
10933	grèigeach	11
10934	ceannaiche	11
10935	fleurs	11
10936	draoidh	11
10937	comannaichte	11
10938	feòlmhor	11
10939	mnàthan	11
10940	somme	11
10941	ball-bodhaig	11
10942	eugsamhaile	11
10943	gnàthach	11
10944	smuain	11
10945	ungaireach	11
10946	chaileag	11
10947	sgoilearach	11
10948	bean-uasal	11
10949	litreachaidh	11
10950	h-obair	11
10951	t-urram	11
10952	comhair	11
10953	zealand	11
10954	soirbheachaile	11
10955	ban-dia	11
10956	gaisgich	11
10957	crown	11
10958	mhoch	11
10959	idhe	11
10960	ollamhan	11
10961	nancy	11
10962	northumbria	11
10963	marra	11
10964	h-ionnsaighean	11
10965	h-eilean	11
10966	ficheadamh	11
10967	goo	11
10968	manx	11
10969	cristoforo	11
10970	dei	11
10971	cruth-ealantair	11
10972	loidig	11
10973	fear-naidheachd	11
10974	taic-airgid	11
10975	piàno	11
10976	luib	11
10977	fraingich	11
10978	chaith	11
10979	boys	11
10980	pharaiste	11
10981	lìbhrigeadh	11
10982	co-ionann	11
10983	aoir	11
10984	mccain	11
10985	cumberland	11
10986	cleachdte	11
10987	teiche	11
10988	michelle	11
10989	asgaidh	11
10990	oh	11
10991	possibly	11
10992	t-siorraim	11
10993	luchd-dèilige	11
10994	làraich-lìn	11
10995	fhuadachadh	11
10996	theid	11
10997	anas	11
10998	h-aiseagan	11
10999	thaic	11
11000	ewan	11
11001	farsi	11
11002	macau	11
11003	coill	11
11004	easag	11
11005	dachaighean	11
11006	laithean	11
11007	aber	11
11008	gnàthasan	11
11009	t-adhar	11
11010	balcain	11
11011	nagy	11
11012	teannachadh	11
11013	nih	11
11014	fo-sheòrsa	11
11015	canan	11
11016	stalineachd	11
11017	eisimeileach	11
11018	bròg	11
11019	genesis	11
11020	bradain	11
11021	jung	11
11022	distribution	11
11023	eta	11
11024	amhach	11
11025	goibhrean-fiadhaich	11
11026	aepyceros	11
11027	miotasach	11
11028	marseille	11
11029	stoirmeil	11
11030	lorgan	11
11031	fheòir	11
11032	ruith-airgid	11
11033	yorku	11
11034	circa	11
11035	saidealan	11
11036	samhlaidhean	11
11037	peata	11
11038	rhino	11
11039	turcach	11
11040	kemal	11
11041	verwoerd	11
11042	staoin	11
11043	thuairmse	11
11044	sgamhain	11
11045	bermuda	11
11046	lionna	11
11047	bhaileintin	11
11048	bharra	11
11049	bracaist	11
11050	factory	11
11051	bhocsair	11
11052	sagartachd	11
11053	macdhùnleibh	11
11054	maille	11
11055	lodge	11
11056	holly	11
11057	chopin	11
11058	acain	11
11059	bhreitheamh	11
11060	eanchainn	11
11061	nina	11
11062	airways	11
11063	taosgaire	11
11064	bruthach	11
11065	daor	11
11066	reithe	11
11067	fuadachadh	11
11068	fànais	11
11069	trasnadh	11
11070	complex	11
11071	luingean	11
11072	dalswinton	11
11073	dor	11
11074	ionaid	11
11075	bhanrigh	11
11076	brook	11
11077	thìodhlachadh	11
11078	mont	11
11079	stena	11
11080	ruadhail	11
11081	fuigheall	11
11082	nairn	11
11083	chuinnidh	11
11084	blackburn	11
11085	ayrshire	11
11086	hanoi	11
11087	teil	11
11088	sprache	11
11089	sheata	11
11090	sgrìobhar	11
11091	bheirear	11
11092	notre	11
11093	bheàrnaraigh	11
11094	miseanaraidh	11
11095	zeit	11
11096	mairi	11
11097	electric	11
11098	bùithtean	11
11099	tre	11
11100	lèama	11
11101	griffin	11
11102	taghta	11
11103	searchtype	11
11104	king's	11
11105	tanachais	11
11106	maccolla	11
11107	cupaichean	11
11108	mòr-thìreach	11
11109	mountains	11
11110	belediyesi	11
11111	amasya	11
11112	co-aontar	11
11113	phlàna	11
11114	joule	11
11115	an-asgaidh	11
11116	grove	11
11117	won	11
11118	nauru	11
11119	bhun-phuing	11
11120	sumo	11
11121	chompanaidhean	11
11122	oilthighe	11
11123	taidh-bhàn	11
11124	rianachail	11
11125	harvey	11
11126	committee	11
11127	panam	11
11128	stiùbhartaich	11
11129	fjall	11
11130	nicualraig	11
11131	phròstanach	11
11132	quintus	11
11133	bosa	11
11134	sumapaz	11
11135	steallair	11
11136	sìobhaltaich	11
11137	mohr	11
11138	tobraichean	11
11139	matthews	11
11140	baoghail	11
11141	reusanta	11
11142	cromwell	11
11143	fìdhlear	11
11144	òirlich	11
11145	reform	11
11146	movement	11
11147	columbarius	11
11148	passer	11
11149	thogalaichean	11
11150	leathain	11
11151	hamaltan	11
11152	movie-locations	11
11153	granndach	11
11154	rest	11
11155	persons	11
11156	ùstaidh	11
11157	chreagan	11
11158	leacan	11
11159	biographical	11
11160	campos	11
11161	dugdale	11
11162	craoladairean	11
11163	iomhair	11
11164	fo-aibhnichean	11
11165	clean	11
11166	puirt-adhair	11
11167	ibge	11
11168	app	11
11169	timanfaya	11
11170	kirsteen	11
11171	catalunya	11
11172	filolog	11
11173	uk-scotland	11
11174	thatha	11
11175	t-sròim	11
11176	gèidse	11
11177	macrae	11
11178	undiscovered	11
11179	jakob	11
11180	luas	11
11181	clach-chuimhneachain	11
11182	linguistics	11
11183	thiodhlacadh	11
11184	tain	11
11185	niels	11
11186	laidon	11
11187	amor	11
11188	gnìomhachasail	11
11189	gaspar	11
11190	rodas	11
11191	itag	11
11192	efe	11
11193	barbosa	11
11194	mayor	11
11195	raon-adhair	11
11196	luchd-reic	11
11197	perspective	11
11198	monde	11
11199	taistealachd	11
11200	posada	11
11201	literatura	11
11202	fuentes	11
11203	estudio	11
11204	dabeiba	11
11205	britheamh	11
11206	merced	11
11207	dubh-chàineadh	11
11208	encyclopedie	11
11209	javeriana	11
11210	cùmhnantaich	11
11211	barreto	11
11212	serrano	11
11213	echand	11
11214	roberto	11
11215	contenidos	11
11216	arboleda	11
11217	palermo	11
11218	bheul-feirste	11
11219	guateque	11
11220	guatavita	11
11221	mesa	11
11222	ceumannan	11
11223	francesco	11
11224	garrido	11
11225	mam	11
11226	nationale	11
11227	tuiltean	11
11228	mei	11
11229	heisenberg	11
11230	bogaidh	11
11231	tiobraid	11
11232	traditional	11
11233	tacitus	11
11234	bases-de-donnees	11
11235	romàinianach	11
11236	provence-alpes-c	11
11237	d'azur	11
11238	svenskt	11
11239	bhoden	11
11240	snowdonia	11
11241	imagesize	11
11242	counter	11
11243	kaunas	11
11244	wo	11
11245	bolet	11
11246	cantabria	11
11247	angelita	11
11248	mainistir	11
11249	lerwick	11
11250	ut	11
11251	ghluasaid	11
11252	corwen	11
11253	marriage	11
11254	ukrainian	11
11255	zug	11
11256	leader	11
11257	ghroningen	11
11258	sondershausen	11
11259	paladium	11
11260	pirate	11
11261	bible	11
11262	cornell	11
11263	dweluoft	11
11264	sciaf	11
11265	tsunami	11
11266	dhràma	11
11267	thuama	11
11268	johns	11
11269	anatòilis	11
11270	hilma	11
11271	crothaidh	11
11272	loch-tasgaidh	11
11273	dràibhearan	11
11274	ramses	11
11275	s-hertogenbosch	11
11276	overijssel	11
11277	fault	11
11278	depeche	11
11279	arnhem	11
11280	cona	11
11281	drise	11
11282	auldgirth	11
11283	àn	11
11284	webarchive	11
11285	nationalarchives	11
11286	quercus	11
11287	removes	11
11288	converted	11
11289	backtranslate	11
11290	nilargs	11
11291	fetches	11
11292	categorisation	11
11293	integer	11
11294	corresponding	11
11295	excluded	11
11296	wiki's	11
11297	identities	11
11298	imageright	11
11299	cell	11
11300	aberaman	11
11301	ystrad	11
11302	cricieth	11
11303	ceri	11
11304	llanfair-ym-muallt	11
11305	biwmares	11
11306	kierfea	11
11307	faraclett	11
11308	davids	11
11309	birsay	11
11310	williams-ellis	11
11311	ferch	11
11312	ila	11
11313	prìomh-loch	11
11314	outside	11
11315	rowohlt	11
11316	errs	11
11317	descriptions	11
11318	ordinal	11
11319	uppercase	11
11320	prefixen	11
11321	leave	11
11322	citations	11
11323	serieslink	11
11324	titlelink	11
11325	mailinglist	11
11326	podcast	11
11327	mismatch	11
11328	transquote	11
11329	append	11
11330	positional	11
11331	fuerstentum	11
11332	coburg	11
11333	greiz	11
11334	lobenstein	11
11335	tulard	11
11336	a-h	11
11337	octobre	11
11338	eaa	11
11339	dirac	11
11340	rgovi	11
11341	boto	11
11342	radon	11
11343	coileachan	11
11344	dealbhachaidh	11
11345	chomhairlichean	11
11346	cobar	11
11347	carbost	11
11348	platanum	11
11349	lantanaich	11
11350	dwarfie	11
11351	clas-obrach	11
11352	eilreig	11
11353	hundland	11
11354	eireabhal	11
11355	hecla	11
11356	dubna	11
11357	emilia	11
11358	chelbhinn	11
11359	finnie	11
11360	watkin	11
11361	forward	11
11362	ashley	11
11363	luchd-sgìthidh	11
11364	dalarnas	11
11365	errcat	11
11366	errhide	11
11367	adjust	11
11368	isok	11
11369	disambiguator	11
11370	extraclasses	11
11371	osm	11
11372	kev	11
11373	browski	11
11374	zhytomyr	11
11375	ov	11
11376	uicipeidiche	11
11377	tarradale	11
11378	loadi	11
11379	uselang	11
11380	titlestyle	11
11381	rowcellstyle	11
11382	mersin	11
11383	mordant	11
11384	eyri	11
11385	vaki	11
11386	hreyfing	11
11387	rdalur	11
11388	borgarnes	11
11389	egilssta	11
11390	rnsson	11
11391	arwu	11
11392	armailteachd	11
11393	tagname	11
11394	generalcommands	11
11395	globalsiteid	11
11396	parseformat	11
11397	luchd-cruthachaidh	11
11398	romansa	11
11399	taifa	11
11400	gheorghiu	11
11401	muntenia	11
11402	piatra	11
11403	ungairianaich	11
11404	kryvyi	11
11405	rih	11
11406	donetsk	11
11407	vinnytsia	11
11408	qval	11
11409	whitelisting	11
11410	blacklisting	11
11411	qtype	11
11412	innealadaireachd	11
11413	liberman	11
11414	rxiv	11
11415	navboxargs	11
11416	textec	11
11417	opacity	11
11418	lonbase	11
11419	sgnumbers	11
11420	minix	11
11421	dotitemtable	11
11422	ration	10
11423	inntleachdail	10
11424	chunntadh	10
11425	much	10
11426	developed	10
11427	comharraidhean	10
11428	instance	10
11429	bug	10
11430	diff	10
11431	treated	10
11432	having	10
11433	imported	10
11434	running	10
11435	preceding	10
11436	minor	10
11437	desc	10
11438	become	10
11439	amp	10
11440	enabled	10
11441	longer	10
11442	interface	10
11443	turn	10
11444	matched	10
11445	co-aimsireil	10
11446	thànaig	10
11447	sgeamaichean	10
11448	sian	10
11449	charraig	10
11450	cìche	10
11451	cìoch	10
11452	nicaonghais	10
11453	uamhasach	10
11454	cola	10
11455	h-albainn	10
11456	cultaran	10
11457	coma	10
11458	poileataics	10
11459	nàiseantachd	10
11460	wishart	10
11461	buddhachd	10
11462	ceannachd	10
11463	cotan	10
11464	chroitearan	10
11465	mhinistearan	10
11466	cathraichean	10
11467	ancomunn	10
11468	nationalmod	10
11469	ospadalan	10
11470	iasad	10
11471	saighead	10
11472	teicneòlais	10
11473	chathair-eaglais	10
11474	cuirm	10
11475	chù	10
11476	genus	10
11477	tolstoj	10
11478	lìonmhor	10
11479	catriona	10
11480	seònaid	10
11481	catan	10
11482	dùghall	10
11483	donnie	10
11484	ficseanail	10
11485	canterbury	10
11486	janssen	10
11487	ita	10
11488	lancelot	10
11489	lucy	10
11490	martha	10
11491	betancur	10
11492	teresa	10
11493	ruith-bheanntan	10
11494	araibianach	10
11495	morocco	10
11496	tomhaisear	10
11497	toinnte	10
11498	barail	10
11499	livingstone	10
11500	sara	10
11501	jacobus	10
11502	sveriges	10
11503	milton	10
11504	gerard	10
11505	lars	10
11506	belgium	10
11507	valais	10
11508	sianal	10
11509	stèidhte	10
11510	bhallrachd	10
11511	queensland	10
11512	eden	10
11513	rishi	10
11514	starmer	10
11515	trade	10
11516	eagrachadh	10
11517	haughey	10
11518	faoin	10
11519	innd-eòrpais	10
11520	italiano	10
11521	mhonaco	10
11522	alf	10
11523	chreach	10
11524	nahuatl	10
11525	prìomh-chànan	10
11526	salbhador	10
11527	honduras	10
11528	ainmearan	10
11529	t-sèarb	10
11530	iarradh	10
11531	treaty	10
11532	chian	10
11533	leyman	10
11534	atha	10
11535	cudthrom	10
11536	ùrnaighean	10
11537	ing	10
11538	norway	10
11539	skagerrak	10
11540	holland	10
11541	eadhan	10
11542	chamais	10
11543	rroma	10
11544	cur-fodha	10
11545	palace	10
11546	evening	10
11547	larus	10
11548	suranam	10
11549	met	10
11550	pontus	10
11551	discovery	10
11552	modhan	10
11553	byron	10
11554	cròmium	10
11555	leigheis	10
11556	ostaireach	10
11557	bosch	10
11558	breisgau	10
11559	bith-cheimigeachd	10
11560	fèin-eachdraidh	10
11561	dhotaireachd	10
11562	seaborg	10
11563	teodor	10
11564	mhanhattan	10
11565	sheannsalair	10
11566	pauling	10
11567	caltech	10
11568	todd	10
11569	roald	10
11570	odd	10
11571	cornforth	10
11572	worth	10
11573	meadaigeach	10
11574	mhichigan	10
11575	cealla	10
11576	oil	10
11577	trianaide	10
11578	freire	10
11579	fàidh	10
11580	choinneach	10
11581	shùilean	10
11582	mheudaich	10
11583	bhaintighearna	10
11584	t-iarla	10
11585	triath	10
11586	briathran	10
11587	goirt	10
11588	dìomhaireachd	10
11589	faodadh	10
11590	chiste	10
11591	fuath	10
11592	speuran	10
11593	lagerl	10
11594	alma	10
11595	knut	10
11596	exe	10
11597	crime	10
11598	sylvia	10
11599	chuimhneachadh	10
11600	halld	10
11601	mosfellsb	10
11602	tìleach	10
11603	hearsagobhana	10
11604	guatemala	10
11605	minn	10
11606	bogotazo	10
11607	antananarivo	10
11608	cela	10
11609	nimo	10
11610	columbus	10
11611	awa	10
11612	an-aghaidh	10
11613	landscape	10
11614	religion	10
11615	saoghail	10
11616	early-gaelic-book-collections	10
11617	calgary	10
11618	dh'fhuiling	10
11619	luchd-taic	10
11620	facto	10
11621	cerium	10
11622	torium	10
11623	samhlaichean	10
11624	magnesium	10
11625	dolar	10
11626	drugaichean	10
11627	mitchison	10
11628	buidseachd	10
11629	primo	10
11630	shaoraich	10
11631	uachdaranachd	10
11632	beth	10
11633	gnothachas	10
11634	diobutaidh	10
11635	kigali	10
11636	administrative	10
11637	buircina	10
11638	abidjan	10
11639	bissau	10
11640	dakar	10
11641	bachrain	10
11642	bahrain	10
11643	bhachrain	10
11644	world's	10
11645	pheatrail	10
11646	mhosg	10
11647	turcaich	10
11648	brunei	10
11649	platform	10
11650	highway	10
11651	feòir	10
11652	burundi	10
11653	sudan-a-deas	10
11654	libya	10
11655	angola	10
11656	beartaiche	10
11657	gama	10
11658	ke	10
11659	h-ìompaireachd	10
11660	caracas	10
11661	cuidhteas	10
11662	ntico	10
11663	inca	10
11664	earrainn	10
11665	greanada	10
11666	mheudachadh	10
11667	bass	10
11668	macmhuirich	10
11669	tradaisean	10
11670	dhòighean	10
11671	ghròt	10
11672	parbh	10
11673	shore	10
11674	chrombaigh	10
11675	choineagan	10
11676	bhatail	10
11677	stiùbhartachd	10
11678	nighinn	10
11679	iadaigh	10
11680	bàr	10
11681	maighstireachd	10
11682	cànanach	10
11683	seasgadan	10
11684	eireann	10
11685	pacific	10
11686	gates	10
11687	hammarskj	10
11688	wiesel	10
11689	organization	10
11690	campaign	10
11691	nuclear	10
11692	luchd-leughaidh	10
11693	chunnart	10
11694	dh'fheumas	10
11695	sìor-fhàs	10
11696	spòrsail	10
11697	leigidh	10
11698	bhristeadh	10
11699	chòmhnard	10
11700	ceuman	10
11701	tancaichean	10
11702	t-eagal	10
11703	hogainn	10
11704	fhoirbeis	10
11705	cruthaich	10
11706	bhlas	10
11707	dorch	10
11708	cho-ogha	10
11709	cuirmean	10
11710	assign	10
11711	caladh	10
11712	fire	10
11713	watts	10
11714	pairt	10
11715	cod	10
11716	wi	10
11717	atharrachaidh	10
11718	cnapadal	10
11719	craigie	10
11720	macnèill	10
11721	aislingean	10
11722	kum	10
11723	crystal	10
11724	tàladh	10
11725	caileagan	10
11726	tonn	10
11727	mothachadh	10
11728	uimpe	10
11729	garg	10
11730	aontaich	10
11731	t-adhbhar	10
11732	mairidh	10
11733	chòmhdachadh	10
11734	vlad	10
11735	treun	10
11736	cnocan	10
11737	neo-aithnichte	10
11738	nigheanan	10
11739	codaichean	10
11740	ghràidh	10
11741	nicky	10
11742	ghalar	10
11743	samhlachadh	10
11744	lebor	10
11745	mhiann	10
11746	cheartachadh	10
11747	gaisgeil	10
11748	pheofhair	10
11749	brusach	10
11750	valence	10
11751	trainspotting	10
11752	silvia	10
11753	t-seusan	10
11754	shoirbheachail	10
11755	care	10
11756	galldachd	10
11757	luaithre	10
11758	eirinn	10
11759	teicneolas	10
11760	chothrom	10
11761	beethoven	10
11762	amadeus	10
11763	àrd-mharaiche	10
11764	amar	10
11765	galileo	10
11766	origins	10
11767	sheirbheisean	10
11768	vinci	10
11769	diathad	10
11770	moralta	10
11771	sgiobair	10
11772	zundert	10
11773	carthannais	10
11774	cupal	10
11775	junior	10
11776	richie	10
11777	leighton	10
11778	kids	10
11779	chluiche	10
11780	astaran	10
11781	fhosgailte	10
11782	neo-chiontach	10
11783	commonly	10
11784	chasaid	10
11785	cher	10
11786	scientific	10
11787	fhulang	10
11788	cinn-siubhail	10
11789	h-ìobairtich	10
11790	bhruid	10
11791	feòla	10
11792	crìche	10
11793	monaidh	10
11794	tàinistear	10
11795	says	10
11796	serie	10
11797	macbhatair	10
11798	ceàrnaidhean	10
11799	deutsch	10
11800	dhubha	10
11801	speur	10
11802	hair	10
11803	dòbhran	10
11804	longuet-higgins	10
11805	dhathan	10
11806	cornish	10
11807	mohammad	10
11808	tachair	10
11809	bhall-phàrlamaid	10
11810	sie	10
11811	rum	10
11812	mheatailt	10
11813	bremerhaven	10
11814	chaiptean	10
11815	preu	10
11816	mearachd	10
11817	gealladh	10
11818	nàisein	10
11819	each-uisge	10
11820	tuirt	10
11821	fraingeis	10
11822	cheanglas	10
11823	voice	10
11824	loxodonta	10
11825	meadhon	10
11826	altair	10
11827	bhruich	10
11828	analachadh	10
11829	tuc	10
11830	unite	10
11831	gèill	10
11832	ro-eachdraidh	10
11833	close	10
11834	chaitligich	10
11835	tairbh	10
11836	sgeadaichte	10
11837	fìor-àireamh	10
11838	iarlan	10
11839	hebrides	10
11840	aleph	10
11841	rèideas	10
11842	shamhla	10
11843	adrianfrith	10
11844	frith	10
11845	innlichidh	10
11846	brisg	10
11847	cruaidhe	10
11848	kirkpatrick	10
11849	sìl	10
11850	miltean	10
11851	jordan	10
11852	mariana	10
11853	eesti	10
11854	cearc	10
11855	audrey	10
11856	bhainne	10
11857	t-sean	10
11858	rembrandt	10
11859	immanuel	10
11860	alltan	10
11861	eagach	10
11862	lòn	10
11863	maidne	10
11864	briathar	10
11865	saltire	10
11866	flòraidh	10
11867	òrdagh	10
11868	curaidh	10
11869	phunnd	10
11870	dabhach	10
11871	chaidreachais	10
11872	michiel	10
11873	doyle	10
11874	trajan	10
11875	uilebheist	10
11876	deochan	10
11877	bergman	10
11878	hastings	10
11879	yuri	10
11880	tuathal	10
11881	gregorian	10
11882	mòrar	10
11883	preastabhaig	10
11884	t-seanadh	10
11885	diagram	10
11886	triantan	10
11887	preas	10
11888	chìs	10
11889	deasach	10
11890	riaghlaich	10
11891	reachd	10
11892	cloinn	10
11893	thomhais	10
11894	roinnean-phàrlamaid	10
11895	rosnait	10
11896	plan	10
11897	meanbh-fhrìdean	10
11898	lide	10
11899	oldroadsofscotland	10
11900	cholonachadh	10
11901	portagail	10
11902	mhìltean	10
11903	choimisein	10
11904	ava	10
11905	lyngstad	10
11906	asian	10
11907	connections	10
11908	asarbaidean	10
11909	dhabi	10
11910	luke	10
11911	booth	10
11912	càirinis	10
11913	barpa	10
11914	coimeasta	10
11915	dame	10
11916	dhòmhnallach	10
11917	uncail	10
11918	greene	10
11919	bhuanaich	10
11920	mhàiri	10
11921	meg	10
11922	beus-eòlas	10
11923	cailleach	10
11924	tuilm	10
11925	smuanairt	10
11926	cesena	10
11927	t-obrachadh	10
11928	bheactar	10
11929	taigh-bìdh	10
11930	sligeach	10
11931	narva	10
11932	garry	10
11933	evi	10
11934	vie	10
11935	sìn	10
11936	h-ostair-ungaire	10
11937	t-uabhas	10
11938	phlèana	10
11939	ate	10
11940	stendal	10
11941	nile	10
11942	seventeenth	10
11943	mullaichean	10
11944	bradley	10
11945	neartmhor	10
11946	expanded	10
11947	longyearbyen	10
11948	sheanalair	10
11949	cho-labhairt	10
11950	t-aon	10
11951	corporation	10
11952	ghalair	10
11953	scran	10
11954	pearson	10
11955	potsdam	10
11956	wolf	10
11957	copacabana	10
11958	iwan	10
11959	iarrtasan	10
11960	brezhnev	10
11961	maya	10
11962	fraingeach	10
11963	though	10
11964	parailealogram	10
11965	fhaicear	10
11966	t-seann-lochlannais	10
11967	fuaime	10
11968	regular	10
11969	expected	10
11970	sheumas	10
11971	orrasan	10
11972	enero	10
11973	cannon	10
11974	fhuilteach	10
11975	grace	10
11976	wightman	10
11977	nabhair	10
11978	ceithir-cheàrnach	10
11979	dluths	10
11980	nacht	10
11981	brno	10
11982	fowlis	10
11983	chàch	10
11984	chorrain	10
11985	barrow	10
11986	ala	10
11987	fraoich	10
11988	geir	10
11989	fleet	10
11990	picasso	10
11991	caibeal	10
11992	stèidheachaidh	10
11993	vckiivluxcs	10
11994	classified	10
11995	frequent	10
11996	celtica	10
11997	feumach	10
11998	mathematics	10
11999	invariant	10
12000	suitable	10
12001	numbering	10
12002	nobhailiche	10
12003	constan	10
12004	luchd-iomairt	10
12005	tongue	10
12006	cken	10
12007	siberia	10
12008	santayana	10
12009	fiadh-bheatha	10
12010	deugaire	10
12011	inuktitut	10
12012	goc	10
12013	cave	10
12014	luchd-cleachdaidh	10
12015	aer	10
12016	antoni	10
12017	àite-fuirich	10
12018	gomera	10
12019	fuerteventura	10
12020	isla	10
12021	iar-cheann-suidhe	10
12022	historicenvironment	10
12023	ediciones	10
12024	strange	10
12025	scotgaz	10
12026	t-seilich	10
12027	rudha	10
12028	bhile	10
12029	gharbhain	10
12030	dunlop	10
12031	crofting	10
12032	driseig	10
12033	dorian	10
12034	cànanachais	10
12035	fishman	10
12036	leacach	10
12037	crosscountry	10
12038	cailleanach	10
12039	wells	10
12040	gives	10
12041	phrionnsabal	10
12042	hombre	10
12043	candelaria	10
12044	loma-làn	10
12045	cairngorms	10
12046	thòraidh	10
12047	linton	10
12048	busaichean	10
12049	sugar	10
12050	chùirn	10
12051	vistula	10
12052	sgrùdaidhean	10
12053	torrance	10
12054	roa	10
12055	nchez	10
12056	palmira	10
12057	leticia	10
12058	campamento	10
12059	squez	10
12060	piedras	10
12061	girardot	10
12062	bhritheamh	10
12063	ghrunnda	10
12064	chomhghain	10
12065	shambellie	10
12066	iùbhair	10
12067	t-sruthail	10
12068	whauphill	10
12069	viterbo	10
12070	occidente	10
12071	edici	10
12072	salgar	10
12073	aquileo	10
12074	jaramillo	10
12075	borrero	10
12076	apulo	10
12077	barbacoas	10
12078	rìoghairean	10
12079	boyaca	10
12080	armero	10
12081	ord	10
12082	barichara	10
12083	twitter	10
12084	baroness	10
12085	briosgaidean	10
12086	samac	10
12087	quemuenchatocha	10
12088	chocont	10
12089	bhremen	10
12090	vitoria-gasteiz	10
12091	bùdachas	10
12092	zen	10
12093	llandysul	10
12094	flòdaigearraidh	10
12095	sirol	10
12096	marche	10
12097	sèorsa	10
12098	arouet	10
12099	càrdamon	10
12100	wilhelmshaven	10
12101	sardainia	10
12102	dialects	10
12103	nord	10
12104	bataille	10
12105	bourgogne	10
12106	gàilise	10
12107	ten	10
12108	eni	10
12109	consan	10
12110	hiroshima	10
12111	viewfile	10
12112	joy	10
12113	faro	10
12114	cheiltis	10
12115	teresita	10
12116	scalloway	10
12117	leith	10
12118	apple	10
12119	qusqu	10
12120	philippe	10
12121	yad	10
12122	mhagdeburg	10
12123	barocach	10
12124	feb	10
12125	h-aibhe	10
12126	borgstr	10
12127	kronobergs	10
12128	basil	10
12129	historisches	10
12130	glarus	10
12131	reuss	10
12132	bhaden	10
12133	built	10
12134	hajnal	10
12135	rechercher	10
12136	corran	10
12137	àireamh-bhotaidh	10
12138	grida	10
12139	salannachd	10
12140	azov	10
12141	innleachdail	10
12142	angela	10
12143	activities	10
12144	butt	10
12145	conradh	10
12146	slioch	10
12147	halafacs	10
12148	muineach	10
12149	ulst	10
12150	ceatharlach	10
12151	ria	10
12152	faisistich	10
12153	llu	10
12154	rec	10
12155	fan	10
12156	landkreis	10
12157	magic	10
12158	konkani	10
12159	henning	10
12160	mankell	10
12161	universitet	10
12162	geikie	10
12163	wrong	10
12164	fhear-deasachaidh	10
12165	sullivan	10
12166	brendan	10
12167	palach	10
12168	richardson	10
12169	transport	10
12170	penpont	10
12171	holywood	10
12172	hubert	10
12173	matheson	10
12174	olt	10
12175	deamach	10
12176	alternative	10
12177	lochaber	10
12178	mhira	10
12179	maximum	10
12180	callparserfunction	10
12181	expr	10
12182	loaded	10
12183	behaviour	10
12184	intended	10
12185	prefixedtext	10
12186	titleobj	10
12187	categorise	10
12188	compresssparsearray	10
12189	defaultkey	10
12190	issmall	10
12191	optionalarg	10
12192	uricomponents	10
12193	xfeff	10
12194	errorprinter	10
12195	appended	10
12196	pframe	10
12197	abercynon	10
12198	llanfair	10
12199	duon	10
12200	resolfen	10
12201	tregaron	10
12202	llanfihangel	10
12203	porthmadog	10
12204	crughywel	10
12205	llanbryn-mair	10
12206	talgarth	10
12207	tref-y-clawdd	10
12208	dyke	10
12209	denbighshire	10
12210	cydweli	10
12211	brough	10
12212	bardsey	10
12213	hydro-electric	10
12214	attadale	10
12215	mhuillidh	10
12216	eigheach	10
12217	fhuaran	10
12218	meadal	10
12219	kirsty	10
12220	t-àrd-ruigh	10
12221	fhearchair	10
12222	clifford	10
12223	eider	10
12224	archie	10
12225	melampus	10
12226	cailtidh	10
12227	carrie	10
12228	replaces	10
12229	combination	10
12230	assemble	10
12231	represents	10
12232	follows	10
12233	non-latin	10
12234	name-list	10
12235	regex	10
12236	loc	10
12237	scripttitle	10
12238	doibroken	10
12239	overwrite	10
12240	unfit	10
12241	tracked	10
12242	meiningen	10
12243	ebersdorf	10
12244	hgisg	10
12245	aschaffenburg	10
12246	meppen	10
12247	anhalt-dessau	10
12248	sagsainn-coburg-saalfeld	10
12249	chluanaidh	10
12250	phassau	10
12251	gould	10
12252	bohr	10
12253	hannes	10
12254	tria	10
12255	maramure	10
12256	beirilium	10
12257	cuantamach	10
12258	neodimium	10
12259	actinium	10
12260	anakkale	10
12261	grianan	10
12262	keelylang	10
12263	greeny	10
12264	redland	10
12265	calafòrnium	10
12266	tangabhal	10
12267	miùghalaigh	10
12268	luchdadh	10
12269	romeo	10
12270	aileen	10
12271	eadraig	10
12272	brychan	10
12273	haydn	10
12274	ernie	10
12275	troed-y-rhiw	10
12276	wassermann	10
12277	former	10
12278	uppslagsverk	10
12279	baltaich	10
12280	rows	10
12281	billion	10
12282	triuirebheinn	10
12283	hairtebreac	10
12284	t-seisein	10
12285	ceartais	10
12286	tintin	10
12287	buir	10
12288	umhaill	10
12289	swedish	10
12290	wikipedian	10
12291	malaria	10
12292	assendelft	10
12293	moz-border-radius	10
12294	fffa	10
12295	rendersnak	10
12296	refparent	10
12297	labelshow	10
12298	inherit	10
12299	addrow	10
12300	subheaderrowclass	10
12301	prefixtable	10
12302	dependvalue	10
12303	belediye	10
12304	shultan	10
12305	palgrave	10
12306	resulting	10
12307	orcid	10
12308	tryggvason	10
12309	bjarni	10
12310	slenskra	10
12311	bifr	10
12312	efst-a-baugi	10
12313	stok-frett	10
12314	vopnafj	10
12315	nohlen	10
12316	heimastj	10
12317	rnarflokkurinn	10
12318	grenja	10
12319	radoje	10
12320	entityexists	10
12321	yround	10
12322	refproperty	10
12323	alphatauri-honda	10
12324	stroll	10
12325	lando	10
12326	ploie	10
12327	vaslui	10
12328	slobozia	10
12329	orchardton	10
12330	irpin	10
12331	kremenchuk	10
12332	mykolaiv	10
12333	kropyvnytskyi	10
12334	izyum	10
12335	fetchwikidata	10
12336	decimalprecision	10
12337	strout	10
12338	uabbr	10
12339	osd	10
12340	qlist	10
12341	txtlang	10
12342	locomotaibhean	10
12343	spacing	10
12344	orig-date	10
12345	author-last	10
12346	author-mask	10
12347	checksum	10
12348	checkdigit	10
12349	ident	10
12350	needsattention	10
12351	resultval	10
12352	gettitleqid	10
12353	inconsistent	10
12354	outlinecolor	10
12355	textcl	10
12356	textng	10
12357	textlh	10
12358	textol	10
12359	debugmsg	10
12360	basemap	10
12361	stroke-opacity	10
12362	minibox	10
12363	maxwidth	10
12364	cleanargs	10
12365	outercountainer	10
12366	maskitemid	10
12367	monadh-neagrais	10
12368	apr	9
12369	aileanmacraith	9
12370	bòidhchead	9
12371	margarita	9
12372	working	9
12373	versions	9
12374	edited	9
12375	protected	9
12376	universal	9
12377	modify	9
12378	aobhar	9
12379	preferences	9
12380	contributions	9
12381	button	9
12382	comments	9
12383	revision	9
12384	defaultns	9
12385	follow	9
12386	img	9
12387	problems	9
12388	smaller	9
12389	ordinary	9
12390	conversion	9
12391	innlean	9
12392	innleadairean	9
12393	coimpiutairean	9
12394	còmhall	9
12395	trusadh	9
12396	àlach	9
12397	stoidhlean	9
12398	cheàrnan	9
12399	phìosan	9
12400	bath	9
12401	chroitearachd	9
12402	chuibhle	9
12403	naiseanta	9
12404	dh'òigridh	9
12405	h-ìre	9
12406	farpaiseach	9
12407	fìdheall	9
12408	dhealaichte	9
12409	pageturner	9
12410	seachnadh	9
12411	mìneachaidhean	9
12412	bail	9
12413	chiallachadh	9
12414	cabhcas	9
12415	carbaid	9
12416	pàganachd	9
12417	kelvin	9
12418	lugh	9
12419	deigheadh	9
12420	fheasgair	9
12421	corbijn	9
12422	azerbaijan	9
12423	teach	9
12424	nicgumaraid	9
12425	niclaomainn	9
12426	ghearmanach	9
12427	madadh-allaidh	9
12428	eòghainn	9
12429	maois	9
12430	peadair	9
12431	ginearalta	9
12432	fhuirich	9
12433	cheadaich	9
12434	cho-fhlaitheis	9
12435	clachair	9
12436	lyons	9
12437	joachim	9
12438	companach	9
12439	pacastan	9
12440	fealla-dhà	9
12441	conventions	9
12442	okinawa	9
12443	bholcànach	9
12444	thokyo	9
12445	iapain	9
12446	sanskrit	9
12447	zimbabwe	9
12448	ebe	9
12449	ragnar	9
12450	merton	9
12451	finn	9
12452	prescott	9
12453	hart	9
12454	eaconomacachd	9
12455	denmark	9
12456	byrne	9
12457	previously	9
12458	neville	9
12459	holt	9
12460	manaidsearan	9
12461	chreideadh	9
12462	catalan	9
12463	treudan	9
12464	arawak	9
12465	fhaca	9
12466	ròmainia	9
12467	geug	9
12468	cirileach	9
12469	punjabi	9
12470	dualchainntean	9
12471	serbia	9
12472	hungary	9
12473	albàinis	9
12474	mhòran	9
12475	bhrandenburg	9
12476	hohenzollern	9
12477	frederic	9
12478	structures	9
12479	uilc	9
12480	tea	9
12481	peak	9
12482	afraganais	9
12483	lit	9
12484	mein	9
12485	together	9
12486	gnèithean	9
12487	nederlands	9
12488	thoil	9
12489	bunsen	9
12490	som	9
12491	waters	9
12492	mhanchester	9
12493	cavendish	9
12494	rieure	9
12495	fritz	9
12496	searbhagan	9
12497	reactar	9
12498	eilbheiseach	9
12499	bacteria	9
12500	glèidhteachas	9
12501	ameireagium	9
12502	ithaca	9
12503	erwin	9
12504	structaran	9
12505	co-chur	9
12506	ucl	9
12507	dixon	9
12508	wilkinson	9
12509	rna	9
12510	urrais	9
12511	kyoto	9
12512	dudley	9
12513	chabhlachd	9
12514	h-ungair	9
12515	halifax	9
12516	choilean	9
12517	bloomsbury	9
12518	labhair	9
12519	fhàisneachd	9
12520	mhòr-shluaigh	9
12521	t-sàile	9
12522	cumha	9
12523	bear	9
12524	cion	9
12525	modailean	9
12526	vevey	9
12527	chàraid	9
12528	gent	9
12529	dhàn	9
12530	cecil	9
12531	eachdraidh-bheatha	9
12532	fhar-ainm	9
12533	danmhairgeach	9
12534	bordeaux	9
12535	ingibj	9
12536	algeria	9
12537	arkansas	9
12538	noir	9
12539	bhodach	9
12540	norrbottens	9
12541	frankfort	9
12542	crios	9
12543	camilo	9
12544	marcas	9
12545	wyoming	9
12546	forum	9
12547	estimates	9
12548	ìomhair	9
12549	inne	9
12550	saor-stàit	9
12551	sileacon	9
12552	selenium	9
12553	hannover	9
12554	mùthadh	9
12555	bataraidh	9
12556	euler	9
12557	haidridein	9
12558	gate	9
12559	meyer	9
12560	talmud	9
12561	rìoghachadh	9
12562	gaborone	9
12563	maseru	9
12564	banjul	9
12565	accra	9
12566	monrovia	9
12567	chamas	9
12568	located	9
12569	police	9
12570	people's	9
12571	myanmar	9
12572	burma	9
12573	the-world-factbook	9
12574	almaty	9
12575	aral	9
12576	h-iomairt	9
12577	benin	9
12578	gi	9
12579	guerrillas	9
12580	amazonas	9
12581	casanare	9
12582	seachdaineil	9
12583	paraguay	9
12584	uy	9
12585	greanadach	9
12586	fhaoilteach	9
12587	mhaoineachadh	9
12588	thal	9
12589	ghrèigeach	9
12590	eisimplir	9
12591	spìonadh	9
12592	ruitheam	9
12593	sìorraidh	9
12594	laoise	9
12595	brùra	9
12596	chromba	9
12597	ùrlair	9
12598	dùintean	9
12599	pùballan	9
12600	dàinig	9
12601	liger-atlantel	9
12602	coineanach	9
12603	cumar	9
12604	liatroim	9
12605	inis	9
12606	bhoth	9
12607	mìorbhaileach	9
12608	dog	9
12609	soillse	9
12610	seachdadan	9
12611	stoidhlichean	9
12612	sense	9
12613	leamhna	9
12614	afraga-a-tuath	9
12615	chanal	9
12616	buann	9
12617	fìor-uisge	9
12618	fast	9
12619	muppets	9
12620	fior	9
12621	plants	9
12622	mall	9
12623	bàthadh	9
12624	beathachadh	9
12625	ùbhlan	9
12626	eileagtronan	9
12627	co-dhèanta	9
12628	xxiii	9
12629	chuilthinn	9
12630	làbha	9
12631	ghaoith	9
12632	cac	9
12633	cathan	9
12634	dh'obar	9
12635	illean	9
12636	mhodh	9
12637	ath-chruthachadh	9
12638	beachd-bharailean	9
12639	airceig	9
12640	ots	9
12641	deasbadan	9
12642	starting	9
12643	learn	9
12644	sùlaisgeir	9
12645	heather	9
12646	còmhrag	9
12647	hollywood	9
12648	knight	9
12649	sèideadh	9
12650	ronnie	9
12651	chumas	9
12652	aingeal	9
12653	sheòmair	9
12654	luc	9
12655	tà	9
12656	auld	9
12657	diabhal	9
12658	russel	9
12659	mhòine	9
12660	tròisichean	9
12661	calasraid	9
12662	sheadna	9
12663	cuirm-chiùil	9
12664	urnes	9
12665	drilseach	9
12666	fulltext	9
12667	flowers	9
12668	gnìomhadh	9
12669	lior	9
12670	thuice	9
12671	siùrsachd	9
12672	nòsan	9
12673	h-oibre	9
12674	fhàinne	9
12675	pippin	9
12676	peant	9
12677	mendelssohn	9
12678	chàirdeas	9
12679	fèillean	9
12680	làir	9
12681	fàth	9
12682	rùisg	9
12683	caoin	9
12684	caochlaidhean	9
12685	dickie	9
12686	mìr	9
12687	chumantas	9
12688	geugan	9
12689	nàmhaidean	9
12690	cuideachaidh	9
12691	sgeòil	9
12692	cunntas-shluaigh	9
12693	dìlseachd	9
12694	lorgaidh	9
12695	tour	9
12696	chlèirich	9
12697	dà-spioraideach	9
12698	ind	9
12699	claidheamh	9
12700	seallaidh	9
12701	socach	9
12702	fann	9
12703	meadhan-aoiseach	9
12704	t-ùrlar	9
12705	mhòr-shluagh	9
12706	nederland	9
12707	leven	9
12708	renton	9
12709	partick	9
12710	mòintich	9
12711	chelsea	9
12712	èisteachd	9
12713	oasis	9
12714	mì-shoilleir	9
12715	oradea	9
12716	sgiorradh	9
12717	sàbhaladh	9
12718	coinneimh	9
12719	rannsachairean	9
12720	cheist	9
12721	einsteinium	9
12722	seisean	9
12723	chinese	9
12724	higher	9
12725	shoidhnich	9
12726	spreadh	9
12727	conservatoire	9
12728	cuibhlichean	9
12729	laimrig	9
12730	cleamhnas	9
12731	baghdad	9
12732	aachener	9
12733	h-e	9
12734	batail	9
12735	adhartachadh	9
12736	sonraichte	9
12737	laoich	9
12738	latharnach	9
12739	buille	9
12740	sports	9
12741	luchd-spòrs	9
12742	amharasach	9
12743	beir	9
12744	auth	9
12745	cymraeg	9
12746	sealach	9
12747	leasan	9
12748	cinn-fheadhna	9
12749	lagachadh	9
12750	leag	9
12751	glasa	9
12752	sàrachadh	9
12753	bhruach	9
12754	memoirs	9
12755	cruidh	9
12756	leatruim	9
12757	ruigeas	9
12758	clach-chuimhne	9
12759	seine	9
12760	ravenna	9
12761	juventus	9
12762	chuimreach	9
12763	deborah	9
12764	hindustani	9
12765	deu	9
12766	tomo	9
12767	highlanders	9
12768	cait	9
12769	tachraidh	9
12770	seasmhachd	9
12771	àisianach	9
12772	shamhna	9
12773	lannan	9
12774	sgèith	9
12775	reubainnear	9
12776	teachd-a-steach	9
12777	dha-rìreabh	9
12778	wie	9
12779	stalineach	9
12780	qunu	9
12781	cosg	9
12782	nàbaidh	9
12783	mìorbhail	9
12784	aon-neach	9
12785	lonely	9
12786	bailteil	9
12787	camp	9
12788	planet	9
12789	midland	9
12790	chogaidhean	9
12791	saoranachd	9
12792	ringer	9
12793	connochaetes	9
12794	chadal	9
12795	neo-riaghailteach	9
12796	phearsa	9
12797	toiseachadh	9
12798	freud	9
12799	borders	9
12800	greek	9
12801	moine	9
12802	obraich	9
12803	clòimh	9
12804	àrc-eòlas	9
12805	argamaidean	9
12806	fuaran	9
12807	acainn	9
12808	sgòthan	9
12809	chaoraich	9
12810	abhann	9
12811	geamhraidh	9
12812	ràithean	9
12813	shaoghal	9
12814	ìobairtean	9
12815	billean	9
12816	birth	9
12817	pongail	9
12818	celsius	9
12819	reòite	9
12820	aon-adharcach	9
12821	furasda	9
12822	oibre	9
12823	gje	9
12824	bailiùnaichean	9
12825	phaputhach	9
12826	chaetophractus	9
12827	benito	9
12828	faisisteachas	9
12829	deutschland	9
12830	ionadal	9
12831	tetrao	9
12832	capercaillie	9
12833	phìobaire	9
12834	eag	9
12835	fiaclan	9
12836	h-ìosal	9
12837	ceò	9
12838	brèige	9
12839	scotica	9
12840	lan	9
12841	macneil	9
12842	pencil	9
12843	phasianus	9
12844	colchicus	9
12845	hora	9
12846	escher	9
12847	bonnach	9
12848	nòta	9
12849	half	9
12850	melopsittacus	9
12851	undulatus	9
12852	muncaidhean	9
12853	crotach	9
12854	ennis	9
12855	astute	9
12856	klaproth	9
12857	etxebarria	9
12858	woods	9
12859	poilis	9
12860	tartan	9
12861	creachan	9
12862	euskadi	9
12863	bruis	9
12864	dìonadh	9
12865	bhathair	9
12866	stamh	9
12867	purt	9
12868	esa	9
12869	americas	9
12870	niue	9
12871	griomasaigh	9
12872	cinntinn	9
12873	une	9
12874	hot	9
12875	chlachair	9
12876	salm	9
12877	sholaimh	9
12878	rivière	9
12879	caisteil	9
12880	ladies	9
12881	goireas	9
12882	bhathama	9
12883	faith	9
12884	trainge	9
12885	stevens	9
12886	dealbhaidh	9
12887	feather	9
12888	droighinn	9
12889	ùr-nòsach	9
12890	brittonic	9
12891	esp	9
12892	offset	9
12893	deiligeadh	9
12894	deamaich	9
12895	uàrd	9
12896	co-obrachaidh	9
12897	ulvaeus	9
12898	wien	9
12899	tahiti	9
12900	depending	9
12901	casachstan	9
12902	phnom	9
12903	angostura	9
12904	raon-goilf	9
12905	sud	9
12906	patch	9
12907	buidheannan	9
12908	siostaim	9
12909	nantes	9
12910	sheataichean	9
12911	bhliadhnachan	9
12912	d'a	9
12913	stèidh	9
12914	posta	9
12915	deathan	9
12916	thiriodh	9
12917	sgaiteach	9
12918	sound	9
12919	phreasantair	9
12920	sluagh-ghairm	9
12921	choill	9
12922	ceàrdaich	9
12923	ceàrd	9
12924	slàbhaich	9
12925	cascade	9
12926	bheactaran	9
12927	grùpa	9
12928	protestant	9
12929	reichstag	9
12930	teòiridhean	9
12931	zorn	9
12932	uniwersytet	9
12933	fhèin-riaghlaidh	9
12934	sgadan	9
12935	uig	9
12936	viljandi	9
12937	jerry	9
12938	roinniche	9
12939	choitchinn	9
12940	stand	9
12941	lann-amhairc	9
12942	chèitinn	9
12943	òg-mhios	9
12944	ameireagaidh	9
12945	dà-theangachas	9
12946	rìs	9
12947	cruadal	9
12948	taighean-seinnse	9
12949	beilise	9
12950	palau	9
12951	quality	9
12952	aintilia	9
12953	kilmarnock	9
12954	japanese	9
12955	gallimard	9
12956	tuineachas	9
12957	katherine	9
12958	cuiltheann	9
12959	gardner	9
12960	technical	9
12961	togadh	9
12962	dhiuba	9
12963	bacat	9
12964	pic	9
12965	b'fheudar	9
12966	windsor	9
12967	intro	9
12968	maugham	9
12969	oidhch	9
12970	oberndorf	9
12971	bei	9
12972	cheàirn	9
12973	muinchillean	9
12974	droighnein	9
12975	fhinnein	9
12976	jade	9
12977	ou	9
12978	dìg	9
12979	h-aistean	9
12980	preston	9
12981	brabant	9
12982	training	9
12983	èideadh	9
12984	patran	9
12985	bànrighinn	9
12986	mhara	9
12987	habana	9
12988	reader	9
12989	wakame	9
12990	cladaichean	9
12991	kilbride	9
12992	saothrachadh	9
12993	maoirne	9
12994	arasgain	9
12995	volap	9
12996	educationscotland	9
12997	flora	9
12998	chrodh	9
12999	distribute	9
13000	appendix	9
13001	related	9
13002	updated	9
13003	molaidhean	9
13004	giofnag	9
13005	suite	9
13006	mecklenburg-strelitz	9
13007	herm	9
13008	jethou	9
13009	huge	9
13010	marin	9
13011	tidsearan	9
13012	sgrìobhadair-òrain	9
13013	wemyss	9
13014	spionnaidh	9
13015	chapel	9
13016	agust	9
13017	jes	9
13018	uk-scotland-scotland-politics	9
13019	lesley	9
13020	lorna	9
13021	ruiseal	9
13022	stenhousemuir	9
13023	annabelle	9
13024	eibhir	9
13025	ller	9
13026	weather-forecast	9
13027	corrachadh	9
13028	fay	9
13029	converting	9
13030	braonan	9
13031	eagas	9
13032	h-apann	9
13033	rona	9
13034	mackinnon	9
13035	burton	9
13036	inline-block	9
13037	comhainn	9
13038	potter	9
13039	lidean	9
13040	driùchd	9
13041	fanny	9
13042	dochard	9
13043	dhòrnaich	9
13044	faclairean	9
13045	ostail	9
13046	t-each-uisge	9
13047	tachartais	9
13048	dhrogaichean	9
13049	rannoch	9
13050	plockton	9
13051	bernardo	9
13052	bishop	9
13053	drew	9
13054	giuthas	9
13055	chreidimh	9
13056	tuim	9
13057	dolores	9
13058	roe	9
13059	tico	9
13060	poblado	9
13061	heliconia	9
13062	jer	9
13063	pòsaidhean	9
13064	coltejer	9
13065	estrella	9
13066	colegio	9
13067	operating	9
13068	historic-scotland	9
13069	còmhlan-pìoba	9
13070	cheanglaichean	9
13071	emilio	9
13072	chliùitiche	9
13073	cerro	9
13074	caerlaverock	9
13075	sincelejo	9
13076	florencia	9
13077	riohacha	9
13078	uile-làthaireach	9
13079	fishpal	9
13080	beer	9
13081	ghrianain	9
13082	barrancabermeja	9
13083	bubo	9
13084	scandiacus	9
13085	segunda	9
13086	calvo	9
13087	arbel	9
13088	còmhraidhean	9
13089	leas-rìoghachd	9
13090	cortes	9
13091	tambo	9
13092	meque	9
13093	pacho	9
13094	fur	9
13095	aquitaine	9
13096	mission	9
13097	chibcha	9
13098	sogamoso	9
13099	bhol	9
13100	citro	9
13101	siglo	9
13102	agrado	9
13103	documento	9
13104	estado	9
13105	brexit	9
13106	absolute	9
13107	catid	9
13108	laen	9
13109	teas-mheadhan	9
13110	talands	9
13111	giuseppe	9
13112	blackwell	9
13113	trefriw	9
13114	nàdarras	9
13115	berdychiv	9
13116	lambert	9
13117	eugène	9
13118	penrose	9
13119	h-àiridh	9
13120	louise	9
13121	arda	9
13122	libreoffice	9
13123	populations-legales	9
13124	depcom	9
13125	architecture	9
13126	sarwar	9
13127	akademie	9
13128	leibnitz	9
13129	tlands	9
13130	uu	9
13131	city-data	9
13132	oulu	9
13133	worldpresidentsdb	9
13134	blekinge	9
13135	svenskgeografi	9
13136	plotarea	9
13137	timeaxis	9
13138	orientation	9
13139	alignbars	9
13140	scalemajor	9
13141	ternopil	9
13142	droim	9
13143	latest	9
13144	honshu	9
13145	goya	9
13146	lagùn	9
13147	donostia	9
13148	comunidad	9
13149	lucus	9
13150	pueblos	9
13151	centros	9
13152	iesagraraices	9
13153	chuideachd	9
13154	mhainistir	9
13155	chnocain	9
13156	mhealbhaich	9
13157	stòir	9
13158	norwegian	9
13159	eilthireachd	9
13160	àrd-dhiùcachd	9
13161	vashem	9
13162	noms	9
13163	rankin	9
13164	ground	9
13165	getamap	9
13166	mhecklenburg-schwerin	9
13167	translations	9
13168	solothurn	9
13169	constance	9
13170	deventer	9
13171	kassel	9
13172	ferrol	9
13173	ramla	9
13174	constituency	9
13175	catch	9
13176	speakers	9
13177	dyirbal	9
13178	perthshire	9
13179	room	9
13180	nav	9
13181	cunntais	9
13182	dwellys	9
13183	iarmh	9
13184	reverse	9
13185	ghrùideach	9
13186	brewer	9
13187	mayo	9
13188	townlands	9
13189	bestirishfacts	9
13190	cain	9
13191	niel	9
13192	patten	9
13193	educa	9
13194	genga	9
13195	ships	9
13196	gravina	9
13197	gallais	9
13198	galo-ròmanach	9
13199	kohistani	9
13200	shina	9
13201	explore	9
13202	kern	9
13203	conon	9
13204	nde	9
13205	nationalgallery	9
13206	mèinneadh	9
13207	lelystad	9
13208	enschede	9
13209	clough	9
13210	wanted	9
13211	hooft	9
13212	macinnes	9
13213	dordrecht	9
13214	hundred	9
13215	bulgakov	9
13216	newspaper	9
13217	reul-fhiosaigiche	9
13218	connor	9
13219	apps	9
13220	passenger	9
13221	halt	9
13222	stopping	9
13223	sparkford	9
13224	rivers	9
13225	eastriggs	9
13226	carmichael	9
13227	jardine	9
13228	cinema	9
13229	crotal	9
13230	fargs	9
13231	mult	9
13232	marksize	9
13233	aren't	9
13234	defaultnamespaces	9
13235	nstext	9
13236	explicitly	9
13237	initialise	9
13238	checkvalue	9
13239	nsname	9
13240	canonicalname	9
13241	displays	9
13242	talktitle	9
13243	imageemptycell	9
13244	maincat	9
13245	displaying	9
13246	dinas	9
13247	clydach	9
13248	llansanffraid	9
13249	machynlleth	9
13250	llantrisant	9
13251	ynys-hir	9
13252	arberth	9
13253	caerwys	9
13254	pop-estimate	9
13255	frith-rathaid	9
13256	bhròchaill	9
13257	torrain	9
13258	tursa	9
13259	burra	9
13260	chlach-ghainmhich	9
13261	seilich	9
13262	countryside	9
13263	gruney	9
13264	coflein	9
13265	heinse	9
13266	feuerzangenbowle	9
13267	dhùghaill	9
13268	chuaich	9
13269	dìollaid	9
13270	ghrannd	9
13271	eàirdsidh	9
13272	arpitan	9
13273	auvergne-rh	9
13274	fuente	9
13275	opening	9
13276	comharradh-clèithe	9
13277	langaig	9
13278	hasco	9
13279	sheanta	9
13280	diùirnis	9
13281	taigh-caothaich	9
13282	craskie	9
13283	template's	9
13284	actually	9
13285	protocol-relative	9
13286	emits	9
13287	failing	9
13288	initialize	9
13289	defs	9
13290	indic	9
13291	proj	9
13292	sequential	9
13293	capitalized	9
13294	placeholder	9
13295	dots	9
13296	archiveformat	9
13297	publicationplace	9
13298	timecaption	9
13299	quotepages	9
13300	visible-error	9
13301	collect	9
13302	enumerator	9
13303	preprint	9
13304	stait	9
13305	sixteenth	9
13306	multi	9
13307	hechingen	9
13308	chòinnich	9
13309	ceathramhnan	9
13310	peutan	9
13311	t-aonach	9
13312	mhonar	9
13313	grands	9
13314	kayak	9
13315	hildburghausen	9
13316	siteid	9
13317	lorentz	9
13318	feynman	9
13319	baia	9
13320	antamonaidh	9
13321	samarium	9
13322	biosmat	9
13323	fraingium	9
13324	dh'ainmhich	9
13325	triantanachaidh	9
13326	gaitnip	9
13327	skird	9
13328	ghiorso	9
13329	mhic-a-phì	9
13330	reithean	9
13331	mhiùghalaigh	9
13332	fhèige	9
13333	wiley	9
13334	soacha	9
13335	angharad	9
13336	brynamman	9
13337	walters	9
13338	idwal	9
13339	prosser	9
13340	emyr	9
13341	muileann-gaidh	9
13342	inntealta	9
13343	encyklopedi	9
13344	falun	9
13345	lenngren	9
13346	templutl	9
13347	produces	9
13348	exported	9
13349	maxarg	9
13350	repeat	9
13351	builtin	9
13352	tonn-fhad	9
13353	nicollier	9
13354	mcmanus	9
13355	co-bharganachadh	9
13356	olomouc	9
13357	tablemerge	9
13358	monolingualtext	9
13359	valueraw	9
13360	itemgender	9
13361	sortkeys	9
13362	labelid	9
13363	belowstyle	9
13364	captionstyle	9
13365	subset	9
13366	osmanl	9
13367	genocide	9
13368	peirce	9
13369	harem	9
13370	began	9
13371	terror	9
13372	maritime	9
13373	armies	9
13374	subgroup	9
13375	navboxes	9
13376	basestyle	9
13377	groupstyle	9
13378	wikimania	9
13379	templatedata	9
13380	formatmessage	9
13381	jsonencode	9
13382	abbreviated	9
13383	flokkur	9
13384	katr	9
13385	parties-and-elections	9
13386	hjaltadalur	9
13387	landsfj	9
13388	haldsflokkurinn	9
13389	arsta	9
13390	propp	9
13391	outstr	9
13392	copytable	9
13393	subtype	9
13394	endtimey	9
13395	paramname	9
13396	vettel	9
13397	ludendorff	9
13398	landet	9
13399	fhèin's	9
13400	donetska	9
13401	chernivtsi	9
13402	kherson	9
13403	zalishchyky	9
13404	trostianets	9
13405	entity-id	9
13406	cardinal	9
13407	roundto	9
13408	topic's	9
13409	islabel	9
13410	replacetext	9
13411	lpre	9
13412	getvaluebyqual	9
13413	addr	9
13414	smolka	9
13415	rollaidh	9
13416	legendy	9
13417	canonical	9
13418	registrant	9
13419	spaced	9
13420	errtag	9
13421	testcases	9
13422	lastsect	9
13423	sectname	9
13424	mw-collapsible	9
13425	redirtitle	9
13426	textsp	9
13427	textew	9
13428	testx	9
13429	dotresult	9
13430	sgsortable	9
13431	miniw	9
13432	miniy	9
13433	fixedargs	9
13434	backnang	9
13435	leabhar-eòlais	8
13436	ue	8
13437	bheachdachadh	8
13438	fhuasgladh	8
13439	sysop	8
13440	validity	8
13441	someone	8
13442	connected	8
13443	kind	8
13444	agreement	8
13445	purpose	8
13446	maintained	8
13447	management	8
13448	fàs-bheairtean	8
13449	fàs-bheairt	8
13450	easier	8
13451	click	8
13452	anonymous	8
13453	confirm	8
13454	along	8
13455	submit	8
13456	difference	8
13457	merge	8
13458	hide	8
13459	administrator	8
13460	proifeasan	8
13461	dhealain	8
13462	h-inbhe	8
13463	mhata	8
13464	goill	8
13465	dhual-chainntean	8
13466	luchd-bruidhinn	8
13467	gheur	8
13468	ai	8
13469	ao	8
13470	io	8
13471	tròiseachan	8
13472	tuathanachas	8
13473	giogha	8
13474	adhbhrachadh	8
13475	mhionaid	8
13476	sasuinn	8
13477	homer	8
13478	cothromach	8
13479	elder	8
13480	èiphit	8
13481	macleoid	8
13482	ghualainn	8
13483	fuadaichte	8
13484	mhicgill-eain	8
13485	thiotal	8
13486	ghaol	8
13487	romhainn	8
13488	albaman	8
13489	lop	8
13490	prìomhachas	8
13491	thachartas	8
13492	ghobharaidh	8
13493	courier	8
13494	eubha	8
13495	sgeirsson	8
13496	essential	8
13497	sìobhaltas	8
13498	eagnaidh	8
13499	prionnsabal	8
13500	stuc	8
13501	cruinne-cè	8
13502	sgriobhadh	8
13503	ioran	8
13504	mheadhan-thìreach	8
13505	macdhonnchaidh	8
13506	dh'iomairt	8
13507	ailbhe	8
13508	hard	8
13509	hari	8
13510	crìost	8
13511	fionnghal	8
13512	garbhan	8
13513	gilleasbaig	8
13514	rory	8
13515	queensferry	8
13516	tuiteamas	8
13517	adelaide	8
13518	benedict	8
13519	boniface	8
13520	siena	8
13521	cornelius	8
13522	denis	8
13523	edith	8
13524	salle	8
13525	damascus	8
13526	syracuse	8
13527	neacail	8
13528	gaza	8
13529	abbasi	8
13530	lifestyle	8
13531	gràin-chinnidh	8
13532	gailearaidhean	8
13533	chuimhneachain	8
13534	pakistan	8
13535	sabhd	8
13536	honsh	8
13537	shikoku	8
13538	tàidh	8
13539	neo-eaglaiseach	8
13540	arab	8
13541	kenya	8
13542	msa	8
13543	mòr-shluagh	8
13544	bhan-rìgh	8
13545	sàr-obair	8
13546	myrdal	8
13547	myerson	8
13548	bengt	8
13549	prettytable	8
13550	lista	8
13551	becoming	8
13552	marxachas	8
13553	gèama	8
13554	maide	8
13555	elephant	8
13556	wilmington	8
13557	marquess	8
13558	chamberlain	8
13559	attlee	8
13560	heath	8
13561	darling	8
13562	cnatan	8
13563	audio	8
13564	mion-chànan	8
13565	ròmansach	8
13566	arabaich	8
13567	nauhatl	8
13568	mah	8
13569	hello	8
13570	pas	8
13571	ùcrain	8
13572	searbais	8
13573	devanagari	8
13574	fionnais	8
13575	hungarian	8
13576	esbjerg	8
13577	leudaich	8
13578	cliatha	8
13579	normanaich	8
13580	bagh	8
13581	creidimh	8
13582	comunist	8
13583	espana	8
13584	animal	8
13585	ceylon	8
13586	clàr-samhla	8
13587	bed	8
13588	gull	8
13589	mats	8
13590	pings	8
13591	argon	8
13592	fàs-bheartach	8
13593	johanna	8
13594	foc	8
13595	dheuchainnean	8
13596	curium	8
13597	niceal	8
13598	brighton	8
13599	innsbruck	8
13600	ghraz	8
13601	bherkeley	8
13602	pharas	8
13603	bhèineas	8
13604	fonndas	8
13605	perkin	8
13606	humboldt	8
13607	eth	8
13608	nottingham	8
13609	neiptiunium	8
13610	lafayette	8
13611	foto-cho-chur	8
13612	t-ochdamh	8
13613	bh'innte	8
13614	hoffmann	8
13615	manfred	8
13616	chuidiche	8
13617	t-institiud	8
13618	catalais	8
13619	alto	8
13620	palm	8
13621	crick	8
13622	moileciuil	8
13623	trier	8
13624	raasay	8
13625	ghreugaich	8
13626	bhean-uasal	8
13627	cananaich	8
13628	aoibhneas	8
13629	sanasan	8
13630	glòir	8
13631	warwick	8
13632	wola	8
13633	shaidheansail	8
13634	springer	8
13635	sverige	8
13636	milwaukee	8
13637	klippan	8
13638	fredericia	8
13639	mie	8
13640	adys	8
13641	stanis	8
13642	nietzsche	8
13643	klaus	8
13644	ej	8
13645	o'neill	8
13646	fars	8
13647	laxness	8
13648	gljufrasteinn	8
13649	gardur	8
13650	alb	8
13651	guadeloupe	8
13652	jean-paul	8
13653	beanntainn	8
13654	aleksandr	8
13655	honolulu	8
13656	moines	8
13657	portland	8
13658	montana	8
13659	espectador	8
13660	kim	8
13661	jar	8
13662	heaney	8
13663	essays	8
13664	providence	8
13665	virgin	8
13666	rèabhlaidich	8
13667	religious	8
13668	atlanta	8
13669	northwest	8
13670	bealltainn	8
13671	duffy	8
13672	referendum	8
13673	richter	8
13674	neach-cuideachaidh	8
13675	ruibidium	8
13676	mèinnearan	8
13677	alessandro	8
13678	clòrain	8
13679	dh'inntrig	8
13680	moscow	8
13681	gathan-x	8
13682	niobium	8
13683	haldane	8
13684	gottfried	8
13685	t-amas	8
13686	loisgeadh	8
13687	scottorum	8
13688	wuppertal	8
13689	dùmhlachd-sluaigh	8
13690	bosnia	8
13691	maputo	8
13692	malabo	8
13693	due	8
13694	conakry	8
13695	cheàrnag	8
13696	thailand	8
13697	phrìomh-baile	8
13698	mongòilia	8
13699	traigh	8
13700	somalia	8
13701	cameroon	8
13702	economy	8
13703	coup	8
13704	sìobhaltach	8
13705	sunday	8
13706	dh'aithghearr	8
13707	eliecer	8
13708	vichada	8
13709	fhrithealadh	8
13710	colombiano	8
13711	guayaquil	8
13712	atacama	8
13713	sala	8
13714	oriental	8
13715	obe	8
13716	traidisean	8
13717	ras	8
13718	zi	8
13719	duiseal	8
13720	chlàrsaich	8
13721	fillte	8
13722	uèir	8
13723	pràis	8
13724	fìdhle	8
13725	captain	8
13726	amen	8
13727	prose	8
13728	shligigh	8
13729	chiarra	8
13730	fiu's	8
13731	dh'fhuadaich	8
13732	cromarty	8
13733	priomh-bhaile	8
13734	saidhe	8
13735	cùbar	8
13736	arbhair	8
13737	thogas	8
13738	trithead	8
13739	shalcraig	8
13740	ghearmailtich	8
13741	tairbeirt	8
13742	cuideachail	8
13743	wire	8
13744	kemp	8
13745	cluichte	8
13746	oge	8
13747	plant	8
13748	sex	8
13749	bronn	8
13750	broilleach	8
13751	dumbarton	8
13752	aids	8
13753	ceitean	8
13754	chàradh	8
13755	luchd-naidheachd	8
13756	henson	8
13757	tilgeir	8
13758	a'ciallachadh	8
13759	thuiteas	8
13760	prothaid	8
13761	cuimrich	8
13762	mot	8
13763	crop	8
13764	dunn	8
13765	teachdail	8
13766	fredrik	8
13767	austen	8
13768	klerk	8
13769	mòr-eòlais	8
13770	t-sionnaich	8
13771	sealgairean	8
13772	asta	8
13773	h-ann	8
13774	ox-num	8
13775	scheele	8
13776	cearcallan	8
13777	hearach	8
13778	shlèiteach	8
13779	torach	8
13780	lùbadh	8
13781	torrachas	8
13782	todhar	8
13783	cian	8
13784	fhaodar	8
13785	cùmhnantan	8
13786	peilearan	8
13787	teicneòlach	8
13788	owl	8
13789	gallta	8
13790	rium	8
13791	slabhraidh	8
13792	basgaich	8
13793	euskal	8
13794	bhasgais	8
13795	security	8
13796	practice	8
13797	gogh	8
13798	ghabhsainn	8
13799	dhuilleag	8
13800	neo-mheatailtean	8
13801	jagger	8
13802	performance	8
13803	faces	8
13804	allmhaigh	8
13805	ye	8
13806	sgoir	8
13807	mhaireadh	8
13808	taighean-staile	8
13809	faray	8
13810	fair	8
13811	boyack	8
13812	ròsanna	8
13813	macgiobain	8
13814	hyslop	8
13815	nicillebhàin	8
13816	pauline	8
13817	cumnag	8
13818	rosbrog	8
13819	feise	8
13820	monarc	8
13821	charlton	8
13822	sgarradh	8
13823	sgoinneil	8
13824	instructions	8
13825	thought	8
13826	bàsmhor	8
13827	bod	8
13828	ghaolaich	8
13829	merry	8
13830	marcaichean	8
13831	tòrachd	8
13832	biast	8
13833	iochd	8
13834	maitheas	8
13835	shealbh	8
13836	fàinnean	8
13837	atharraichidh	8
13838	càileachd	8
13839	peri	8
13840	eadar-theangaichte	8
13841	àrd-ùrlair	8
13842	bhuannachd	8
13843	chòisir	8
13844	fàbharach	8
13845	roghnaich	8
13846	rèiteachaidhean	8
13847	eg	8
13848	suaicheanta	8
13849	fhireannaich	8
13850	elliott	8
13851	iosal	8
13852	stamag	8
13853	bràthair-màthar	8
13854	leanaban	8
13855	feabhas	8
13856	fhaighean	8
13857	fit	8
13858	money	8
13859	bhàth	8
13860	niedersachsen	8
13861	burnett	8
13862	rolf	8
13863	nua	8
13864	t-slèibhe	8
13865	brennan	8
13866	game	8
13867	dhùthchasach	8
13868	spàinneach	8
13869	phiuthair	8
13870	dh'atharraicheadh	8
13871	danu	8
13872	sealgair	8
13873	ailill	8
13874	chleachadh	8
13875	journey	8
13876	laogh	8
13877	seann-sgeul	8
13878	luchd-aithris	8
13879	h-òganaich	8
13880	litreachan	8
13881	eachdraichean	8
13882	lin	8
13883	randolph	8
13884	fuachd	8
13885	vale	8
13886	bhall-coise	8
13887	chathair-bhaile	8
13888	eisimeil	8
13889	dannsairean	8
13890	anmoch	8
13891	comannachd	8
13892	caoile	8
13893	leòntan	8
13894	trotsky	8
13895	os-fhìreach	8
13896	currach	8
13897	dh'iompaich	8
13898	fhiadhaich	8
13899	dèid	8
13900	crùintean	8
13901	lunn	8
13902	brabhsair	8
13903	co-ghleusaiche	8
13904	leasanan	8
13905	samhainn	8
13906	maoidheadh	8
13907	firinn	8
13908	fìrinnean	8
13909	buen	8
13910	urchardan	8
13911	ghleidheadh	8
13912	shabhal	8
13913	lena	8
13914	rugby	8
13915	cleopatra	8
13916	ptolemy	8
13917	t-seann-ròimh	8
13918	willem	8
13919	haifa	8
13920	tharruinn	8
13921	ficheadan	8
13922	fhiodh	8
13923	t-inneal	8
13924	feis	8
13925	ghairmeadh	8
13926	stiùiridh	8
13927	shinty	8
13928	a-rithis	8
13929	pravda	8
13930	urquhart	8
13931	en-gb	8
13932	thony	8
13933	chailleannach	8
13934	ginger	8
13935	aoireil	8
13936	gelfling	8
13937	rèiteachaidh	8
13938	loudoun	8
13939	fhìobh	8
13940	mòdan	8
13941	gualainn	8
13942	grimm	8
13943	shaothrachadh	8
13944	miranda	8
13945	co-ghnèitheach	8
13946	mis	8
13947	soisgeul	8
13948	sheile	8
13949	làirig	8
13950	faicsinneach	8
13951	cèine	8
13952	nyheter	8
13953	bhrùthadh	8
13954	fulaing	8
13955	ìochdair	8
13956	aramais	8
13957	dearc-luachrach	8
13958	aoine	8
13959	co-ionnanachd	8
13960	margaid	8
13961	teintean	8
13962	iomraidh	8
13963	alighieri	8
13964	islington	8
13965	fetlar	8
13966	mousa	8
13967	ah	8
13968	barabhas	8
13969	làthaireachd	8
13970	stil	8
13971	apaichean	8
13972	liatha	8
13973	seillean	8
13974	obair-lannsa	8
13975	prìseil	8
13976	phillip	8
13977	o'donnell	8
13978	t-samhainn	8
13979	zulu	8
13980	slaic	8
13981	crowe	8
13982	neach-obrach	8
13983	bhraisil	8
13984	deutscher	8
13985	dheuchainn	8
13986	vote	8
13987	reagan	8
13988	t-seagh	8
13989	gearr	8
13990	zinoviev	8
13991	fhàgadh	8
13992	gis	8
13993	huri	8
13994	population-losses	8
13995	rosg-rann	8
13996	clàs	8
13997	comparative	8
13998	làthaireach	8
13999	dàimheach	8
14000	noah	8
14001	a-tuath	8
14002	aisealan	8
14003	burke	8
14004	dhealbhachadh	8
14005	theasachadh	8
14006	pùdar	8
14007	mairbh	8
14008	treànadh	8
14009	adag	8
14010	baisteadh	8
14011	adharc	8
14012	cinne-daonna	8
14013	tiormachadh	8
14014	sreang	8
14015	tarsgabhaig	8
14016	àit	8
14017	feumalachd	8
14018	fheart	8
14019	lighichean	8
14020	leigheasan	8
14021	cropped	8
14022	bioball	8
14023	bharr	8
14024	urchair	8
14025	leanna	8
14026	aluiminium	8
14027	chanàil	8
14028	beith	8
14029	mercury	8
14030	solex	8
14031	tomhas-lìonaidh	8
14032	venus	8
14033	clòraid	8
14034	morning	8
14035	cèasar	8
14036	dimàirt	8
14037	diciadain	8
14038	unicornis	8
14039	carlisle	8
14040	memories	8
14041	t-astar	8
14042	cosgail	8
14043	shinto	8
14044	dibhearsain	8
14045	cano	8
14046	fishing	8
14047	shorts	8
14048	republik	8
14049	pasgan	8
14050	tuagh	8
14051	spartacus	8
14052	fhàsaich	8
14053	deilbh	8
14054	fàsaich	8
14055	plate	8
14056	colonia	8
14057	fungas	8
14058	capall-coille	8
14059	claigeann	8
14060	winnie	8
14061	pruiseanach	8
14062	comaig	8
14063	cuilce	8
14064	bataraidhean	8
14065	bàta-teasairginn	8
14066	towards	8
14067	sgeap	8
14068	shoitheach	8
14069	beum	8
14070	antargtaga	8
14071	gorbachev	8
14072	iompaire	8
14073	biodag	8
14074	tanach	8
14075	swan	8
14076	novel	8
14077	klevenhaus	8
14078	ghrunnd	8
14079	puist	8
14080	clò-bhualaidh	8
14081	panel	8
14082	piobar	8
14083	hen	8
14084	darby	8
14085	snùcair	8
14086	cèitein	8
14087	holmes	8
14088	allende	8
14089	orwell	8
14090	rampjaar	8
14091	dosgainne	8
14092	amundsen	8
14093	parakeet	8
14094	crispus	8
14095	material	8
14096	platypus	8
14097	sel	8
14098	jonas	8
14099	iauliai	8
14100	bernhard	8
14101	ramsaigh	8
14102	bohrium	8
14103	fìona	8
14104	breitheamh	8
14105	prime	8
14106	dh'inbhir	8
14107	thana	8
14108	misean	8
14109	radionangaidheal	8
14110	facaloirbh	8
14111	àrd-oifigear	8
14112	seudan	8
14113	t-sealgair	8
14114	achdan	8
14115	bruachan	8
14116	seòlaidh	8
14117	hercules	8
14118	grytviken	8
14119	dealbh-sgrìobhadh	8
14120	blackwater	8
14121	borth	8
14122	dmitri	8
14123	mendeleev	8
14124	iom-fhillte	8
14125	fhreiceadan	8
14126	duitsich	8
14127	reòthadh	8
14128	jeanne	8
14129	crìostaidhean	8
14130	blazin	8
14131	riverside	8
14132	h-iomairtean	8
14133	dòigh-sgrìobhaidh	8
14134	cnàimh	8
14135	pòlainne	8
14136	mhorail	8
14137	coal	8
14138	meeting	8
14139	saintsplaces	8
14140	nrscotland	8
14141	valuation-rolls	8
14142	notes-on-burghs	8
14143	bhuirgh	8
14144	foot	8
14145	gaoith	8
14146	craolaidh	8
14147	definitions	8
14148	apia	8
14149	antonine	8
14150	reeves	8
14151	cheàrna	8
14152	farfar	8
14153	gurraig	8
14154	neo-eisimeilich	8
14155	luchd-ciùird	8
14156	argyll	8
14157	ltskog	8
14158	largest-cities-in-netherlands	8
14159	tashkent	8
14160	penh	8
14161	mediterranean	8
14162	gàsa	8
14163	doha	8
14164	afon	8
14165	meer	8
14166	buill-choise	8
14167	minh	8
14168	whisky	8
14169	langais	8
14170	seòmarach	8
14171	mhinisteir	8
14172	inghean	8
14173	fanaid	8
14174	prìomh-oifisean	8
14175	boyle	8
14176	ghiblein	8
14177	ceapaich	8
14178	bocsair	8
14179	fhein	8
14180	ciorramaich	8
14181	fhuadach	8
14182	co-iomlaideachd	8
14183	ceannaichean	8
14184	freiceadan	8
14185	fortress	8
14186	gearan	8
14187	sgàthaich	8
14188	healabhal	8
14189	phluic	8
14190	halle-wittenberg	8
14191	databaseresult	8
14192	atoz	8
14193	neach-cruinneachaidh	8
14194	eton	8
14195	primrose	8
14196	copernicus	8
14197	toru	8
14198	bhologna	8
14199	imola	8
14200	chologne	8
14201	federation	8
14202	uimhirean	8
14203	cròthaise	8
14204	bhò	8
14205	bey	8
14206	h-oirthire	8
14207	dhleastanas	8
14208	neach-leantainn	8
14209	dillon	8
14210	trèigte	8
14211	rèse	8
14212	dee	8
14213	soirbheas	8
14214	dheireannaich	8
14215	neo-chothromach	8
14216	ace	8
14217	dhìonadh	8
14218	prod	8
14219	aicese	8
14220	diogan	8
14221	tai-bhàn	8
14222	cliabh	8
14223	cliabhaireachd	8
14224	cearclach	8
14225	mcneill	8
14226	gàraidhean	8
14227	ainu	8
14228	sqa	8
14229	cope	8
14230	chlamhain	8
14231	dùnain	8
14232	banachdaich	8
14233	cheàrr	8
14234	bla	8
14235	th'air	8
14236	hyde	8
14237	ibadan	8
14238	pulo	8
14239	iglesia	8
14240	in-mhalairt	8
14241	ceann-tìre	8
14242	chadha	8
14243	dhìochuimhneachadh	8
14244	savage	8
14245	h-innd-innse	8
14246	bàtaichean-aiseig	8
14247	co-aontaran	8
14248	tìdsear	8
14249	t-sabaid	8
14250	bhamako	8
14251	pìob	8
14252	portagaile	8
14253	christianity	8
14254	gay-lussac	8
14255	stèiseanan-rèile	8
14256	sgoilt	8
14257	iolairean	8
14258	solarachadh	8
14259	venice	8
14260	lyndon	8
14261	deidheadh	8
14262	cycle	8
14263	tuinneachadh	8
14264	dacia	8
14265	beattie	8
14266	hamhaig	8
14267	leintean	8
14268	mozuku	8
14269	ìobairteach	8
14270	cealsach	8
14271	kuban	8
14272	sergei	8
14273	gro-scotland	8
14274	publications-and-data	8
14275	allmhagh	8
14276	fhàil	8
14277	bùchainn	8
14278	dh'ionnsachadh	8
14279	townhistory	8
14280	moffat	8
14281	rbge	8
14282	americanpresidents	8
14283	presidentnumber	8
14284	c-span	8
14285	cover	8
14286	pixels	8
14287	opaque	8
14288	purposes	8
14289	preserve	8
14290	losaidh	8
14291	bhalgaidh	8
14292	maybole	8
14293	tuaim	8
14294	kosningasaga	8
14295	forsetakosningar	8
14296	hou	8
14297	houmet	8
14298	ortac	8
14299	stark	8
14300	hous	8
14301	gloria	8
14302	neach-sgrùdaidh	8
14303	franche-comt	8
14304	dasht-e	8
14305	yarmouth	8
14306	ijmuiden	8
14307	ro-innleachd	8
14308	easain	8
14309	cathy	8
14310	goilearan	8
14311	abairthusa	8
14312	raoird	8
14313	ireamh	8
14314	brewery	8
14315	metair	8
14316	raonasa	8
14317	mòr-bhùth	8
14318	preantasachd	8
14319	cupar	8
14320	liùrbost	8
14321	czech	8
14322	donovan	8
14323	distillery	8
14324	graeme	8
14325	cuilinn	8
14326	hutton	8
14327	bhinn	8
14328	ksson	8
14329	togaidh	8
14330	leòinte	8
14331	campachadh	8
14332	t-easbaig	8
14333	champa	8
14334	clyde	8
14335	aonaich	8
14336	stùc	8
14337	treasure	8
14338	luchd-sgrùdaidh	8
14339	towndetails	8
14340	americans	8
14341	cinnidheachd	8
14342	soithichean	8
14343	shaorsa	8
14344	ionad-fiosrachaidh	8
14345	cùramach	8
14346	shall	8
14347	looked	8
14348	innes	8
14349	wilkins	8
14350	sgorr	8
14351	thrioblaid	8
14352	tocqueville	8
14353	prìomh-rathad	8
14354	rey	8
14355	mira	8
14356	tomos	8
14357	barba	8
14358	thabhartas	8
14359	mos	8
14360	pheallaidh	8
14361	ionad-sgìthidh	8
14362	eadar-dhealachaidhean	8
14363	dheànadh	8
14364	eusebio	8
14365	coldingham	8
14366	macanta	8
14367	vanguardia	8
14368	epdlp	8
14369	educaci	8
14370	deportivo	8
14371	novas	8
14372	morabhia	8
14373	valledupar	8
14374	quibd	8
14375	mocoa	8
14376	steall	8
14377	tripadvisor	8
14378	trip	8
14379	lockerbie	8
14380	meteo	8
14381	consult	8
14382	pres	8
14383	colombianos	8
14384	gobernantes	8
14385	terra	8
14386	edad	8
14387	guadalquivir	8
14388	obald	8
14389	acosta	8
14390	michelsen	8
14391	caicedo	8
14392	cho-chaidreachas	8
14393	modesto	8
14394	antonia	8
14395	seiseanan	8
14396	jose	8
14397	regiones	8
14398	magangu	8
14399	cocuy	8
14400	concepci	8
14401	miraflores	8
14402	villeta	8
14403	campoalegre	8
14404	magaidh	8
14405	sgaraidhean	8
14406	crann-togail	8
14407	caracol	8
14408	miami	8
14409	bhòtaidh	8
14410	yetholm	8
14411	ceann-fheadhna	8
14412	temas	8
14413	zipaquir	8
14414	fear-poileataigs	8
14415	guasca	8
14416	shabaideadh	8
14417	aberaeron	8
14418	teampaill	8
14419	wollaston	8
14420	nocaima	8
14421	thrust	8
14422	bel	8
14423	archiv	8
14424	pàpan	8
14425	humphrey	8
14426	allmusic	8
14427	mumford	8
14428	tudur	8
14429	goriot	8
14430	dinnsear	8
14431	curcuma	8
14432	lexicon	8
14433	reilly	8
14434	connrag	8
14435	sàrdais	8
14436	cole-hamilton	8
14437	doris	8
14438	tuigidh	8
14439	emilia-romagna	8
14440	ortnamnslexikon	8
14441	tampere	8
14442	nasser	8
14443	titov	8
14444	elizate	8
14445	comparison	8
14446	gid	8
14447	sfondo	8
14448	scaleminor	8
14449	canvas	8
14450	phozna	8
14451	genuki	8
14452	foinìsis	8
14453	boletinfilologia	8
14454	uchile	8
14455	oviedo	8
14456	eustat	8
14457	ies	8
14458	lecoq	8
14459	pujal	8
14460	pau	8
14461	chomharraicheadh	8
14462	newsid	8
14463	chruinneachaidh	8
14464	chion	8
14465	amharc-lann	8
14466	muammar	8
14467	saarbr	8
14468	tiro	8
14469	polen	8
14470	bydgoszcz	8
14471	eberhard	8
14472	openoffice	8
14473	stam	8
14474	pròsdanachas	8
14475	dialog	8
14476	baden	8
14477	leòmhainn	8
14478	plattd	8
14479	carduelis	8
14480	sgrìn	8
14481	mgalba	8
14482	wp-content	8
14483	quick	8
14484	rule	8
14485	learg	8
14486	eroj	8
14487	biblio	8
14488	valentina	8
14489	tereshkova	8
14490	macpherson	8
14491	hendrikse	8
14492	toirdhealbhach	8
14493	ceolt	8
14494	dig	8
14495	ruair	8
14496	saoirse	8
14497	boydell	8
14498	phròiseis	8
14499	irelandgenweb	8
14500	irlmay	8
14501	geog	8
14502	copop	8
14503	laois	8
14504	leathan	8
14505	parton	8
14506	com-pàirteachaidh	8
14507	llach	8
14508	premio	8
14509	belluno	8
14510	galbraith	8
14511	greasadair-mhìrean	8
14512	puglia	8
14513	maclachlainn	8
14514	leabharmor	8
14515	pashayi	8
14516	lahnda	8
14517	sindhi	8
14518	pamir	8
14519	balochi	8
14520	suomi	8
14521	amersfoort	8
14522	jacobs	8
14523	laren	8
14524	nijmegen	8
14525	drenthe	8
14526	rijksmuseum	8
14527	mheatair	8
14528	fri	8
14529	mathias	8
14530	brood	8
14531	stuff	8
14532	terneuzen	8
14533	saenredam	8
14534	guys	8
14535	roland	8
14536	opened	8
14537	t-sìthein	8
14538	samscruta	8
14539	tinwald	8
14540	clarencefield	8
14541	eskdalemuir	8
14542	mouswald	8
14543	shopping	8
14544	scholar	8
14545	damaichean	8
14546	hightae	8
14547	scripts	8
14548	ohcincinnati	8
14549	cleachdaiche	8
14550	explicit	8
14551	parser	8
14552	tested	8
14553	console	8
14554	indexed	8
14555	getmapparams	8
14556	relief	8
14557	undefined	8
14558	skew	8
14559	whatever	8
14560	suppressed	8
14561	nscategory	8
14562	mtabletools	8
14563	dealing	8
14564	isnan	8
14565	deepcopy	8
14566	earliest	8
14567	subtable	8
14568	templatecategory	8
14569	templatetitle	8
14570	talktext	8
14571	globalframe	8
14572	dmstest	8
14573	dec-lat	8
14574	specprinter	8
14575	generated	8
14576	firstpostfix	8
14577	secondpostfix	8
14578	converts	8
14579	mainspace	8
14580	abercarn	8
14581	bargod	8
14582	cwmafan	8
14583	llanbadarn	8
14584	llanberis	8
14585	llanandras	8
14586	rhuddlan	8
14587	bwcle	8
14588	orsedd	8
14589	auskerry	8
14590	couters	8
14591	chailleach	8
14592	largest	8
14593	ifor	8
14594	cailleann	8
14595	mheadhoin	8
14596	h-achlaise	8
14597	ghead	8
14598	dh'abhainn	8
14599	coming	8
14600	meadhoin	8
14601	lìomhann	8
14602	gedd	8
14603	chepman	8
14604	myllar	8
14605	henryson	8
14606	meilich	8
14607	argyll-bute	8
14608	aman	8
14609	tarsuinn	8
14610	bradh	8
14611	addax	8
14612	cuvieri	8
14613	trad	8
14614	hostname	8
14615	fully	8
14616	series-link	8
14617	parameter's	8
14618	bdi	8
14619	controls	8
14620	generational	8
14621	semicolon	8
14622	semicolons	8
14623	editor-last	8
14624	piped	8
14625	wraps	8
14626	variations	8
14627	figure	8
14628	priority	8
14629	publication-place	8
14630	collaboration	8
14631	date-holding	8
14632	publication-date	8
14633	scriptperiodical	8
14634	trans-title	8
14635	foreword	8
14636	hidden-error	8
14637	suggestion	8
14638	suggested	8
14639	strow	8
14640	kreis	8
14641	candidate	8
14642	sagsainn-gotha-altenburg	8
14643	jahre	8
14644	herzog	8
14645	juengere	8
14646	bernburg	8
14647	sagsainn-meiningen	8
14648	fromme	8
14649	spectator	8
14650	conbhairean	8
14651	hassium	8
14652	quinte	8
14653	spidean	8
14654	alcaileach	8
14655	geoff	8
14656	lands	8
14657	nutritionistcluj	8
14658	informatii-utile	8
14659	lista-judete-resedinte-prefix-indicativ-auto-romania	8
14660	nutritionist	8
14661	welcometoromania	8
14662	harta	8
14663	judete	8
14664	istoria-numelor-judetelor-romania-provine-denumirea-regiunii-locuiti	8
14665	recensmant	8
14666	harta-noii-romanii	8
14667	talmhaidh	8
14668	ogsaidicheadh	8
14669	melville	8
14670	scandium	8
14671	còbalt	8
14672	strontium	8
14673	siorcònium	8
14674	indium	8
14675	aidhodain	8
14676	tailium	8
14677	astatain	8
14678	sgeireach	8
14679	judith	8
14680	gahn	8
14681	reul-eòlach	8
14682	ytterby	8
14683	dehs	8
14684	polytechnique	8
14685	bùrgairean	8
14686	miffia	8
14687	gruf	8
14688	menor	8
14689	co-institiud	8
14690	dawson	8
14691	taigheadais	8
14692	semana	8
14693	mesis	8
14694	colombia-info	8
14695	historia-de-colombia	8
14696	presidentes-de-colombia	8
14697	neach-ionlaid	8
14698	freumahn	8
14699	rhoda	8
14700	frycheiniog	8
14701	josiah	8
14702	aneurin	8
14703	gethin	8
14704	lina	8
14705	idris	8
14706	elwyn	8
14707	emery	8
14708	wilf	8
14709	garnant	8
14710	cilfynydd	8
14711	orphan	8
14712	keri	8
14713	fitzpatrick	8
14714	adamson	8
14715	lighthill	8
14716	dermanlands	8
14717	stockholms	8
14718	sanas-leabhran	8
14719	fàrr	8
14720	frett	8
14721	visby	8
14722	varberg	8
14723	cartes-plans	8
14724	schmiterl	8
14725	kommun	8
14726	aftonbladet	8
14727	havsomr	8
14728	windfinder	8
14729	errclasses	8
14730	textyear	8
14731	textday	8
14732	categorizemissing	8
14733	listtotext	8
14734	eliogar	8
14735	fo-thalamh	8
14736	hlau	8
14737	longniddry	8
14738	eadra	8
14739	ideòlas	8
14740	sgrios-cinnidh	8
14741	ankhesenamun	8
14742	coitir	8
14743	pardubice	8
14744	hrad	8
14745	getlabelbylang	8
14746	getlabelbylangs	8
14747	no-icon	8
14748	getunit	8
14749	shownovalue	8
14750	indices	8
14751	liststyle	8
14752	headerid	8
14753	subheaderstyle	8
14754	italictitle	8
14755	bodyclass	8
14756	moreargumentsexist	8
14757	prefixargname	8
14758	counting	8
14759	manisa	8
14760	yay	8
14761	otomanaich	8
14762	edirne	8
14763	sovereignty	8
14764	fifteenth	8
14765	armed	8
14766	kulturnav	8
14767	isni	8
14768	nowrapitems	8
14769	jell-o	8
14770	headhra	8
14771	ndataset	8
14772	adk	8
14773	gamli	8
14774	kosning	8
14775	althingiskosningar	8
14776	arson	8
14777	kom	8
14778	dì-dhaoineachadh	8
14779	finish	8
14780	sveitarfelogin	8
14781	lagra	8
14782	auglysing-um-frambod-og-kjor-forseta-islands	8
14783	rnarri	8
14784	anailise	8
14785	stadastaigeil	8
14786	landskjor	8
14787	analysisicelandelection	8
14788	landskj	8
14789	skemman	8
14790	chlàr-ama	8
14791	mbmix	8
14792	rawequal	8
14793	badges	8
14794	starttime	8
14795	endtime	8
14796	replacedecimalmark	8
14797	unitonly	8
14798	starttimey	8
14799	lastarg	8
14800	desired	8
14801	fia	8
14802	alfa	8
14803	kimi	8
14804	ikk	8
14805	lance	8
14806	sainz	8
14807	haas-ferrari	8
14808	mclaren	8
14809	ricciardo	8
14810	williams-mercedes	8
14811	ro-fharpais	8
14812	bucha	8
14813	noum	8
14814	eucoireach-cogaidh	8
14815	himmler	8
14816	tulcea	8
14817	daci	8
14818	dnipropetrovska	8
14819	sievierodonetsk	8
14820	eiu	8
14821	uman	8
14822	wikidataib	8
14823	dprec	8
14824	linkprefix	8
14825	lpost	8
14826	proptbl	8
14827	prevp	8
14828	paraset	8
14829	pval	8
14830	vqualifiers	8
14831	useimage	8
14832	excludeproperties	8
14833	locomotaibh	8
14834	durr	8
14835	uncategorized	8
14836	no-tracking	8
14837	author-first	8
14838	author-given	8
14839	author-surname	8
14840	inverted	8
14841	usenet	8
14842	letterdigit	8
14843	digitletter	8
14844	reformatted	8
14845	captures	8
14846	embargoed	8
14847	incorrect	8
14848	issued	8
14849	ofi	8
14850	lookupnamespacearg	8
14851	nsinfo	8
14852	processportalargs	8
14853	indent	8
14854	numsections	8
14855	searchresult	8
14856	currenttitle	8
14857	leadout	8
14858	charset	8
14859	moshling	8
14860	wenger	8
14861	textsz	8
14862	hardgrey	8
14863	edges	8
14864	dotval	8
14865	postype	8
14866	argindex	8
14867	rotate	8
14868	mapjson	8
14869	dotlist	8
14870	maplink	8
14871	frame-coord	8
14872	frame-lat	8
14873	frame-long	8
14874	isthumbnail	8
14875	classlist	8
14876	overlaymap	8
14877	getbeststatement	8
14878	showshape	8
14879	masklabels	8
14880	passau	8
14881	matha	7
14882	idhich	7
14883	bheireas	7
14884	bhunaiteach	7
14885	troma	7
14886	aristotle	7
14887	update	7
14888	thric	7
14889	cruinneadaireachd	7
14890	easchruthach	7
14891	mhatamataigeach	7
14892	h-innealan	7
14893	eaconamachd	7
14894	eoghan	7
14895	disclaimer	7
14896	alter	7
14897	won't	7
14898	contributors	7
14899	design	7
14900	risk	7
14901	declaration	7
14902	disclaimers	7
14903	bhriste	7
14904	hit	7
14905	discussion	7
14906	watchlist	7
14907	upload	7
14908	password	7
14909	sent	7
14910	chosen	7
14911	blocked	7
14912	contact	7
14913	registered	7
14914	context	7
14915	credits	7
14916	shown	7
14917	saved	7
14918	came	7
14919	usernames	7
14920	problem	7
14921	mathematical	7
14922	amharclann	7
14923	stutha	7
14924	feumalachdan	7
14925	sas	7
14926	muigh	7
14927	leasaicheadh	7
14928	gaeltachta	7
14929	fo-thiotalan	7
14930	luinn	7
14931	cuaraidhean	7
14932	dh'iomain	7
14933	athletic	7
14934	eucoirean	7
14935	acasan	7
14936	theacsaichean	7
14937	diofaran	7
14938	nàiseantachas	7
14939	pheathraichean	7
14940	thobar	7
14941	dh'fhairich	7
14942	ospadail	7
14943	gealach	7
14944	ellon	7
14945	donaidh	7
14946	cùrsa-beatha	7
14947	treabhadh	7
14948	caochlaideach	7
14949	cruithneachd	7
14950	bheathaich	7
14951	bord	7
14952	fhaigh	7
14953	àrd-sgoile	7
14954	adhartaiche	7
14955	the-mod	7
14956	feallsanaichean	7
14957	augustine	7
14958	rhallsson	7
14959	dietrich	7
14960	bancaireachd	7
14961	aoradh	7
14962	gàirnealachd	7
14963	tritheamh	7
14964	cothlamadh	7
14965	h-àisia	7
14966	beathaich	7
14967	uaighean	7
14968	teicneòlasan	7
14969	iarrainn	7
14970	mungan	7
14971	baillieston	7
14972	mungo	7
14973	thionndaich	7
14974	chulainn	7
14975	tilgeil	7
14976	theaghlaichean	7
14977	coireachan	7
14978	diofair	7
14979	iasgaireachd	7
14980	dh'eaconomaidh	7
14981	chuartachadh	7
14982	aluinn	7
14983	lexy	7
14984	brìde	7
14985	creig	7
14986	aodhagan	7
14987	engus	7
14988	aonghasan	7
14989	bhaltair	7
14990	calman	7
14991	caomh	7
14992	cainneach	7
14993	cormac	7
14994	dùbhghlas	7
14995	lulach	7
14996	tearlach	7
14997	eh	7
14998	kidnapped	7
14999	linn-deighe	7
15000	cruth-tìre	7
15001	sraid	7
15002	sgap	7
15003	mu'n	7
15004	ghilleasbuig	7
15005	heriot-watt	7
15006	anglach	7
15007	chad	7
15008	lucius	7
15009	oswald	7
15010	companaich	7
15011	sylvester	7
15012	ulrich	7
15013	idhlig	7
15014	indus	7
15015	chultarach	7
15016	dh'iomadh	7
15017	singeapòr	7
15018	kuala	7
15019	lumpur	7
15020	misneachd	7
15021	chliùiteach	7
15022	caidreachais	7
15023	hampden	7
15024	h-innsean	7
15025	butàn	7
15026	fògarrach	7
15027	t-eun	7
15028	pradesh	7
15029	oifigeal	7
15030	ghàsa	7
15031	cheinia	7
15032	memory	7
15033	arrow	7
15034	becker	7
15035	shapley	7
15036	abcdef	7
15037	static	7
15038	eireannach	7
15039	channel	7
15040	tadhalan	7
15041	chatham	7
15042	pholl	7
15043	bonar	7
15044	callaghan	7
15045	glèidhteachail	7
15046	amhr	7
15047	luchd-cànanachais	7
15048	ghallais	7
15049	hai	7
15050	ore	7
15051	hispania	7
15052	zar	7
15053	co-oifigeil	7
15054	walloon	7
15055	heartsagobhana	7
15056	krist	7
15057	fèin-aithne	7
15058	sagsannaich	7
15059	devan	7
15060	albanian	7
15061	cainnte	7
15062	slabhais	7
15063	dhùbailte	7
15064	kurf	7
15065	mì-thoilichte	7
15066	bhergen	7
15067	mholdobha	7
15068	aon-roinneil	7
15069	mad	7
15070	flower	7
15071	phoball	7
15072	eight	7
15073	nàdar-fheallsanachd	7
15074	ttern	7
15075	fria	7
15076	lanner	7
15077	gobhair	7
15078	rayleigh	7
15079	criopton	7
15080	senon	7
15081	innleachdairean	7
15082	fhàs-bheartach	7
15083	hofmann	7
15084	laitbhia	7
15085	fluarain	7
15086	passy	7
15087	polonium	7
15088	s'e	7
15089	carcassonne	7
15090	fàs-bheairteach	7
15091	grignard	7
15092	taigh-grùide	7
15093	ljubljana	7
15094	kopparberg	7
15095	fosfaras	7
15096	northrop	7
15097	cologne	7
15098	karplus	7
15099	ruhr	7
15100	woodward	7
15101	porter	7
15102	trachdas	7
15103	sarajevo	7
15104	clèireach	7
15105	soladach	7
15106	chraicinn	7
15107	òson	7
15108	postdoc	7
15109	pople	7
15110	macdiarmid	7
15111	phennsylvania	7
15112	sioux	7
15113	shoilleir	7
15114	baraille	7
15115	thugainn	7
15116	bilean	7
15117	duine-uasal	7
15118	remains	7
15119	reiceadh	7
15120	odhair	7
15121	beantainn	7
15122	sonas	7
15123	meòrachadh	7
15124	virgilio	7
15125	alva	7
15126	selma	7
15127	garbo	7
15128	yonne	7
15129	radan	7
15130	welt	7
15131	mater	7
15132	growth	7
15133	oilimpeach	7
15134	sgàths	7
15135	bengali	7
15136	acad	7
15137	ireannach	7
15138	h-èirinn	7
15139	monroe	7
15140	gard	7
15141	buck	7
15142	meenkyr	7
15143	einar	7
15144	sartre	7
15145	mihail	7
15146	gulag	7
15147	boden	7
15148	eugenio	7
15149	jefferson	7
15150	vegas	7
15151	nuevo	7
15152	xico	7
15153	memphis	7
15154	ameireaga-a-tuath	7
15155	thasman	7
15156	giorradan	7
15157	winnipeg	7
15158	sheàrlot	7
15159	mi'kmaq	7
15160	h-èireannaich	7
15161	bhanadium	7
15162	catailis	7
15163	copley	7
15164	bhun-bheachd	7
15165	t-soillseachaidh	7
15166	varde	7
15167	kirchhoff	7
15168	sampla	7
15169	truro	7
15170	bòron	7
15171	phiàna	7
15172	oct	7
15173	repubblica	7
15174	causant	7
15175	eochaid	7
15176	cuil	7
15177	fhionnlaigh	7
15178	ech	7
15179	uilliam	7
15180	croatia	7
15181	macedonia	7
15182	moldova	7
15183	regions	7
15184	ertra	7
15185	mayotte	7
15186	kampala	7
15187	kinshasa	7
15188	ncipe	7
15189	relative	7
15190	ceuta	7
15191	madeira	7
15192	porto-novo	7
15193	praia	7
15194	freetown	7
15195	total	7
15196	mhaladaibh	7
15197	rioghachd	7
15198	kuwait	7
15199	riyadh	7
15200	famous	7
15201	soto	7
15202	java	7
15203	manila	7
15204	tourism	7
15205	bangkok	7
15206	geos	7
15207	ulan	7
15208	tajikistan	7
15209	greim-cridhe	7
15210	ethiopia	7
15211	rwanda	7
15212	seychelles	7
15213	afraga-an-ear	7
15214	tanzania	7
15215	ang	7
15216	mauritius	7
15217	cholonaidhean	7
15218	avril	7
15219	mozambique	7
15220	afraga-an-iar	7
15221	gambia	7
15222	sealbhachadh	7
15223	geall	7
15224	bolivia	7
15225	violencia	7
15226	farc	7
15227	bailtean-mòra	7
15228	quind	7
15229	risaralda	7
15230	providencia	7
15231	ecuador	7
15232	lika	7
15233	jen	7
15234	montevideo	7
15235	latina	7
15236	fheallsanaiche	7
15237	smaointinn	7
15238	sheòrsachan	7
15239	ionnsramaid	7
15240	cleas	7
15241	irigh	7
15242	d'thàinig	7
15243	èirinneach	7
15244	leathar	7
15245	maith	7
15246	tuathach	7
15247	connacht	7
15248	garman	7
15249	mhuineach	7
15250	dunbartonshire	7
15251	a-steachd	7
15252	maolros	7
15253	kirkwall	7
15254	rousay	7
15255	davey	7
15256	aodha	7
15257	godfather	7
15258	seall	7
15259	moon	7
15260	dannsaidh	7
15261	d'or	7
15262	mharoco	7
15263	breithneachail	7
15264	riochdachail	7
15265	dòrtadh	7
15266	bùth-obrach	7
15267	gonzo	7
15268	dol-a-mach	7
15269	ruithidh	7
15270	dickens	7
15271	portsmouth	7
15272	stailcean	7
15273	mull	7
15274	renn	7
15275	arnoldson	7
15276	asser	7
15277	branting	7
15278	elie	7
15279	co-labhairtean	7
15280	dràsda	7
15281	bùrach	7
15282	shineach	7
15283	dhèidheil	7
15284	gharadh	7
15285	ruagadh	7
15286	at-config	7
15287	maoth	7
15288	sheòrsaichean	7
15289	seoul	7
15290	sìnte	7
15291	chreig	7
15292	mì-chinnteach	7
15293	chorùna	7
15294	bharail	7
15295	eòghan	7
15296	breugan	7
15297	barn	7
15298	sgriobh	7
15299	choir	7
15300	bitheagan	7
15301	sgamhan	7
15302	basque	7
15303	rings	7
15304	maciain	7
15305	faiceadh	7
15306	weeks	7
15307	ceathrad	7
15308	bliadhn	7
15309	ochdad	7
15310	medal	7
15311	sgoth	7
15312	tin	7
15313	euslaintich	7
15314	wind	7
15315	ghiotàir	7
15316	rod	7
15317	stuth-mathachaidh	7
15318	readhactaran	7
15319	void	7
15320	braes	7
15321	mendel	7
15322	thiormachadh	7
15323	rèiseamaid	7
15324	hazzan	7
15325	baillie	7
15326	buchan	7
15327	tuilium	7
15328	bh'aig	7
15329	romance	7
15330	mais	7
15331	bandera	7
15332	sheòladh	7
15333	fèineachd	7
15334	teagmhach	7
15335	fragment	7
15336	càirdeis	7
15337	claudius	7
15338	epsilon	7
15339	chiar	7
15340	leantail	7
15341	baudelaire	7
15342	fiabhras	7
15343	ghnìomh	7
15344	dleasnasan	7
15345	leughadairean	7
15346	soirbh	7
15347	uamhann	7
15348	biocas	7
15349	uaigneas	7
15350	marguerite	7
15351	shocraich	7
15352	cleachadh	7
15353	còmhnardan	7
15354	thiomnadh	7
15355	bheirsinn	7
15356	fhighe	7
15357	saoghalta	7
15358	àmannan	7
15359	sparradh	7
15360	cho-sheòrsach	7
15361	rìomhach	7
15362	sgur	7
15363	dh'fhreagair	7
15364	leannanan	7
15365	sona	7
15366	carpenter	7
15367	brat	7
15368	lèineagan	7
15369	aodainn	7
15370	maighdeann	7
15371	phrìosanachadh	7
15372	hun	7
15373	ferenc	7
15374	bhucharest	7
15375	thurzo	7
15376	mordor	7
15377	mckennitt	7
15378	fionnuala	7
15379	cumadair-ciùil	7
15380	dlùthachadh	7
15381	fogharach	7
15382	beath-eachdraidh	7
15383	clannad	7
15384	guma	7
15385	eòlas-ur-sgeulachd	7
15386	sgiathach	7
15387	oc	7
15388	tuireadh	7
15389	manannan	7
15390	moiche	7
15391	mag	7
15392	draoidheil	7
15393	medb	7
15394	fuasgail	7
15395	grad	7
15396	charactaran	7
15397	saruman	7
15398	molach	7
15399	brògan	7
15400	ro-leasachan	7
15401	aithisgean	7
15402	maccarmaig	7
15403	maurits	7
15404	marsaili	7
15405	comyn	7
15406	balliol	7
15407	iolair	7
15408	chompanaich	7
15409	dorchadas	7
15410	lanark	7
15411	irc	7
15412	tighean	7
15413	popular	7
15414	soirbheachadh	7
15415	hertfordshire	7
15416	duran	7
15417	rovers	7
15418	mhèinn	7
15419	machlag	7
15420	choiseachd	7
15421	ailbhean	7
15422	dh'fhalaich	7
15423	foill	7
15424	atharraichte	7
15425	haig	7
15426	leir	7
15427	co-ogha	7
15428	bacon	7
15429	frith-ainm	7
15430	ayala	7
15431	express	7
15432	rianaire	7
15433	bhaisteadh	7
15434	crist	7
15435	aymar	7
15436	faber	7
15437	mheasadh	7
15438	pisa	7
15439	uisnich	7
15440	duil	7
15441	cho-dhùnadh	7
15442	cuala	7
15443	wealth	7
15444	moral	7
15445	liubhairt	7
15446	ceanadach	7
15447	odusseia	7
15448	antonius	7
15449	rìgh-shliochd	7
15450	bh'anns	7
15451	steiermark	7
15452	libearalas	7
15453	sasunnach	7
15454	cnap	7
15455	tranent	7
15456	goilear	7
15457	sheilbh	7
15458	treana	7
15459	cèileafaid	7
15460	fastadh	7
15461	carthannas	7
15462	aistear	7
15463	toirmeasg	7
15464	phàiste	7
15465	botail	7
15466	contra	7
15467	fisheries	7
15468	bodaich	7
15469	bun-sgoile	7
15470	oilimpigeach	7
15471	leathair	7
15472	obraiche	7
15473	ruaidhe	7
15474	snaidhte	7
15475	làthaireil	7
15476	dìlseach	7
15477	hanòbhair	7
15478	shònrachadh	7
15479	a-chaoidh	7
15480	càit	7
15481	bean-shìdh	7
15482	hood	7
15483	uirsgeul	7
15484	ghillean	7
15485	garland	7
15486	marquis	7
15487	shaoir	7
15488	bhuilich	7
15489	chalum	7
15490	chron	7
15491	bheathach	7
15492	leathainn	7
15493	ràdhan	7
15494	cearrara	7
15495	chualas	7
15496	clash	7
15497	culturach	7
15498	brod	7
15499	mcgregor	7
15500	thàining	7
15501	chaidreachas	7
15502	facal-suaicheantais	7
15503	duirche	7
15504	evolution	7
15505	cèilean	7
15506	genes	7
15507	leanabachd	7
15508	creimiche	7
15509	grianach	7
15510	lionnach	7
15511	duslach	7
15512	buailteach	7
15513	allah	7
15514	teasachadh	7
15515	blàthachadh	7
15516	ghnàth-shìde	7
15517	dh'atharraicheas	7
15518	taigh-ghloine	7
15519	chaibineat	7
15520	creek	7
15521	freagairtean	7
15522	mvezo	7
15523	uicipeidean	7
15524	tomadach	7
15525	druma	7
15526	taighean-bìdh	7
15527	cathie	7
15528	cola-deug	7
15529	obituary	7
15530	reign	7
15531	paradise	7
15532	mio	7
15533	politik	7
15534	biden	7
15535	rìoghain	7
15536	stòiridh	7
15537	prìomhaid	7
15538	itis	7
15539	pocanach	7
15540	taurinus	7
15541	specimen	7
15542	ceannairceach	7
15543	leben	7
15544	neach-poilitigs	7
15545	gnìomhaireach	7
15546	radical	7
15547	fhaic	7
15548	tabhartach	7
15549	òrdag	7
15550	bhioball	7
15551	tomhaisean	7
15552	sumatra	7
15553	cut	7
15554	cirillach	7
15555	zeta	7
15556	lambda	7
15557	rho	7
15558	tau	7
15559	phi	7
15560	psi	7
15561	qoppa	7
15562	thessaloniki	7
15563	gimel	7
15564	nevis	7
15565	t-aonadh-ciùird	7
15566	aonaran	7
15567	dràibheadh	7
15568	amar-uisge	7
15569	ailm	7
15570	orainds	7
15571	dh'innse	7
15572	thachradh	7
15573	ma-thà	7
15574	pònair	7
15575	dheich	7
15576	dhoras	7
15577	banaltram	7
15578	cungaidhean	7
15579	altachadh	7
15580	chlèir	7
15581	chonnadh	7
15582	losgaidh	7
15583	leaghaidh	7
15584	connaidh	7
15585	inpar	7
15586	english-old	7
15587	wat	7
15588	olympic	7
15589	dealain-uisge	7
15590	ceàrdaichean	7
15591	borghan	7
15592	seimeach	7
15593	tagh	7
15594	perihelion	7
15595	plùto	7
15596	mars	7
15597	tròidh	7
15598	prague	7
15599	di-dòmhnaich	7
15600	ceratotherium	7
15601	simum	7
15602	chip	7
15603	firth	7
15604	forsaichean	7
15605	theothachd	7
15606	sgiobalta	7
15607	cabassous	7
15608	tolypeutes	7
15609	cholonaidh	7
15610	plaza	7
15611	amman	7
15612	cumhachd-uisge	7
15613	estonia	7
15614	àigh	7
15615	bruid	7
15616	beòthaichean	7
15617	giuthais	7
15618	beag-chuid	7
15619	h-uainich	7
15620	ghoirteachadh	7
15621	ropa	7
15622	ug	7
15623	cuisean	7
15624	teasairginn	7
15625	drowning	7
15626	buill-airm	7
15627	blianadh	7
15628	laigh	7
15629	nagasaki	7
15630	heileacoptair	7
15631	marannan	7
15632	chinne-daonna	7
15633	fuara	7
15634	neo-eisimealachd	7
15635	combined	7
15636	damien	7
15637	gràs	7
15638	chreachadh	7
15639	theology	7
15640	academic	7
15641	ghearr	7
15642	peanas	7
15643	peann	7
15644	stiubhart	7
15645	brunel	7
15646	clach-uaighe	7
15647	bonn-a-sia	7
15648	nana	7
15649	marion	7
15650	comhnard	7
15651	buidheag	7
15652	garfield	7
15653	jacques-louis	7
15654	brad	7
15655	breabadair	7
15656	briosgaid	7
15657	ibh	7
15658	minister	7
15659	chunnartach	7
15660	loganair	7
15661	charbad	7
15662	ràth	7
15663	beech	7
15664	ceilp	7
15665	jean-pierre	7
15666	mhaighdean	7
15667	ruitheas	7
15668	pàipeir	7
15669	tosgaire	7
15670	fear-ionaid	7
15671	limburg	7
15672	phreastabhaig	7
15673	chloiche	7
15674	causa	7
15675	philosophy	7
15676	neòil	7
15677	macgillemhìcheil	7
15678	criostalan	7
15679	lockyer	7
15680	barnes	7
15681	pasadena	7
15682	co-chruinnein	7
15683	moisil	7
15684	caochladairean	7
15685	cunha	7
15686	crimea	7
15687	britheamhan	7
15688	warehouse	7
15689	jogaila	7
15690	flew	7
15691	cuckoo's	7
15692	charactair	7
15693	barbuda	7
15694	worcester	7
15695	sìochantas	7
15696	rural	7
15697	cluas	7
15698	ruisg	7
15699	itealaich	7
15700	everest	7
15701	organisation	7
15702	lgbc-scotland	7
15703	thelectoral	7
15704	dumgalindex	7
15705	sloan	7
15706	mhillean	7
15707	beasantian	7
15708	seanaid	7
15709	wanlockhead	7
15710	t-allt	7
15711	oceania	7
15712	naypyidaw	7
15713	langue	7
15714	fowler	7
15715	dh'fhoillsicheadh	7
15716	baralachas	7
15717	phuingean	7
15718	siùil-thomhais	7
15719	seanchaidh	7
15720	dearbhte	7
15721	cheàrnagach	7
15722	breatainneach	7
15723	kidd	7
15724	système	7
15725	feannagan	7
15726	teampull	7
15727	maceachainn	7
15728	ghlùin	7
15729	chanaigh	7
15730	mhuire	7
15731	bhanaltram	7
15732	greiseig	7
15733	majdanek	7
15734	dachau	7
15735	alsace	7
15736	ghach	7
15737	comraich	7
15738	leughar	7
15739	cairtealan	7
15740	todhair	7
15741	aithnicheadh	7
15742	dh'fhearann	7
15743	chleachdaidh	7
15744	leigeas	7
15745	h-uamha	7
15746	boraraig	7
15747	andrew's	7
15748	sheachdain	7
15749	lane	7
15750	changing	7
15751	bratislava	7
15752	eisimeileachd	7
15753	wojew	7
15754	dztwo	7
15755	horodok	7
15756	saighdearachd	7
15757	kohtla-j	7
15758	rve	7
15759	fharfair	7
15760	tàlant	7
15761	dhàibhidh	7
15762	levein	7
15763	conway	7
15764	rue	7
15765	h-aoisean	7
15766	mbox	7
15767	duais-roinn	7
15768	òrdaichte	7
15769	polais	7
15770	jocky	7
15771	magma	7
15772	cùrsa-obrach	7
15773	mhic'illeathain	7
15774	pommern	7
15775	beverley	7
15776	al-din	7
15777	riemann	7
15778	canain	7
15779	cottage	7
15780	bheactor	7
15781	calltainn	7
15782	travers	7
15783	cosnaidhean	7
15784	alfredo	7
15785	dresdner	7
15786	zeitung	7
15787	tell	7
15788	ruz	7
15789	nikita	7
15790	fortune	7
15791	triall	7
15792	thornton	7
15793	fuinn	7
15794	camille	7
15795	mhaputo	7
15796	leithean	7
15797	cunbhalan	7
15798	sail	7
15799	h-aimearaganaich	7
15800	leabhar-latha	7
15801	fàire	7
15802	metropolitan	7
15803	roddy	7
15804	program	7
15805	chàirdean	7
15806	tire	7
15807	mhoireasdan	7
15808	bruthaichean	7
15809	catach	7
15810	ruigeadh	7
15811	tres	7
15812	atoll	7
15813	caisead	7
15814	chulaibh	7
15815	dhodoma	7
15816	neartan	7
15817	gruber	7
15818	stille	7
15819	rombas	7
15820	dhakar	7
15821	chonakry	7
15822	resultats	7
15823	gale	7
15824	iarnr	7
15825	slave	7
15826	bhaoghail	7
15827	reed	7
15828	fharsaing	7
15829	ewen	7
15830	chàrr	7
15831	chrysaetos	7
15832	gobhlan-gaoithe	7
15833	alpine	7
15834	expedition	7
15835	nefyn	7
15836	turdus	7
15837	prishtina	7
15838	loxia	7
15839	curvirostra	7
15840	caill	7
15841	lomair	7
15842	sùgh	7
15843	essex	7
15844	usi	7
15845	baile-iasgaich	7
15846	cathedral	7
15847	steel	7
15848	mary's	7
15849	mhicillfhaolain	7
15850	chèith	7
15851	ait	7
15852	pete	7
15853	mhìosan	7
15854	smàl	7
15855	teddy	7
15856	slèibhtean	7
15857	selby	7
15858	regardless	7
15859	printed	7
15860	philosophical	7
15861	ascii	7
15862	enough	7
15863	covers	7
15864	macmhaolain	7
15865	royalsociety	7
15866	ini	7
15867	ob	7
15868	chair	7
15869	sse	7
15870	bradford	7
15871	vorarlberg	7
15872	lauingen	7
15873	arsnaig	7
15874	ruighe	7
15875	shnaidhte	7
15876	silesianach	7
15877	strzelecki	7
15878	sonaid	7
15879	chridh	7
15880	tahoe	7
15881	gertrude	7
15882	greenwood	7
15883	currentmsps	7
15884	leanabas	7
15885	bhaffin	7
15886	eli	7
15887	uailleil	7
15888	seòid	7
15889	reachdan	7
15890	publ	7
15891	arran	7
15892	hierro	7
15893	ciutat	7
15894	zittau	7
15895	alliance	7
15896	ibearais	7
15897	mhuilich	7
15898	railways	7
15899	strathspey	7
15900	gobhal	7
15901	càrrabost	7
15902	ascrib	7
15903	idhteachais	7
15904	islay	7
15905	conservation	7
15906	ealaghol	7
15907	culturail	7
15908	sheileach	7
15909	coigach	7
15910	loch-mara	7
15911	uamhan	7
15912	didseatach	7
15913	poilean	7
15914	riccarton	7
15915	bric	7
15916	bigear	7
15917	ribe	7
15918	siorram	7
15919	theine	7
15920	chumhaing	7
15921	dùbhrachan	7
15922	charmhiceil	7
15923	lobhair	7
15924	fhaoighris	7
15925	dong	7
15926	inch	7
15927	eigh-shruth	7
15928	professor	7
15929	montrose	7
15930	pentland	7
15931	coireògrafaiche	7
15932	cullen	7
15933	crìonaidh	7
15934	barony	7
15935	strath	7
15936	m'fhaolain	7
15937	bangkok-suvarnabhumi	7
15938	iùdhais	7
15939	kirkmichael	7
15940	roots	7
15941	dhìcheall	7
15942	gharbh	7
15943	chananaich	7
15944	maircnidh	7
15945	christiaan	7
15946	eijkman	7
15947	kendall	7
15948	har	7
15949	cohen	7
15950	carlsson	7
15951	jeffrey	7
15952	communities	7
15953	t-salmaidh	7
15954	hull	7
15955	pueblo	7
15956	ricaurte	7
15957	caecilius	7
15958	metellus	7
15959	elena	7
15960	dàmh	7
15961	phoiliteagach	7
15962	rodrigo	7
15963	lughdaich	7
15964	buckley	7
15965	choisrigeadh	7
15966	luchd-sreap	7
15967	fartairchill	7
15968	muthaich	7
15969	treabh	7
15970	shamhain	7
15971	werk	7
15972	reihe	7
15973	cheòladair	7
15974	dùineadh	7
15975	deadard	7
15976	karol	7
15977	mays	7
15978	luchd-streap	7
15979	bravo	7
15980	shàr	7
15981	porfirio	7
15982	estreme	7
15983	churaidh	7
15984	aranjuan	7
15985	anc	7
15986	glenkens	7
15987	student	7
15988	cityid	7
15989	dalbeattie	7
15990	sgoltadh	7
15991	zonu	7
15992	phopay	7
15993	documentos	7
15994	teis-mheadhain	7
15995	bhucaramanga	7
15996	chali	7
15997	thearlaich	7
15998	reichit	7
15999	meilge	7
16000	advisor	7
16001	unitedkingdom	7
16002	meteoconsult	7
16003	crannag	7
16004	galleries	7
16005	dùbhlanaich	7
16006	h-àird	7
16007	xa	7
16008	articulos	7
16009	puente	7
16010	cuervo	7
16011	ghiorra	7
16012	fonseca	7
16013	figueroa	7
16014	authorlink	7
16015	corinto	7
16016	chìoch	7
16017	litreach	7
16018	ramiriqu	7
16019	agosto	7
16020	narv	7
16021	nguez	7
16022	xedes	7
16023	sagasta	7
16024	funza	7
16025	rùnairean	7
16026	villegas	7
16027	gir	7
16028	faothachadh	7
16029	oideachas	7
16030	phaidhleat	7
16031	trachdadh	7
16032	dubhan	7
16033	deva	7
16034	toiseach-tòisichidh	7
16035	dreachan	7
16036	focus	7
16037	superior	7
16038	manor	7
16039	nicholls	7
16040	languedoc-roussillon	7
16041	yuste	7
16042	michu	7
16043	bun-structar	7
16044	silva	7
16045	thìdsear	7
16046	faichean	7
16047	genealogiacolombiana	7
16048	àrdaich	7
16049	h-oighreachd	7
16050	principal	7
16051	elen	7
16052	phoileasaidhean	7
16053	iz	7
16054	thàing	7
16055	ruta	7
16056	lse	7
16057	cen	7
16058	quevedo	7
16059	luchd-fastaidh	7
16060	handbuch	7
16061	neathach	7
16062	neighbourhood	7
16063	chrom-leac	7
16064	taliesin	7
16065	gandolfo	7
16066	zef	7
16067	westport	7
16068	fosailean	7
16069	willis	7
16070	stallone	7
16071	volkskrant	7
16072	vall	7
16073	weiss	7
16074	honoris	7
16075	cunntasachd	7
16076	wikileaks	7
16077	bildungsroman	7
16078	cnò-mheannt	7
16079	nom	7
16080	atext	7
16081	prestonpans	7
16082	samhna	7
16083	churitiba	7
16084	bhancair	7
16085	osa	7
16086	ripuarian	7
16087	kreisfreie	7
16088	schiller	7
16089	gottlieb	7
16090	literatur	7
16091	frederik	7
16092	petersburg	7
16093	gouv	7
16094	skie	7
16095	erie	7
16096	jesus	7
16097	nokia	7
16098	corsaca	7
16099	gherman	7
16100	reviews	7
16101	vizcaya	7
16102	llanisien	7
16103	guthach	7
16104	imprenta	7
16105	catalana	7
16106	aragonais	7
16107	boisbaudran	7
16108	fhlat	7
16109	faighneachd	7
16110	mì-rian	7
16111	bressay	7
16112	portobello	7
16113	scandinavian	7
16114	chlais	7
16115	bastos	7
16116	dansk	7
16117	courtney	7
16118	arabic	7
16119	iar-fhlaitheach	7
16120	ràmh	7
16121	yadvashem	7
16122	ushmm	7
16123	kleine	7
16124	stable	7
16125	dh'aonadh	7
16126	oithigh	7
16127	juba	7
16128	sirte	7
16129	smachd-bhannan	7
16130	lodz	7
16131	wielkopolska	7
16132	màbu	7
16133	cronin	7
16134	odra	7
16135	oder	7
16136	chreideamhan	7
16137	habsburg	7
16138	piastowie	7
16139	lietuvos	7
16140	adb	7
16141	frauenfeld	7
16142	aude	7
16143	maas	7
16144	mhaastricht	7
16145	mhalm	7
16146	zadar	7
16147	guest	7
16148	bràgar	7
16149	akira	7
16150	gica	7
16151	mixed	7
16152	sloinnidhean	7
16153	played	7
16154	pitman	7
16155	schneider	7
16156	tech	7
16157	easy	7
16158	devine	7
16159	clann-nighean	7
16160	eeee	7
16161	fòrmatadh	7
16162	keeping	7
16163	dromo	7
16164	chualann	7
16165	cuibhreann	7
16166	siadar	7
16167	dealgan	7
16168	beatrice	7
16169	discover	7
16170	ceumnachd	7
16171	cabh	7
16172	chruth-atharrachail	7
16173	gràinnean	7
16174	breathan	7
16175	àrmainn	7
16176	visions	7
16177	longfort	7
16178	aontroim	7
16179	antony	7
16180	boadilla	7
16181	corona	7
16182	bhuachaille	7
16183	uc	7
16184	cingoli	7
16185	pistoia	7
16186	starts	7
16187	eadarainn	7
16188	civilization	7
16189	tosk	7
16190	q-ceiltis	7
16191	ibero-ròmanach	7
16192	eadaila-ròmanach	7
16193	bhojpuri	7
16194	pashto	7
16195	coirdis	7
16196	statfile	7
16197	centralbyr	7
16198	laurencekirk	7
16199	crothaigh	7
16200	lèanaidh	7
16201	chonainn	7
16202	suomisanakirja	7
16203	sanakirja	7
16204	finland	7
16205	rijn	7
16206	verhoeven	7
16207	chon	7
16208	huron	7
16209	fashion	7
16210	elite	7
16211	ajax	7
16212	historische	7
16213	slash	7
16214	minute	7
16215	dhuaisean	7
16216	vlissingen	7
16217	islwyn	7
16218	freddie	7
16219	newport	7
16220	macarthur	7
16221	what's	7
16222	choimiseanaich	7
16223	bhràiste	7
16224	ciencia	7
16225	botha	7
16226	strijdom	7
16227	jihlava	7
16228	divisions	7
16229	visionofbritain	7
16230	powfoot	7
16231	ruthwell	7
16232	crosses	7
16233	canonbie	7
16234	ghlasa	7
16235	rèisidh	7
16236	bentpath	7
16237	bankend	7
16238	zal	7
16239	enoch	7
16240	cladhach	7
16241	corner	7
16242	meant	7
16243	zeros	7
16244	argtables	7
16245	removeblanks	7
16246	stack	7
16247	invocation	7
16248	combine	7
16249	compatibility	7
16250	suppression	7
16251	getparammappings	7
16252	showing	7
16253	pageobject	7
16254	istalkpage	7
16255	nsid	7
16256	implementation	7
16257	clone	7
16258	inarray	7
16259	searchelement	7
16260	baz	7
16261	tmbox	7
16262	imbox	7
16263	implement	7
16264	ombox	7
16265	typedata	7
16266	usecollapsibletextfields	7
16267	templateerrorcategory	7
16268	arbitrary	7
16269	boxtable	7
16270	displayinline	7
16271	unexpected	7
16272	aberafan	7
16273	gwauncaegurwen	7
16274	meurig	7
16275	llandderfel	7
16276	llanystumdwy	7
16277	rhaeadr	7
16278	ystradgynlais	7
16279	trealaw	7
16280	maerdy	7
16281	stoc-craoibhe	7
16282	llangefni	7
16283	caorann	7
16284	izs	7
16285	archaeological	7
16286	fferi	7
16287	isaf	7
16288	fladaigh	7
16289	èisdeal	7
16290	eynhallow	7
16291	orkneyinga	7
16292	moan	7
16293	geographic	7
16294	pressrelease	7
16295	bound	7
16296	ness	7
16297	core	7
16298	charragh	7
16299	reginald	7
16300	bheathain	7
16301	rhododendron	7
16302	chanso	7
16303	settlement	7
16304	granville	7
16305	waldeck	7
16306	whifflet	7
16307	mountaininfo	7
16308	càrnach	7
16309	sàileag	7
16310	lapain	7
16311	burgess	7
16312	gead	7
16313	barabhaig	7
16314	gallacher	7
16315	lamascaig	7
16316	idio	7
16317	chadha-chàrnaich	7
16318	mhaoilein	7
16319	nicdhonnchaidh	7
16320	blackford	7
16321	champagne-ardenne	7
16322	osca	7
16323	exhibitions	7
16324	rathain	7
16325	crossmichael	7
16326	somateria	7
16327	mollissima	7
16328	luirginn	7
16329	sgaorishal	7
16330	sgarba	7
16331	terminate	7
16332	single-letter	7
16333	paramlink	7
16334	ends	7
16335	doubled	7
16336	script-chapter	7
16337	interwiki-icon	7
16338	class-wikisource	7
16339	typically	7
16340	dup	7
16341	messaging	7
16342	plain-text	7
16343	accept-as-written	7
16344	variant	7
16345	in-source	7
16346	wayback	7
16347	display-authors	7
16348	mapurl	7
16349	seriesnumber	7
16350	techreport	7
16351	publishername	7
16352	audio-visual	7
16353	scriptquote	7
16354	quotepage	7
16355	anchorencode	7
16356	addwarning	7
16357	unsupported	7
16358	enum	7
16359	unknowns	7
16360	chumhachdaile	7
16361	lippe	7
16362	nassau-weilburg	7
16363	bibliothek	7
16364	diùcachdan	7
16365	gebiet	7
16366	leyen	7
16367	hohenzollern-sigmaringen	7
16368	schwarzburg-sondershausen	7
16369	anhalt-bernburg	7
16370	anhalt-k	7
16371	sachsen-gotha	7
16372	sagsainn-hildburghausen	7
16373	isenburg	7
16374	t-socach	7
16375	stoddart	7
16376	revoluci	7
16377	leonov	7
16378	raspberry	7
16379	palmer	7
16380	siegbahn	7
16381	fermi	7
16382	romanian	7
16383	zolt	7
16384	meacanaigs	7
16385	sulfar	7
16386	mangaineis	7
16387	barium	7
16388	prasodimium	7
16389	prometium	7
16390	hoilmium	7
16391	chrasgaidh	7
16392	eididh	7
16393	reatha	7
16394	saobhaidhe	7
16395	ramh	7
16396	speireig	7
16397	lawrencium	7
16398	corra-bheinn	7
16399	coirc	7
16400	tùr-rabhaidh	7
16401	wart	7
16402	teine-rabhaidh	7
16403	pl-root	7
16404	colvend	7
16405	billia	7
16406	tennant	7
16407	binga	7
16408	witter	7
16409	welsbach	7
16410	soirbidh	7
16411	hartabhal	7
16412	vatar	7
16413	hèacla	7
16414	marilyns	7
16415	siemens	7
16416	universiteti	7
16417	thùsanach	7
16418	yolomb	7
16419	kinship	7
16420	fde	7
16421	billiard	7
16422	fglasgow	7
16423	wiltshire	7
16424	provan	7
16425	sue	7
16426	gaernarfon	7
16427	jenkin	7
16428	gwynne	7
16429	megan	7
16430	emrys	7
16431	goodwin	7
16432	norton	7
16433	arwel	7
16434	ioan	7
16435	bool	7
16436	bethan	7
16437	harries	7
16438	tobha	7
16439	tantallon	7
16440	hardie	7
16441	tolmount	7
16442	norrk	7
16443	chipping	7
16444	karlstad	7
16445	gotland	7
16446	taisead	7
16447	chriom	7
16448	arc-eolas	7
16449	kad	7
16450	adsabs	7
16451	parproblem	7
16452	showname	7
16453	errclass	7
16454	mhatlist	7
16455	forrow	7
16456	super	7
16457	obs	7
16458	mealabhaig	7
16459	h-òrdaig	7
16460	jaros	7
16461	methods	7
16462	batista	7
16463	famine	7
16464	amun	7
16465	mumaidh	7
16466	ogaim	7
16467	cuan-eòlas	7
16468	àrd-rùnairean	7
16469	ostrava	7
16470	feminine	7
16471	commonsmedia	7
16472	significant	7
16473	postformat	7
16474	ucfirst	7
16475	ignorevalue	7
16476	selectvalue	7
16477	sortindices	7
16478	sortkeyq	7
16479	langs	7
16480	propertylabel	7
16481	propertylink	7
16482	propertysup	7
16483	substring	7
16484	isvalidentityid	7
16485	formatattributes	7
16486	decoded	7
16487	representing	7
16488	infoboximage	7
16489	datacell	7
16490	titleclass	7
16491	aboveclass	7
16492	belowclass	7
16493	imageclass	7
16494	rendertrackingcategories	7
16495	bodystyle	7
16496	returning	7
16497	sabah	7
16498	adana	7
16499	airmeanais	7
16500	mers	7
16501	diyarbak	7
16502	erzurum	7
16503	konya	7
16504	trabzon	7
16505	hatun	7
16506	imber	7
16507	kayser-i	7
16508	kutsal	7
16509	cami'nin	7
16510	hizmetk	7
16511	particularly	7
16512	bishops	7
16513	largely	7
16514	operated	7
16515	anywhere	7
16516	rawvalue	7
16517	bibsys	7
16518	evenodd	7
16519	listnum	7
16520	noviewer	7
16521	aljazeera	7
16522	oddsson	7
16523	lagi	7
16524	ingvellir	7
16525	slendingab	7
16526	sgarr	7
16527	jakobsd	7
16528	innlent	7
16529	mundsson	7
16530	mhòr-cuid	7
16531	issid	7
16532	nkieli	7
16533	kristj	7
16534	bhotaichean	7
16535	nasson	7
16536	sveinbj	7
16537	lafsd	7
16538	besti	7
16539	lasthtml	7
16540	hispanic	7
16541	defaultseparators	7
16542	numdigits	7
16543	endparam	7
16544	req	7
16545	yfactor	7
16546	latdegrees	7
16547	londegrees	7
16548	latseconds	7
16549	lonseconds	7
16550	claim's	7
16551	nextarg	7
16552	pointer	7
16553	giovinazzi	7
16554	alpine-renault	7
16555	ocon	7
16556	martin-mercedes	7
16557	mclaren-mercedes	7
16558	latifi	7
16559	clua	7
16560	saprissa	7
16561	atawallpa	7
16562	o'hara	7
16563	nzburg	7
16564	epe	7
16565	tefan	7
16566	transilvania	7
16567	szab	7
16568	iei	7
16569	krefeld	7
16570	focail	7
16571	poltavska	7
16572	shluagh-phoblachd	7
16573	lutsk	7
16574	mariupol	7
16575	zaporizka	7
16576	khmelnytskyi	7
16577	rivne	7
16578	uzhhorod	7
16579	luhanska	7
16580	myrhorod	7
16581	bila	7
16582	kalush	7
16583	tèatair	7
16584	titleformats	7
16585	getitemlangcode	7
16586	getcommonslink	7
16587	tmcid	7
16588	uselbl	7
16589	linkredir	7
16590	formatvalue	7
16591	slink	7
16592	propval	7
16593	getsumofparts	7
16594	databoxroot	7
16595	natalia	7
16596	andijewska	7
16597	eilf	7
16598	pantograf	7
16599	buses	7
16600	id-access	7
16601	affirmative	7
16602	ymd-all	7
16603	tcoins	7
16604	apparently	7
16605	endashes	7
16606	hkey	7
16607	diacritics	7
16608	sandboxversion	7
16609	newlink	7
16610	categorytext	7
16611	fetchgallery	7
16612	numredirects	7
16613	border-left	7
16614	startingtag	7
16615	inputtext	7
16616	finalise	7
16617	bracketcount	7
16618	plainrowheaders	7
16619	outlinestyle	7
16620	sge	7
16621	extractitem	7
16622	photo-panel	7
16623	photowidth	7
16624	dottable	7
16625	dotmax	7
16626	sgnum	7
16627	maketextitem	7
16628	textitem	7
16629	legendgroup	7
16630	transcluder	7
16631	framewidth	7
16632	coordstatements	7
16633	getstatementvalue	7
16634	masktype	7
16635	wikidataprovidesgeo	7
16636	showline	7
16637	maskitems	7
16638	pàrlamaide	6
16639	cìse	6
16640	pàrlamaidean	6
16641	coa	6
16642	soccer	6
16643	snàthad	6
16644	t-eòlas	6
16645	dlùth-cheangal	6
16646	bhun-stèidh	6
16647	cheistean	6
16648	mhatamataig	6
16649	moment	6
16650	interested	6
16651	anyone	6
16652	understand	6
16653	granted	6
16654	mentioned	6
16655	materials	6
16656	recognize	6
16657	charter	6
16658	modification	6
16659	beyond	6
16660	thank	6
16661	còcaire	6
16662	ask	6
16663	paducktions	6
16664	movedto	6
16665	recent	6
16666	send	6
16667	sorry	6
16668	logged	6
16669	feel	6
16670	share	6
16671	recommended	6
16672	scales	6
16673	email	6
16674	compare	6
16675	released	6
16676	summary	6
16677	fetching	6
16678	headline	6
16679	selection	6
16680	ability	6
16681	correctly	6
16682	t-oll	6
16683	frse	6
16684	dealanachd	6
16685	daingeann	6
16686	macailpein	6
16687	fhoirthe	6
16688	itv	6
16689	seanail	6
16690	dialect	6
16691	dòigh-labhairt	6
16692	poca	6
16693	coireall	6
16694	coirean	6
16695	sglèat	6
16696	ceann-uidhe	6
16697	iubhar	6
16698	gheamannan	6
16699	measar	6
16700	theacsa	6
16701	òsgaig	6
16702	an-àird	6
16703	garioch	6
16704	thrèanadh	6
16705	glac	6
16706	phloc	6
16707	t-sealladh	6
16708	snìomh	6
16709	diut	6
16710	gèilleadh	6
16711	àrd-sgoiltean	6
16712	barantas	6
16713	annual	6
16714	fhiosrachadh	6
16715	agnostic	6
16716	huxley	6
16717	diabhail	6
16718	àdhamh	6
16719	gluasadach	6
16720	tryggvi	6
16721	radharcach	6
16722	byzantium	6
16723	lindisfarne	6
16724	coigreach	6
16725	coimheach	6
16726	sòghail	6
16727	lath	6
16728	newlands	6
16729	langside	6
16730	t-salainn	6
16731	setanta	6
16732	mhairbh	6
16733	phàigheas	6
16734	chroit	6
16735	sàimi	6
16736	iorac	6
16737	bulgaria	6
16738	asal	6
16739	shòisealachd	6
16740	quijote	6
16741	thràithe	6
16742	sìochantair	6
16743	literary	6
16744	beathag	6
16745	diana	6
16746	adhamhnan	6
16747	adalbert	6
16748	amhlaidh	6
16749	aindrea	6
16750	athairne	6
16751	nòrmannach	6
16752	cairbre	6
16753	columba	6
16754	colum	6
16755	sìm	6
16756	suibhne	6
16757	bhuaipe	6
16758	truaill	6
16759	roid	6
16760	sac	6
16761	wesley	6
16762	luxemburg	6
16763	seton	6
16764	ely	6
16765	herman	6
16766	hilda	6
16767	sixtus	6
16768	beckett	6
16769	neach-taic	6
16770	dies	6
16771	taigh-eiridinn	6
16772	pagastan	6
16773	tehran	6
16774	iraq	6
16775	traidiseanan	6
16776	kolkata	6
16777	mumbai	6
16778	janata	6
16779	emblem	6
16780	wheel	6
16781	siostam-litreachaidh	6
16782	phortagailis	6
16783	pris	6
16784	nobels	6
16785	hicks	6
16786	klein	6
16787	modigliani	6
16788	sen	6
16789	suomaidh	6
16790	guido	6
16791	ciura	6
16792	merchant	6
16793	women's	6
16794	ocht	6
16795	hockey	6
16796	cluichear	6
16797	tài-lann	6
16798	brisbane	6
16799	bute	6
16800	afterwards	6
16801	theresa	6
16802	turnbull	6
16803	ahern	6
16804	àrc-eòlaichean	6
16805	pàisde	6
16806	tapadh	6
16807	castellano	6
16808	sguabadh	6
16809	lim	6
16810	clais-uisge	6
16811	visir	6
16812	leas-oifigear	6
16813	aztec	6
16814	cacique	6
16815	tile	6
16816	teòclaid	6
16817	guaran	6
16818	bealaruisis	6
16819	tak	6
16820	cìorgastan	6
16821	h-aibidil	6
16822	mion	6
16823	t-seacais	6
16824	cottbus	6
16825	coe	6
16826	commun	6
16827	innd-iorànach	6
16828	gheug	6
16829	eastoinis	6
16830	t-slòbhain	6
16831	aimeil	6
16832	andersen	6
16833	remus	6
16834	callaid	6
16835	guinness	6
16836	spree	6
16837	lfur	6
16838	lucsamburgais	6
16839	rosendal	6
16840	jagiellonian	6
16841	phoileis	6
16842	giobraltair	6
16843	cheannardan	6
16844	reina	6
16845	dhaka	6
16846	kathmandu	6
16847	lanka	6
16848	black-backed	6
16849	gearmaineach	6
16850	tot	6
16851	karte	6
16852	oesterreich	6
16853	cho-chur	6
16854	justus	6
16855	akademien	6
16856	konsterna	6
16857	rlag	6
16858	kan	6
16859	lorgas	6
16860	rudolph	6
16861	lavoisier	6
16862	pasteur	6
16863	joliot-curie	6
16864	judaism	6
16865	iom-obrachaidhean	6
16866	mulhouse	6
16867	walther	6
16868	bavaria	6
16869	euler-chelpin	6
16870	daolagan	6
16871	jolla	6
16872	ainmh-eòlas	6
16873	aluminium	6
16874	h-òraidiche	6
16875	irt	6
16876	vukovar	6
16877	wendell	6
16878	diels	6
16879	alder	6
16880	abbotsford	6
16881	kirby	6
16882	wahl	6
16883	ro-innis	6
16884	chemical	6
16885	grunnan-feòla	6
16886	sanger	6
16887	imperia	6
16888	bergamo	6
16889	leicester	6
16890	trì-sheallach	6
16891	leigheasadh	6
16892	isabella	6
16893	habilitation	6
16894	sherwood	6
16895	leusair	6
16896	jens	6
16897	pariser	6
16898	parr	6
16899	ze	6
16900	hideki	6
16901	kobe	6
16902	callinicos	6
16903	bookmarks	6
16904	fiosaiche	6
16905	tachradh	6
16906	dh'iarradh	6
16907	chraobh-sgaoileadh	6
16908	troimhpe	6
16909	shuaicheantas	6
16910	oillteil	6
16911	bhocsa	6
16912	fhiodha	6
16913	cluinn	6
16914	ev	6
16915	quo	6
16916	martinus	6
16917	mistral	6
16918	faclairiche	6
16919	bhreslau	6
16920	pittsburgh	6
16921	polytechnic	6
16922	murfreesboro	6
16923	countess	6
16924	mhnaoi	6
16925	trinity	6
16926	pearl	6
16927	luigi	6
16928	guillaume	6
16929	pinn	6
16930	arn	6
16931	h-ochd	6
16932	hyères	6
16933	kamakura	6
16934	parral	6
16935	canèideanach	6
16936	bourbon	6
16937	minneapolis	6
16938	aracataca	6
16939	golding	6
16940	milo	6
16941	grass	6
16942	madison	6
16943	canberra	6
16944	bec	6
16945	regina	6
16946	isc	6
16947	newfoundland	6
16948	tasmania	6
16949	fo-bhaile	6
16950	cheannardas	6
16951	suil	6
16952	beò-eòlaiche	6
16953	arfwedson	6
16954	versunda	6
16955	karolinska	6
16956	nicolaus	6
16957	mharburg	6
16958	naidhlean	6
16959	magnaiteach	6
16960	sgoil-ghràmair	6
16961	phreantas	6
16962	faraday	6
16963	zeitschrift	6
16964	gadolin	6
16965	kaiser	6
16966	mhailisidh	6
16967	salach	6
16968	enzo	6
16969	oidhcheannan	6
16970	shìmplidh	6
16971	sanctus	6
16972	ainm-brèige	6
16973	cyprus	6
16974	remainder	6
16975	aai	6
16976	portuguese	6
16977	himalaya	6
16978	sul	6
16979	bruach-an-iar	6
16980	saudi	6
16981	food	6
16982	sweet	6
16983	dheamocrasaidh	6
16984	kazakh	6
16985	astana	6
16986	cirgiostàn	6
16987	ever	6
16988	civilisation	6
16989	fact	6
16990	malawi	6
16991	mala	6
16992	deàrrsadh	6
16993	creole	6
16994	videos	6
16995	novo	6
16996	buirciona	6
16997	siad	6
16998	mali	6
16999	beò-shlàinte	6
17000	brasil	6
17001	guidheana	6
17002	òr-cheàrdaichean	6
17003	ainneirt	6
17004	t-artaigil	6
17005	guain	6
17006	villanueva	6
17007	campus	6
17008	naci	6
17009	frater	6
17010	làn-thìde	6
17011	shaothair	6
17012	pìoban	6
17013	choltas	6
17014	putan	6
17015	crith	6
17016	cruit-chòrda	6
17017	òrdan	6
17018	cluasan	6
17019	cinn-chinnidh	6
17020	pìobairean	6
17021	thubhairt	6
17022	guireag	6
17023	hutcheson	6
17024	liatroma	6
17025	longfoirt	6
17026	ellan	6
17027	gart	6
17028	caithness	6
17029	mhàin	6
17030	pasgadh	6
17031	searach	6
17032	padruig	6
17033	shiorrachdan	6
17034	neithich	6
17035	gluais	6
17036	naoned	6
17037	feasgair	6
17038	untitled	6
17039	corleone	6
17040	kay	6
17041	guirm	6
17042	amharc	6
17043	dreuchdail	6
17044	crowley	6
17045	bonham	6
17046	gardens	6
17047	roll	6
17048	ameireaganaich	6
17049	còmhlanan-ciùil	6
17050	ail	6
17051	boy	6
17052	co-rian	6
17053	generation	6
17054	thidsearan	6
17055	bileagan	6
17056	tilgeadh	6
17057	chòmhlain-chiùil	6
17058	mee	6
17059	iapanaich	6
17060	barack	6
17061	weapons	6
17062	nadia	6
17063	dualach	6
17064	h-aiste	6
17065	seòlaidhean	6
17066	marcachd	6
17067	seilg	6
17068	neo-mheatailt	6
17069	moritz	6
17070	xxii	6
17071	bhaltos	6
17072	tlàth	6
17073	bodhaige	6
17074	corp-eòlas	6
17075	fhollaiseach	6
17076	phlana	6
17077	factaraidhean	6
17078	uill	6
17079	rang-eòlas	6
17080	puinnseanta	6
17081	drùidhteach	6
17082	cheana	6
17083	chiste-laighe	6
17084	feannag	6
17085	leas-phrìomh-mhinistear	6
17086	eòlaich	6
17087	flickr	6
17088	t-seinneadair	6
17089	direach	6
17090	ceàrnaidh	6
17091	margaidean	6
17092	foirmean	6
17093	towers	6
17094	thùr	6
17095	hobbit	6
17096	dh'fhàgas	6
17097	d'ainm	6
17098	thanks	6
17099	stiùirichean	6
17100	t-iasg	6
17101	ghlasraich	6
17102	rouse	6
17103	shealg	6
17104	perry	6
17105	vine	6
17106	lassie	6
17107	saturday	6
17108	lasanta	6
17109	dre	6
17110	cum	6
17111	cube	6
17112	bhathar-bog	6
17113	bhruis	6
17114	cuileagan	6
17115	dibhe	6
17116	màil	6
17117	rocaidean	6
17118	deacon	6
17119	roban	6
17120	phì	6
17121	milne	6
17122	margo	6
17123	nicilleathain	6
17124	leas-mhinistear	6
17125	mhonarcachd	6
17126	taiceil	6
17127	gàidhleach	6
17128	seanachaidh	6
17129	ceòlmhor	6
17130	guerre	6
17131	speak	6
17132	dealbhachd	6
17133	filmean	6
17134	skeksis	6
17135	àrsaideach	6
17136	còrnaileir	6
17137	faicibh	6
17138	gruagach	6
17139	umpa	6
17140	pòsda	6
17141	glic	6
17142	olca	6
17143	fhiosda	6
17144	tachairidh	6
17145	t-opra	6
17146	h-ainneamh	6
17147	sàthadh	6
17148	opus	6
17149	dùsgadh	6
17150	dubhach	6
17151	raoul	6
17152	marbhaidhean	6
17153	rùnach	6
17154	gheasaibh	6
17155	rùisgte	6
17156	lomnochd	6
17157	innseadh	6
17158	forster	6
17159	rupert	6
17160	gleus	6
17161	everyone	6
17162	chòmhnaidh	6
17163	àradh	6
17164	rithist	6
17165	dàlach	6
17166	tèarmainn	6
17167	ball-aodaich	6
17168	dominique	6
17169	àiteigin	6
17170	achtice	6
17171	àrd-rìgh	6
17172	d'rinn	6
17173	rìbhinnean	6
17174	chasaidean	6
17175	mac-bràthar	6
17176	buaireas	6
17177	gaeltacht	6
17178	t-sealaid	6
17179	tennyson	6
17180	seoc	6
17181	tabhartas	6
17182	mhaoin	6
17183	beanntain	6
17184	bev	6
17185	clàran-ciùil	6
17186	clàr-ciùil	6
17187	groban	6
17188	theme	6
17189	measgte	6
17190	native	6
17191	deas-ghnàth	6
17192	h-aithrisean	6
17193	deagh-dia	6
17194	gab	6
17195	do-fhaicsinneachd	6
17196	h-uladh	6
17197	fearghus	6
17198	ghràin	6
17199	ùthachd	6
17200	dìonadach	6
17201	chrom	6
17202	shropshire	6
17203	sgrìobadh	6
17204	sàga	6
17205	eugsamhail	6
17206	duanaire	6
17207	sinnsireachd	6
17208	plàigh	6
17209	jedburgh	6
17210	fàsadh	6
17211	airdrie	6
17212	mirren	6
17213	mearain	6
17214	stafford	6
17215	fheòil	6
17216	greatest	6
17217	stiùideo	6
17218	raith	6
17219	sinnsearachd	6
17220	troilidh	6
17221	aic	6
17222	beathannan	6
17223	drùise	6
17224	araon	6
17225	mao	6
17226	dèine	6
17227	drabasta	6
17228	manachainnean	6
17229	sann	6
17230	fìrinneach	6
17231	falkland	6
17232	eadarlìon	6
17233	nicgriogair	6
17234	colour	6
17235	orcastra	6
17236	pais	6
17237	miotas	6
17238	phiàno	6
17239	spìosraich	6
17240	archimedes	6
17241	einnseanair	6
17242	inquiry	6
17243	causes	6
17244	macràth	6
17245	littlejohn	6
17246	soas	6
17247	supplement	6
17248	theo	6
17249	aonachd	6
17250	th'innte	6
17251	avram	6
17252	menen	6
17253	h-innlean	6
17254	drum	6
17255	misneachail	6
17256	treòrachadh	6
17257	t-aiseag	6
17258	ceilidh	6
17259	torc	6
17260	charragh-chuimhne	6
17261	luchd-deasachaidh	6
17262	ain-riaghailteachd	6
17263	seapan	6
17264	iongantas	6
17265	ibiblio	6
17266	paint	6
17267	bhan-dia	6
17268	biastan	6
17269	soineannta	6
17270	aàa	6
17271	ghainmhich	6
17272	snaighte	6
17273	thìodhlaiceadh	6
17274	gineadh	6
17275	dhìrich	6
17276	teanna	6
17277	oillt	6
17278	os-nàdarrach	6
17279	chinntinn	6
17280	leatrom	6
17281	aibhneachan	6
17282	bràiste	6
17283	ona	6
17284	dìoghaltas	6
17285	òganaich	6
17286	jalisco	6
17287	mios	6
17288	lìnigeadh	6
17289	cruadhtan	6
17290	raib	6
17291	riatanasan	6
17292	sìdhe	6
17293	mion-fhiosrachadh	6
17294	tàmailt	6
17295	gay	6
17296	iomad	6
17297	theophrastus	6
17298	spoken	6
17299	beòil	6
17300	taighean-òsda	6
17301	turasachd-drùise	6
17302	ainneartach	6
17303	sheila	6
17304	jeffreys	6
17305	mhachair	6
17306	cinnte	6
17307	banntrach	6
17308	asgair	6
17309	fhìonain	6
17310	roinn-taghaidh	6
17311	buannachd	6
17312	nimheil	6
17313	poblachdaich	6
17314	breton	6
17315	lear	6
17316	pàistean	6
17317	shùil	6
17318	phoilis	6
17319	presbyterian	6
17320	spanglefish	6
17321	dùthchas	6
17322	schloss	6
17323	willa	6
17324	chubut	6
17325	co-nasgadh	6
17326	thorlacius	6
17327	connolly	6
17328	logie	6
17329	lìonmhoire	6
17330	angla-frìoslannach	6
17331	àrd-gearmanach	6
17332	fra	6
17333	ìlein	6
17334	ardnamurchan	6
17335	ath-thòiseachadh	6
17336	h-iasgairean	6
17337	behavior	6
17338	paolo	6
17339	ep	6
17340	dhonn	6
17341	iol-dathachd	6
17342	gèineasan	6
17343	broc	6
17344	foghlamgaidhlig	6
17345	calf	6
17346	meles	6
17347	coilltean-uisge	6
17348	cognatach	6
17349	frìdean	6
17350	corragan	6
17351	devon	6
17352	inver	6
17353	muslim	6
17354	graonlainn	6
17355	eòlas-aimsir	6
17356	cladaich	6
17357	copair	6
17358	dh'obraicheas	6
17359	ban-diùc	6
17360	lèirmheas	6
17361	seymour	6
17362	truman	6
17363	horror	6
17364	dàrnach	6
17365	geht	6
17366	hei	6
17367	roux	6
17368	coisrigeadh	6
17369	shiostaman	6
17370	mì-àbhaisteach	6
17371	sgreuchail	6
17372	slaodaiche	6
17373	ratha	6
17374	h-ochdadan	6
17375	coltachd	6
17376	blood	6
17377	beauty	6
17378	larsson	6
17379	gearain	6
17380	seannsalair	6
17381	maraichean	6
17382	ghent	6
17383	courts	6
17384	aardvark	6
17385	skull	6
17386	singlerpt	6
17387	centuries	6
17388	cadail	6
17389	panthera	6
17390	marxach	6
17391	artagail	6
17392	cùisear	6
17393	mion-fhacal	6
17394	riochdaicheas	6
17395	roimhear	6
17396	tense	6
17397	anno	6
17398	fiu	6
17399	africana	6
17400	sumatran	6
17401	crìostail	6
17402	aibideil	6
17403	gamma	6
17404	awy	6
17405	àmhainn	6
17406	stobadh	6
17407	rainich	6
17408	chaitheas	6
17409	àrc-eòlaiche	6
17410	disease	6
17411	arabian	6
17412	matsuri	6
17413	gaoda	6
17414	ghnìomhachd	6
17415	beannaichte	6
17416	ailbhinn	6
17417	fhreagarraiche	6
17418	min-choirce	6
17419	aghaidh-choimheach	6
17420	stàballan	6
17421	todos	6
17422	mesopotamia	6
17423	beàrnan	6
17424	t-suim	6
17425	dùirn	6
17426	glùn	6
17427	uileann	6
17428	fheannag	6
17429	tara	6
17430	slaodadh	6
17431	alman	6
17432	dhàrna	6
17433	h-ìmpireachd	6
17434	outer	6
17435	orbital	6
17436	neo-chaochlaideach	6
17437	dìridh	6
17438	geomatrach	6
17439	comunnaich	6
17440	jupiter	6
17441	dicerorhinus	6
17442	sumatrensis	6
17443	prìomh-loidhne	6
17444	prìomhair	6
17445	aobharachadh	6
17446	teid	6
17447	bailiùn	6
17448	fèithean	6
17449	rangan	6
17450	brazilian	6
17451	mhorchuid	6
17452	iùgoslabh	6
17453	seimh	6
17454	satellite	6
17455	sterreich	6
17456	unavoce	6
17457	urogallus	6
17458	bàlla	6
17459	baseball	6
17460	cul	6
17461	creag-ola	6
17462	petr	6
17463	galilei	6
17464	cèis	6
17465	sgòr	6
17466	garaidh	6
17467	broom	6
17468	perestroika	6
17469	uaireadair	6
17470	betula	6
17471	filip	6
17472	challainn	6
17473	laidir	6
17474	chunntas	6
17475	ròghadal	6
17476	coca	6
17477	iomhaigh	6
17478	writers	6
17479	ghàrradh	6
17480	peacadh	6
17481	peantairean	6
17482	yosemite	6
17483	riut	6
17484	benedictus	6
17485	cladhan	6
17486	boleyn	6
17487	paganini	6
17488	hertz	6
17489	ghlanadh	6
17490	feansaichean	6
17491	psittacula	6
17492	philippensis	6
17493	sanctuary	6
17494	greusaiche	6
17495	càl	6
17496	drochaid-rathaid	6
17497	carice	6
17498	houten	6
17499	dougie	6
17500	ath-aonachaidh	6
17501	maimonides	6
17502	trafalgar	6
17503	doiminicia	6
17504	brat-ùrlair	6
17505	greusaichean	6
17506	bìoras	6
17507	mallaig	6
17508	thioram	6
17509	bhata	6
17510	lufthansa	6
17511	sale	6
17512	maireadh	6
17513	cheshire	6
17514	neach-bùtha	6
17515	cnuimh	6
17516	caidreabhas	6
17517	bia	6
17518	leas-abhainn	6
17519	snàthaid	6
17520	tsar	6
17521	fletcher	6
17522	dhealachadh	6
17523	fàclainn	6
17524	chraoibh	6
17525	grog	6
17526	carr	6
17527	inneal-stoith	6
17528	beart	6
17529	steornabhagh	6
17530	urrasairean	6
17531	mix	6
17532	amisfield	6
17533	administration	6
17534	phrògraim	6
17535	ro-innleachdail	6
17536	anm	6
17537	cheart-cheàrnach	6
17538	fras	6
17539	mheudachd	6
17540	cùbhraidh	6
17541	trees	6
17542	meatrach	6
17543	uile-choitcheann	6
17544	dh'ainmean-àite	6
17545	ltscotland	6
17546	seapaine	6
17547	shir	6
17548	claon	6
17549	chàil	6
17550	gleoc	6
17551	tesco	6
17552	heard	6
17553	peilear	6
17554	wladcy	6
17555	jagiello	6
17556	belize	6
17557	cuaigearan	6
17558	friends	6
17559	prionnsabalan	6
17560	pierce	6
17561	tonight	6
17562	mckee	6
17563	chluas	6
17564	gàirdean	6
17565	long-thogail	6
17566	antartaig	6
17567	phòla	6
17568	aerial	6
17569	reamhaire	6
17570	scobie	6
17571	giusti	6
17572	surtees	6
17573	nith	6
17574	phorto	6
17575	os-nàdarra	6
17576	t-impireachd	6
17577	ceannsal	6
17578	junction	6
17579	stadastaig	6
17580	bolder	6
17581	barrett	6
17582	chisholm	6
17583	fleamach	6
17584	t-armailt	6
17585	fuireachd	6
17586	agnetha	6
17587	anni-frid	6
17588	clèireachail	6
17589	islas	6
17590	rshavn	6
17591	gaothach	6
17592	taipei	6
17593	occupied	6
17594	palestinian	6
17595	beirut	6
17596	mes	6
17597	auf	6
17598	lingua	6
17599	como	6
17600	bharraidh	6
17601	sanasachd	6
17602	mhurchaidh	6
17603	neach-turais	6
17604	t-sagart	6
17605	hemeroteca	6
17606	chiosmuil	6
17607	galore	6
17608	aicseaman	6
17609	iomsgaradh	6
17610	cabhsairean	6
17611	chearsabhagh	6
17612	fho-sheata	6
17613	phàipearan	6
17614	bana-bhàrd	6
17615	marbhrann	6
17616	sreatha	6
17617	cuirm-ciùil	6
17618	sword	6
17619	bruxelles	6
17620	choròna-bhìorais	6
17621	adan	6
17622	tractair	6
17623	polygon	6
17624	foillsichidh	6
17625	ostara	6
17626	bonifatius	6
17627	greine	6
17628	franck	6
17629	oberlausitz	6
17630	leòdach	6
17631	shoirbheachas	6
17632	workers	6
17633	stadadh	6
17634	fodhan	6
17635	t-òrdugh	6
17636	aireamh	6
17637	bloighe	6
17638	chasan	6
17639	athainn	6
17640	òranaiche	6
17641	bora	6
17642	leas-rìgh	6
17643	kathryn	6
17644	dà-sheallach	6
17645	ghrùpa	6
17646	èirich	6
17647	bauhaus	6
17648	dessau	6
17649	lutherstadt	6
17650	ealainn	6
17651	acadaimeagach	6
17652	propaganda	6
17653	crios-grèine	6
17654	institutions	6
17655	eòlas-diadhachd	6
17656	philipp	6
17657	pirineach	6
17658	minsk	6
17659	roimhpe	6
17660	cree	6
17661	zagreb	6
17662	inbheachd	6
17663	maximilien	6
17664	cuibheas	6
17665	wanderers	6
17666	gothenburg	6
17667	kirkwood	6
17668	sealbhadair	6
17669	èirinn-a-tuath	6
17670	win	6
17671	fuincsean	6
17672	lann-cluich	6
17673	iomadachaidh	6
17674	nhausen	6
17675	seansalair	6
17676	ssa	6
17677	fiùdalach	6
17678	d'histoire	6
17679	àrd-thìrean	6
17680	còmhdachadh	6
17681	faochadh	6
17682	dòrainneach	6
17683	moya	6
17684	roinnidh	6
17685	miso	6
17686	bhuinn	6
17687	loidhne-thilgidh	6
17688	brataichean	6
17689	thaisbean	6
17690	treanaichean	6
17691	triantanachd	6
17692	àite-breith	6
17693	ghob	6
17694	lùchairtean	6
17695	sorbais	6
17696	rianachdail	6
17697	korea	6
17698	òstair	6
17699	teaching	6
17700	clàraidh	6
17701	democrat	6
17702	chùba	6
17703	re'pu	6
17704	serge	6
17705	managua	6
17706	collie	6
17707	athaill	6
17708	kitts	6
17709	martinique	6
17710	leth-mhillean	6
17711	mealladh	6
17712	sgàilean	6
17713	binnein	6
17714	ghreadaidh	6
17715	frìthe	6
17716	h-eileamaid	6
17717	clag	6
17718	circumstances	6
17719	fiathachadh	6
17720	moresby	6
17721	chairt	6
17722	phàtran	6
17723	pichincha	6
17724	calle	6
17725	kiribati	6
17726	slugan	6
17727	fosglaidh	6
17728	coc	6
17729	falamhantas	6
17730	uidheamachd	6
17731	chuirm	6
17732	sellar	6
17733	chanàl	6
17734	rubh	6
17735	chneagaidh	6
17736	chomannd	6
17737	sophia	6
17738	died	6
17739	cluainidh	6
17740	goban	6
17741	ceithir-cheàrnaich	6
17742	breugach	6
17743	ibrahim	6
17744	ingearach	6
17745	dealan-mhagnaiteach	6
17746	iòsaph	6
17747	phàisd	6
17748	pasha	6
17749	aurelius	6
17750	gram	6
17751	ròsan	6
17752	stòradh	6
17753	àite-malairt	6
17754	gineachan	6
17755	nadarra	6
17756	shanta	6
17757	assembly	6
17758	bru	6
17759	lasair	6
17760	truthail	6
17761	d'fhinnein	6
17762	bhailteil	6
17763	rainse	6
17764	applied	6
17765	aquila	6
17766	t-salmadair	6
17767	fhortan	6
17768	calicut	6
17769	chubhait	6
17770	grouse	6
17771	dh'afraga	6
17772	lèibhinn	6
17773	bhrataich	6
17774	snipe	6
17775	abroad	6
17776	noma	6
17777	george's	6
17778	vivian	6
17779	mekabu	6
17780	settlements	6
17781	rutherglen	6
17782	eochair	6
17783	blantaidhr	6
17784	àrd-ùrlaran	6
17785	cuingealach	6
17786	cairgean	6
17787	h-eil	6
17788	tyler	6
17789	ulysses	6
17790	warner	6
17791	storm	6
17792	designed	6
17793	relationship	6
17794	effect	6
17795	addition	6
17796	avon	6
17797	dsqini	6
17798	dsqapp	6
17799	dsqsearch	6
17800	dsqpos	6
17801	timeline	6
17802	fourth	6
17803	fharrais	6
17804	neach-tagraidh	6
17805	clav	6
17806	murfatlar	6
17807	bow	6
17808	standing	6
17809	breaks	6
17810	minquiers	6
17811	resnum	6
17812	strait	6
17813	slòbhainis	6
17814	shoineannta	6
17815	dalry	6
17816	henrietta	6
17817	ghibson	6
17818	rde	6
17819	ego	6
17820	baja	6
17821	ullapul	6
17822	bergen	6
17823	dhrùidh	6
17824	bhùthan	6
17825	èiridh	6
17826	fuarain	6
17827	duero	6
17828	murrell	6
17829	pond	6
17830	scotland-regions	6
17831	co-cheannard	6
17832	maggie	6
17833	macquarrie	6
17834	ministers	6
17835	colonel	6
17836	birch	6
17837	tar-ghnèitheach	6
17838	justice	6
17839	chànanach	6
17840	wid	6
17841	formentera	6
17842	iùil	6
17843	lairg	6
17844	t-achadh	6
17845	dunvegan	6
17846	nta	6
17847	bab	6
17848	valverde	6
17849	blanca	6
17850	parque	6
17851	dh'àrd	6
17852	francesc	6
17853	libertarian	6
17854	shannon	6
17855	fishguard	6
17856	glens	6
17857	bud	6
17858	deimhidh	6
17859	maighstir-sgoile	6
17860	hannibal	6
17861	papey	6
17862	bhàideanach	6
17863	phàil	6
17864	sandaigh	6
17865	fiachanais	6
17866	laird	6
17867	seicich	6
17868	steisean	6
17869	leth-eilein	6
17870	fhògradh	6
17871	cloiche-gainmhich	6
17872	sheanmhair	6
17873	beatha-obrach	6
17874	maoineachaidh	6
17875	hutchinson	6
17876	holding	6
17877	appearing	6
17878	ruisteil	6
17879	ghairbh	6
17880	fhlùraichean	6
17881	shurreigh	6
17882	àrd-riaghladair	6
17883	menteith	6
17884	chruinnicheadh	6
17885	t-sìth	6
17886	barns	6
17887	cresingham	6
17888	fàsachadh	6
17889	hoi	6
17890	glinne	6
17891	t-srath	6
17892	prisoner	6
17893	i'll	6
17894	dico	6
17895	laurie	6
17896	girvan	6
17897	saltcoats	6
17898	stiùbhard	6
17899	tait	6
17900	lorient	6
17901	bucaidh	6
17902	chrìon-làraich	6
17903	teadhaich	6
17904	resident	6
17905	neo-sheasmhach	6
17906	dalmellington	6
17907	crosshouse	6
17908	happy	6
17909	zuckermann	6
17910	ghil'ad	6
17911	truinnsearan	6
17912	mansa	6
17913	hòb	6
17914	chroitear	6
17915	ath-fhosgladh	6
17916	cliffs	6
17917	eachraidh	6
17918	folklore	6
17919	feumadh	6
17920	iasgachd	6
17921	spean	6
17922	saighdearach	6
17923	electoral	6
17924	devil's	6
17925	banbhaidh	6
17926	numero	6
17927	oise	6
17928	cormack	6
17929	thoirbheartan	6
17930	brora	6
17931	pietro	6
17932	bainnsean	6
17933	independencia	6
17934	tez	6
17935	ceannaircich	6
17936	beairt	6
17937	santuario	6
17938	rend	6
17939	kinloss	6
17940	comaraidh	6
17941	dul	6
17942	trian	6
17943	mac-samhail	6
17944	ecclefechan	6
17945	lhanbryde	6
17946	sgat	6
17947	macphaidein	6
17948	about-us	6
17949	hospital	6
17950	còrnailear	6
17951	fhàsadh	6
17952	benjam	6
17953	morales	6
17954	shultain	6
17955	differences	6
17956	phrìomh-loidhne	6
17957	lìobhaite	6
17958	bhoisil	6
17959	chlachain	6
17960	ghuirm	6
17961	sciaga	6
17962	component	6
17963	zea	6
17964	eanstair	6
17965	cuileann	6
17966	usherbrooke	6
17967	brùid	6
17968	cucunub	6
17969	costumbrismo	6
17970	otros	6
17971	fredonia	6
17972	sanmart	6
17973	antroponimia	6
17974	cunchillos	6
17975	ilarri	6
17976	consejer	6
17977	eje	6
17978	cafetero	6
17979	hato	6
17980	lea	6
17981	faiche	6
17982	pharraiste	6
17983	nevado	6
17984	pagina	6
17985	ayudadetareas	6
17986	bhun-reachdail	6
17987	dh'fharsaingeachd	6
17988	oral	6
17989	damnaglaur	6
17990	kirtlebridge	6
17991	pubs	6
17992	carre	6
17993	monter	6
17994	langholm	6
17995	applegarthtown	6
17996	h-abaide	6
17997	moledo	6
17998	cambio	6
17999	barranca	6
18000	dorado	6
18001	arismendi	6
18002	interprint	6
18003	italgraf	6
18004	chunntais-sluaigh	6
18005	bolivar	6
18006	navas	6
18007	aznar	6
18008	espasa	6
18009	ezequiel	6
18010	eliseo	6
18011	t-ùghdarras	6
18012	dhùbhlachd	6
18013	manuela	6
18014	dhreuchdan	6
18015	blico	6
18016	josefa	6
18017	whkmla	6
18018	veraguas	6
18019	booktitle	6
18020	thuilm	6
18021	dh'fhàilnich	6
18022	eadarach	6
18023	amelia	6
18024	lava	6
18025	sgoil-uisge	6
18026	medio	6
18027	oratorio	6
18028	chitag	6
18029	alina	6
18030	momp	6
18031	palacios	6
18032	tibirita	6
18033	aigese	6
18034	chridheil	6
18035	fhear-poileataigs	6
18036	beaufort	6
18037	stow	6
18038	swinton	6
18039	burnmouth	6
18040	h-amhaich	6
18041	bhampair	6
18042	chaim	6
18043	limousin	6
18044	gascon	6
18045	dhithis	6
18046	muy	6
18047	cuacos	6
18048	zaro	6
18049	udistrital	6
18050	distrital	6
18051	cho-obraich	6
18052	hisgral	6
18053	sugamuxi	6
18054	t-seòmair	6
18055	saguamanchica	6
18056	colombialink	6
18057	turismo	6
18058	riaghladairean	6
18059	mhnathan	6
18060	chrith	6
18061	stòrasan	6
18062	grammy	6
18063	baranoa	6
18064	caibineat	6
18065	taubat	6
18066	cailleach-dhubh	6
18067	melgar	6
18068	bon	6
18069	sruthas	6
18070	panche	6
18071	berr	6
18072	tamayo	6
18073	beireadh	6
18074	rèiteachd	6
18075	canadach	6
18076	solidarno	6
18077	ongar	6
18078	sgairbh	6
18079	deanamh	6
18080	gnàthachas	6
18081	ancestryireland	6
18082	innleachdair	6
18083	luchd-imrich	6
18084	leipziger	6
18085	urbs	6
18086	europ	6
18087	ische	6
18088	musik	6
18089	dome	6
18090	fergusson	6
18091	lay	6
18092	octavius	6
18093	làmh-lèigh	6
18094	dissemination	6
18095	castellnewydd	6
18096	castel	6
18097	enrico	6
18098	intellectual	6
18099	pàpachd	6
18100	wadowice	6
18101	marktl	6
18102	moluaig	6
18103	còirnealair	6
18104	wall	6
18105	bhideothan	6
18106	penn-ar-bed	6
18107	brest	6
18108	herschel	6
18109	mor-bihan	6
18110	guthrie	6
18111	narrow	6
18112	rancho	6
18113	bwrdeistref	6
18114	jsessionid	6
18115	llanfairfechan	6
18116	enc	6
18117	llandrillo-yn-rhos	6
18118	provence	6
18119	cho-chomann	6
18120	ducation	6
18121	sentimentale	6
18122	thorne	6
18123	stans	6
18124	fhuaimneachadh	6
18125	autores	6
18126	dust	6
18127	clo-mheas	6
18128	pain	6
18129	zingiberaceae	6
18130	aentry	6
18131	schweiz	6
18132	coireaman	6
18133	enlightenment	6
18134	ciudades	6
18135	haute-normandie	6
18136	tou	6
18137	chunbhalach	6
18138	norsk	6
18139	chumhachdail	6
18140	h-eòlaichean	6
18141	arno	6
18142	orhan	6
18143	saunders	6
18144	colognian	6
18145	isch	6
18146	annee	6
18147	hauts-de-seine	6
18148	hegel	6
18149	freikorps	6
18150	wahlberg	6
18151	folkminnen	6
18152	banat	6
18153	byer	6
18154	bisos	6
18155	shobhiat	6
18156	beftett	6
18157	eeeeff	6
18158	ji	6
18159	domesday	6
18160	gambetta	6
18161	tartesianais	6
18162	thin	6
18163	phomerania	6
18164	collections	6
18165	wunderground	6
18166	justify	6
18167	rousse	6
18168	harri	6
18169	amtlichebevoelkerungszahlen	6
18170	formation	6
18171	schulten	6
18172	portus	6
18173	stadastaireachd	6
18174	xe	6
18175	ibearach	6
18176	universitat	6
18177	caceres	6
18178	prediccion	6
18179	akra	6
18180	leuk	6
18181	tem	6
18182	valenciana	6
18183	rèise	6
18184	dearbh-aithne	6
18185	bhreithneachadh	6
18186	alca	6
18187	propid	6
18188	dòigh-obrach	6
18189	augusto	6
18190	misc	6
18191	cùis-lagha	6
18192	autor	6
18193	prozac	6
18194	triple	6
18195	cara	6
18196	redescolar	6
18197	ziortza-bolibar	6
18198	ulaval	6
18199	ceannairceachd	6
18200	gazeta	6
18201	polskie	6
18202	abandoned	6
18203	parkgate	6
18204	mostyn	6
18205	allgemeine	6
18206	staff	6
18207	fuaim-eòlas	6
18208	polskiego	6
18209	poznan	6
18210	athletics	6
18211	saganassjon	6
18212	skaane	6
18213	tekst	6
18214	jahrhundert	6
18215	geàrr-liosta	6
18216	aargau	6
18217	isil	6
18218	pxweb	6
18219	ndige	6
18220	neach-brathaidh	6
18221	lìne	6
18222	chiffrescles	6
18223	zonesearchfield	6
18224	codezone	6
18225	idtheme	6
18226	kvoreck	6
18227	leuven	6
18228	dathach	6
18229	drom	6
18230	garrabost	6
18231	heck	6
18232	salas	6
18233	dearcan	6
18234	dhaingneach	6
18235	influence	6
18236	abrupt	6
18237	shelf	6
18238	bid	6
18239	nya	6
18240	putin	6
18241	woolf	6
18242	foster	6
18243	gymnasium	6
18244	shaor-thoileach	6
18245	dickson	6
18246	shalamanca	6
18247	universitas	6
18248	restoration	6
18249	tiptopglobe	6
18250	illustratedgaeli	6
18251	zierikzee	6
18252	archief	6
18253	oparan	6
18254	fearn	6
18255	mhial	6
18256	earr	6
18257	ainmneachadh	6
18258	libraryireland	6
18259	criosaidh	6
18260	maclellan	6
18261	ghoireasan	6
18262	hilton	6
18263	domhnaill	6
18264	salmon	6
18265	mines	6
18266	ardach	6
18267	tobair	6
18268	ciarra	6
18269	idigh	6
18270	hmso	6
18271	dara-leithghlinne	6
18272	proni	6
18273	defra	6
18274	leath	6
18275	badenoch	6
18276	filmg	6
18277	thùsan	6
18278	calpach	6
18279	puig	6
18280	àcc	6
18281	cefet-mg	6
18282	iol	6
18283	companys	6
18284	montauban	6
18285	roentgenium	6
18286	nimos	6
18287	girls	6
18288	santarcangelo	6
18289	mhìrean	6
18290	boson	6
18291	eadar-theangadair	6
18292	chlis	6
18293	medici	6
18294	fano	6
18295	spinazzola	6
18296	cannes	6
18297	hal	6
18298	rowe	6
18299	reiner	6
18300	airmeineach	6
18301	mai	6
18302	nùrastànach	6
18303	zaza-gorani	6
18304	luri	6
18305	altitude-maps	6
18306	altitude	6
18307	elfrida	6
18308	luacharas	6
18309	ents	6
18310	panev	6
18311	historici	6
18312	frits	6
18313	bertram	6
18314	sneek	6
18315	gerardus	6
18316	rika	6
18317	ahk	6
18318	meic	6
18319	films	6
18320	dhealbhadair	6
18321	stars	6
18322	meppel	6
18323	bocholt	6
18324	girl	6
18325	mystery	6
18326	lightsteelblue	6
18327	macphail	6
18328	whatsinaname	6
18329	weald	6
18330	forks	6
18331	bhatain	6
18332	tractar-àiteachais	6
18333	enderrock	6
18334	utm	6
18335	maidean	6
18336	thùsail	6
18337	eidh	6
18338	refer	6
18339	moniaive	6
18340	britishlistedbuildings	6
18341	lily	6
18342	nigswinter	6
18343	thòisicheas	6
18344	lochar	6
18345	chathair-thalmhainn	6
18346	wharton	6
18347	mcclure	6
18348	distances	6
18349	fèil	6
18350	beeswing	6
18351	hoddom	6
18352	wamphray	6
18353	mykola	6
18354	stèiseanan-cumhachd	6
18355	greenhill	6
18356	scotlandsplaces	6
18357	schulich	6
18358	ghlainne	6
18359	carey	6
18360	breithe	6
18361	collin	6
18362	grimble	6
18363	cherry	6
18364	stewiacke	6
18365	generates	6
18366	stores	6
18367	removing	6
18368	formatnum	6
18369	attempts	6
18370	turns	6
18371	inputs	6
18372	unable	6
18373	numparam	6
18374	categorizing	6
18375	defines	6
18376	fetchvalue	6
18377	subjectns	6
18378	exclude	6
18379	duplicates	6
18380	creates	6
18381	sparseipairs	6
18382	extend	6
18383	highest	6
18384	cmbox	6
18385	gettitleobject	6
18386	boxtype	6
18387	showinvalidtypeerror	6
18388	plainlinks	6
18389	templatename	6
18390	removalnotice	6
18391	allcat	6
18392	cattitle	6
18393	textcelldiv	6
18394	dec-long	6
18395	dms-lat	6
18396	dms-long	6
18397	geonumhtml	6
18398	malformed	6
18399	peters	6
18400	aberffraw	6
18401	abergele	6
18402	bryn-mawr	6
18403	ystalyfera	6
18404	dolwyddelan	6
18405	ffestiniog	6
18406	llanllyfni	6
18407	trawsfynydd	6
18408	bedlinog	6
18409	treharris	6
18410	llandrindod	6
18411	llanharan	6
18412	pendyrys	6
18413	saundersfoot	6
18414	trefdraeth	6
18415	goch	6
18416	henllan	6
18417	tremeirchion	6
18418	christi	6
18419	llandyb	6
18420	llanybydder	6
18421	pontyberem	6
18422	shotton	6
18423	porthaethwy	6
18424	deutschlands	6
18425	caorainn	6
18426	eu-domhain	6
18427	arcaig	6
18428	sawyer	6
18429	slate	6
18430	matth	6
18431	rau	6
18432	navigation	6
18433	hildasay	6
18434	wynford	6
18435	skerries	6
18436	ennor	6
18437	samson	6
18438	sheòmraichean	6
18439	maes	6
18440	archaeology	6
18441	torda	6
18442	meirion	6
18443	amis	6
18444	coracle	6
18445	burghs	6
18446	chrìonain	6
18447	vid	6
18448	affric	6
18449	rarely	6
18450	stern	6
18451	dùghaill	6
18452	lochcarron	6
18453	suardalain	6
18454	caldercruix	6
18455	megawatt	6
18456	munros	6
18457	mòraich	6
18458	sandison	6
18459	angler's	6
18460	mhuic	6
18461	gilles	6
18462	doireanach	6
18463	umachan	6
18464	amanda	6
18465	càrdainn	6
18466	irich	6
18467	lyle	6
18468	maui	6
18469	diàbha	6
18470	gailisis	6
18471	crisis	6
18472	asturianis	6
18473	drochaid-thogalach	6
18474	easa	6
18475	stane	6
18476	domhnach	6
18477	bheathadh	6
18478	georgemas	6
18479	horabhaig	6
18480	aruisg	6
18481	sneosdal	6
18482	cleat	6
18483	cleap	6
18484	ghille-chnapain	6
18485	exact	6
18486	designation	6
18487	reamhra	6
18488	dornabac	6
18489	sealbhanach	6
18490	àitichean-fuirich	6
18491	dorcas	6
18492	daviot	6
18493	greifswald	6
18494	còmhrag-dithis	6
18495	berkenbr	6
18496	laidlaw	6
18497	chanaich	6
18498	brought	6
18499	emitted	6
18500	declared	6
18501	ipv	6
18502	prevents	6
18503	portions	6
18504	prefixed	6
18505	chapter-url	6
18506	title's	6
18507	comp	6
18508	treat	6
18509	styling	6
18510	escaped	6
18511	authorlist	6
18512	accept-this-as-written	6
18513	indexer	6
18514	remapped	6
18515	unrecognized	6
18516	capitalization	6
18517	quote-page	6
18518	quote-pages	6
18519	abbreviation	6
18520	vparam	6
18521	closing	6
18522	assembled	6
18523	unmodified	6
18524	dashes	6
18525	liveweb	6
18526	bots	6
18527	spoof	6
18528	constrain	6
18529	scriptchapter	6
18530	promote	6
18531	episode-link	6
18532	translators	6
18533	urlstatus	6
18534	usurped	6
18535	transcriptformat	6
18536	transperiodical	6
18537	pipes	6
18538	normalize	6
18539	schwarzburg-rudolstadt	6
18540	mhecklenburg-g	6
18541	cruinniche	6
18542	nigreich	6
18543	askanier	6
18544	defeat	6
18545	nassau-usingen	6
18546	eurulers	6
18547	urach	6
18548	dalberg	6
18549	bler	6
18550	schaumburg-lippe	6
18551	hohenzollern-hechingen	6
18552	hesse-kassel	6
18553	dheiragain	6
18554	mhairi	6
18555	fèillmhor	6
18556	glenshielridge	6
18557	waals	6
18558	bloembergen	6
18559	thouless	6
18560	tine	6
18561	fulton	6
18562	seanbhail	6
18563	titanium	6
18564	gearmainium	6
18565	ròdium	6
18566	gadolinium	6
18567	terbium	6
18568	iterbium	6
18569	lutetium	6
18570	hafnium	6
18571	tantalum	6
18572	stiùiriche-ciùil	6
18573	fannich	6
18574	quoich	6
18575	macmhaoilein	6
18576	tiops	6
18577	birdlife	6
18578	mhàilidh	6
18579	iridium	6
18580	màthair-mhullaich	6
18581	ìomhaigheachd	6
18582	clancy	6
18583	desmond	6
18584	brace	6
18585	moilibdeanum	6
18586	speinne	6
18587	withi	6
18588	kirkbean	6
18589	kirkgunzeon	6
18590	anwoth	6
18591	hammars	6
18592	kame	6
18593	kirbuster	6
18594	heddle	6
18595	hamars	6
18596	ervie	6
18597	bhal	6
18598	ghunnaraigh	6
18599	leribreck	6
18600	eilfean	6
18601	fermium	6
18602	mingulay	6
18603	guarsaigh	6
18604	thexas	6
18605	fiabhras-clèibhe	6
18606	voting	6
18607	pike	6
18608	dagua	6
18609	cisneros	6
18610	marcha	6
18611	clima	6
18612	ecured	6
18613	hidalgo	6
18614	susana	6
18615	living	6
18616	nòta-banca	6
18617	durania	6
18618	idepa	6
18619	pidal	6
18620	conghaile	6
18621	darnley	6
18622	pollokshaws	6
18623	baeza	6
18624	foulkes	6
18625	gwenllian	6
18626	pryse	6
18627	bates	6
18628	pryce	6
18629	treboeth	6
18630	leigh	6
18631	webb	6
18632	jarman	6
18633	wheeler	6
18634	hewitt	6
18635	mervyn	6
18636	tecwyn	6
18637	pearce	6
18638	hefin	6
18639	jarvis	6
18640	rhian	6
18641	catrin	6
18642	collier	6
18643	gifford	6
18644	whittaker	6
18645	maguire	6
18646	danielle	6
18647	fee	6
18648	greer	6
18649	bhùchainn	6
18650	gàir	6
18651	lan-sweden	6
18652	strlocid	6
18653	jtvrvdu	6
18654	sami	6
18655	sterbottens	6
18656	jtvrjdu	6
18657	ingmar	6
18658	pre-school	6
18659	noje	6
18660	galaraidh	6
18661	vleborgs	6
18662	hallands	6
18663	palme	6
18664	sternorrlands	6
18665	stersund	6
18666	addressid	6
18667	timr	6
18668	sgrìobhadair-ciùil	6
18669	sgoil-ciùil	6
18670	oirrese	6
18671	jamala	6
18672	reuters	6
18673	dàrdainealan	6
18674	getcode	6
18675	textmonth	6
18676	davor	6
18677	otheruses	6
18678	makewikitexterror	6
18679	quotation	6
18680	andlist	6
18681	haystack	6
18682	needle	6
18683	shouldn't	6
18684	forsee	6
18685	forseeargstotable	6
18686	forseetable	6
18687	dav	6
18688	mev	6
18689	percent	6
18690	opac	6
18691	marabhal	6
18692	dayindex	6
18693	delescluze	6
18694	leathabhal	6
18695	criribheinn	6
18696	tumba	6
18697	kami	6
18698	umaill	6
18699	runnd	6
18700	thaghte	6
18701	ifeachdach	6
18702	bir	6
18703	munthe	6
18704	kirch	6
18705	vladimirovna	6
18706	fuglesang	6
18707	rgens	6
18708	watercraft	6
18709	àrd-chuip	6
18710	reul-chrios	6
18711	port-aibhne	6
18712	zuera	6
18713	hradec	6
18714	globals	6
18715	isknownlanguagetag	6
18716	getstatements	6
18717	seticons	6
18718	conversions	6
18719	getsnakvalue	6
18720	getreferences	6
18721	rowlist	6
18722	listitems	6
18723	margin-top	6
18724	imagestyle	6
18725	rownums	6
18726	rendernavbar	6
18727	min-width	6
18728	isnotempty	6
18729	knownflag	6
18730	alanya	6
18731	gaziantep	6
18732	choidse	6
18733	erdo	6
18734	ams	6
18735	tarihin	6
18736	gebze	6
18737	orlu	6
18738	sultanlar	6
18739	mihai	6
18740	eri	6
18741	woodbridge	6
18742	fourteenth	6
18743	relatively	6
18744	privateers	6
18745	esc	6
18746	sikart	6
18747	iccu	6
18748	lccnparts	6
18749	titlecell	6
18750	titlecolspan	6
18751	aria-labelledby	6
18752	oddeven	6
18753	ciùbaichte	6
18754	qinnuayuak	6
18755	cuisle	6
18756	identical	6
18757	honeyman	6
18758	southwark	6
18759	pemmican	6
18760	rborg	6
18761	adkurborg	6
18762	voru	6
18763	ratar	6
18764	orange	6
18765	ballet	6
18766	bhenediktsson	6
18767	kongelige	6
18768	luchd-frithealaidh	6
18769	lsson	6
18770	haarde	6
18771	ndal	6
18772	komm	6
18773	tursson	6
18774	hallgr	6
18775	thoroddsen	6
18776	neskaupsta	6
18777	osce	6
18778	verzl	6
18779	finnbogad	6
18780	faster	6
18781	buffhtml	6
18782	mwfunc	6
18783	assert	6
18784	boca	6
18785	replacealias	6
18786	errortext	6
18787	newobject	6
18788	mergearrays	6
18789	prefetchedrefs	6
18790	buildwikilink	6
18791	refhash	6
18792	yrefactor	6
18793	yrediv	6
18794	yreround	6
18795	unitsperdegree	6
18796	strformat	6
18797	degsymbol	6
18798	minsymbol	6
18799	endtimem	6
18800	endtimed	6
18801	formattable	6
18802	templink	6
18803	candidatevaluesandpriorities	6
18804	processedproperty	6
18805	matchhook	6
18806	getdescription	6
18807	leclerc	6
18808	schumacher	6
18809	autodromo	6
18810	sgioba-buannachaidh	6
18811	àm-buannachaidh	6
18812	openlibrary	6
18813	garzanti	6
18814	giennenses	6
18815	schumann	6
18816	wieck	6
18817	hitler's	6
18818	rosenheim	6
18819	bormann	6
18820	jilava	6
18821	rlad	6
18822	lui	6
18823	pauker	6
18824	slatina	6
18825	ntu	6
18826	preda	6
18827	ainm-breithe	6
18828	baba	6
18829	elsker	6
18830	dette	6
18831	sumska	6
18832	kharkivska	6
18833	vinnytska	6
18834	szathm	6
18835	sztvay	6
18836	kett	6
18837	osztr	6
18838	monarchia	6
18839	chernivetska	6
18840	mykolaivska	6
18841	odeska	6
18842	franko	6
18843	kreminna	6
18844	kamianske	6
18845	marinka	6
18846	melitopol	6
18847	novohrad-volynskyi	6
18848	tserkva	6
18849	osypenko	6
18850	nolinks	6
18851	donotlink	6
18852	makeordinal	6
18853	ordsuffix	6
18854	onlycat	6
18855	commonswiki	6
18856	linkeditem	6
18857	optionally	6
18858	bestval	6
18859	removeidx	6
18860	localval	6
18861	construct	6
18862	qvals	6
18863	argslocal	6
18864	kitsman	6
18865	raquel	6
18866	barak	6
18867	hardley	6
18868	yung	6
18869	tram	6
18870	asin-tld	6
18871	transcript-url	6
18872	subject-link	6
18873	editor-first	6
18874	editor-given	6
18875	editor-surname	6
18876	editor-link	6
18877	editor-mask	6
18878	translator-link	6
18879	edtf	6
18880	serbian	6
18881	temporary	6
18882	mnras	6
18883	quadrimester	6
18884	parseformattednumber	6
18885	farther	6
18886	reformatter	6
18887	unspaced	6
18888	periodically	6
18889	pagetypes	6
18890	maxportals	6
18891	mappingskey	6
18892	faulty	6
18893	autocollapse	6
18894	aclink	6
18895	validqid	6
18896	lcfirst	6
18897	lookupfallback	6
18898	italicizepage	6
18899	italicizesection	6
18900	navbox-group	6
18901	navbox-subgroup	6
18902	textclass	6
18903	url-access-all	6
18904	ncda	6
18905	subtext	6
18906	woolwich	6
18907	lèine-cluiche	6
18908	tagsize	6
18909	openstreetmap	6
18910	linkstart	6
18911	minih	6
18912	addcomma	6
18913	stroke-color	6
18914	frameheight	6
18915	framealign	6
18916	wikidatacoords	6
18917	trimargs	6
18918	overlaystyle	6
18919	mapframeargs	6
18920	switchparams	6
18921	relatedentity	6
18922	trackandwarn	6
18923	ternary	6
18924	wdcoordinates	6
18925	incrementargnumber	6
18926	chom-pàirtich	6
18927	neach-taisbeanais	6
18928	semi	6
18929	mariam	6
18930	roinnean-seòrsa	5
18931	kenyon	5
18932	coat	5
18933	ball-stèidhe	5
18934	socair	5
18935	còdaichean	5
18936	togte	5
18937	ghlan	5
18938	teòiridheach	5
18939	developing	5
18940	wide	5
18941	therefore	5
18942	whatsoever	5
18943	ways	5
18944	warranty	5
18945	responsible	5
18946	contained	5
18947	financial	5
18948	readers	5
18949	wikip	5
18950	question	5
18951	redir	5
18952	monobook	5
18953	protect	5
18954	atom	5
18955	holder	5
18956	performed	5
18957	expression	5
18958	expiry	5
18959	bureaucrat	5
18960	reload	5
18961	doing	5
18962	attention	5
18963	giving	5
18964	started	5
18965	kept	5
18966	faq	5
18967	isredirect	5
18968	browsers	5
18969	consider	5
18970	spelling	5
18971	speuradaireachd	5
18972	innealtoir	5
18973	luchd-innlichidh	5
18974	t-soisgeil	5
18975	scotti	5
18976	scottis	5
18977	maol-chaluim	5
18978	tràtha	5
18979	chuil	5
18980	coileanta	5
18981	sgaoileas	5
18982	dhà-fhoghair	5
18983	sèimhichte	5
18984	fiaclach	5
18985	srònach	5
18986	mhart	5
18987	cheann-uidhe	5
18988	uidhir	5
18989	làn-ghàidhlig	5
18990	coibhneil	5
18991	dleasdanasan	5
18992	sguab	5
18993	dèante	5
18994	urnaigh	5
18995	rùsgadh	5
18996	sheanar	5
18997	grierson	5
18998	cana	5
18999	tapaidh	5
19000	bearradh	5
19001	blàths	5
19002	chudthromaiche	5
19003	saoire	5
19004	fhoirmeil	5
19005	beartaich	5
19006	làn-tìde	5
19007	teagamhan	5
19008	neo-dhreuchdail	5
19009	còisirean	5
19010	amsaa	5
19011	monthly	5
19012	oiseanach	5
19013	reusan	5
19014	diadhaidh	5
19015	tàileisg	5
19016	cleachdaichean	5
19017	teàirrds	5
19018	fhreumhan	5
19019	bruthaich	5
19020	inbhear	5
19021	anatolia	5
19022	seudraidh	5
19023	cathach	5
19024	gadaibh	5
19025	ruithe	5
19026	pollok	5
19027	pollokshields	5
19028	thaobhan	5
19029	cù-chulainn	5
19030	culann	5
19031	pheathar	5
19032	tuiteadh	5
19033	choin	5
19034	leudaichte	5
19035	gabhaltach	5
19036	pios	5
19037	uabhas	5
19038	vaz	5
19039	tudes	5
19040	slaves	5
19041	siobhan	5
19042	ailbeart	5
19043	amhlaigh	5
19044	aoidhean	5
19045	bhàtair	5
19046	brandubh	5
19047	breacan	5
19048	brianann	5
19049	bruadar	5
19050	caoilte	5
19051	cè	5
19052	ceallach	5
19053	ciaran	5
19054	cliaman	5
19055	cainnech	5
19056	colman	5
19057	coman	5
19058	conaire	5
19059	conall	5
19060	crònan	5
19061	lachann	5
19062	lachlainn	5
19063	corg	5
19064	fhuaradh	5
19065	èidinn	5
19066	agricultural	5
19067	dada	5
19068	padua	5
19069	bede	5
19070	dominic	5
19071	anglia	5
19072	alaska	5
19073	poitiers	5
19074	loyola	5
19075	bosco	5
19076	soisgeulaiche	5
19077	matthias	5
19078	brooklyn	5
19079	winchester	5
19080	kiev	5
19081	eirmseach	5
19082	beanntach	5
19083	thìr-mòr	5
19084	buannachdan	5
19085	ioma-fhillteach	5
19086	constitution	5
19087	creative	5
19088	eliot	5
19089	hionduthach	5
19090	lotus	5
19091	bihar	5
19092	patna	5
19093	chandigarh	5
19094	bangalore	5
19095	kerala	5
19096	tagraidhean	5
19097	cinn-là	5
19098	lal	5
19099	gandhi	5
19100	ind-eòrpach	5
19101	fèinne	5
19102	rannsaichear	5
19103	urraim	5
19104	shiombabue	5
19105	shona	5
19106	persia	5
19107	svante	5
19108	elinor	5
19109	hayek	5
19110	friedman	5
19111	sharpe	5
19112	harsanyi	5
19113	myron	5
19114	scholes	5
19115	walon	5
19116	nato-welcome	5
19117	sydsverige	5
19118	winterthur	5
19119	biel	5
19120	thun	5
19121	vernier	5
19122	epic	5
19123	bourgeois	5
19124	iom	5
19125	oilbheint	5
19126	astrailia	5
19127	astràilia-a-deas	5
19128	pelham	5
19129	addington	5
19130	canning	5
19131	palmerston	5
19132	phàrtaidhean	5
19133	barton	5
19134	labor	5
19135	downs	5
19136	gough	5
19137	cumann	5
19138	heochaidh	5
19139	kearney	5
19140	ultach	5
19141	conas	5
19142	ghall	5
19143	fèin-riaghlach	5
19144	cuidich	5
19145	lei	5
19146	proven	5
19147	iberia	5
19148	pròiseil	5
19149	tariq	5
19150	armailte	5
19151	caf	5
19152	loingeas	5
19153	làimhseachaidh	5
19154	tomàto	5
19155	aj	5
19156	briogais	5
19157	chòmhradh	5
19158	ale	5
19159	nie	5
19160	neodrach	5
19161	sorbian	5
19162	lusatia	5
19163	dlùth-chàirdeach	5
19164	t-slòbhacais	5
19165	sòrbach	5
19166	moiteil	5
19167	thèarainte	5
19168	viewer	5
19169	minority	5
19170	phearsach	5
19171	theravada	5
19172	tiomnaidh	5
19173	ùraileach	5
19174	dh'àiteachan	5
19175	fulangas	5
19176	tor	5
19177	rei	5
19178	eru	5
19179	lillehammer	5
19180	lainn	5
19181	suanais	5
19182	destruction	5
19183	deletant	5
19184	temple	5
19185	lhasa	5
19186	edf	5
19187	bhur	5
19188	ses	5
19189	vo	5
19190	bhruidhneas	5
19191	boir	5
19192	een	5
19193	leibh	5
19194	starnberg	5
19195	liebig	5
19196	liber	5
19197	ester	5
19198	trobhaichean	5
19199	phroifeasair	5
19200	carboin	5
19201	pforzheim	5
19202	valbo	5
19203	clayton	5
19204	shaoghail	5
19205	manhattan	5
19206	cruinn-shloc	5
19207	hahn	5
19208	arne	5
19209	beirmearan	5
19210	iom-obrachaidh	5
19211	tte	5
19212	staudinger	5
19213	fhreiburg	5
19214	archer	5
19215	veksler	5
19216	polanyi	5
19217	willard	5
19218	deiteadh	5
19219	pròtainean	5
19220	chùrsa-obrach	5
19221	teasa	5
19222	bochum	5
19223	teicneolais	5
19224	kazimierz	5
19225	autobiography	5
19226	chluais	5
19227	ilya	5
19228	structarail	5
19229	nara	5
19230	nyi	5
19231	cram	5
19232	jean-marie	5
19233	altman	5
19234	fhilleadh	5
19235	filleadh	5
19236	curl	5
19237	shirakawa	5
19238	ryoji	5
19239	noyori	5
19240	releases	5
19241	ratharsaigh	5
19242	bhrathainn	5
19243	fhàidh	5
19244	fhiosaiche	5
19245	taoibh	5
19246	luchd-riaghlaidh	5
19247	coileanadh	5
19248	magadh	5
19249	lament	5
19250	chief	5
19251	ghobha	5
19252	crann-treabhaidh	5
19253	h-uisgeachan	5
19254	oisinn	5
19255	uinneig	5
19256	chabair	5
19257	belarus	5
19258	eaconomaigeach	5
19259	skattungbyn	5
19260	adventures	5
19261	greta	5
19262	omaha	5
19263	charnegie	5
19264	mellon	5
19265	gskolan	5
19266	ainm-breith	5
19267	dorset	5
19268	liestal	5
19269	motala	5
19270	anatole	5
19271	collège	5
19272	dreyfus	5
19273	athchuinge	5
19274	cheartas	5
19275	euchdan	5
19276	ceadachas	5
19277	obituaries	5
19278	jacinto	5
19279	nuoro	5
19280	kalundborg	5
19281	montagnola	5
19282	absalom	5
19283	tryleg	5
19284	joris	5
19285	tucson	5
19286	alabama	5
19287	salinas	5
19288	dhelaware	5
19289	cho-sgrìobh	5
19290	cost	5
19291	kreuzau	5
19292	mhississippi	5
19293	louisiane	5
19294	orleans	5
19295	a-r	5
19296	urla	5
19297	lansing	5
19298	leoncin	5
19299	sgriobhadair	5
19300	jaroslav	5
19301	abeokuta	5
19302	èipheiteach	5
19303	xo	5
19304	paz	5
19305	chornell	5
19306	wis	5
19307	nashville	5
19308	jamestown	5
19309	chaguanas	5
19310	booker	5
19311	leabraichean	5
19312	religions	5
19313	coetzee	5
19314	charleston	5
19315	newark	5
19316	sidni	5
19317	mhòr-roinnean	5
19318	cùmhachd	5
19319	statcan	5
19320	edmonton	5
19321	iukon	5
19322	iqaluit	5
19323	tasman	5
19324	shidni	5
19325	leine	5
19326	obair-lann	5
19327	lax	5
19328	aimeirigeanach	5
19329	proifeasair	5
19330	bunan	5
19331	carius	5
19332	bhlàthachadh	5
19333	ballads	5
19334	rannsaichean	5
19335	petrus	5
19336	ulf	5
19337	anailiseach	5
19338	seic	5
19339	southampton	5
19340	jocelyn	5
19341	labs	5
19342	shaidheans	5
19343	torah	5
19344	album	5
19345	aprile	5
19346	pictorum	5
19347	coinnich	5
19348	giric	5
19349	rì	5
19350	dub	5
19351	chailein	5
19352	eiphit	5
19353	melilla	5
19354	d'ivoire	5
19355	longest	5
19356	sìobhaltasan	5
19357	lebanon	5
19358	oman	5
19359	oma	5
19360	arb	5
19361	eaman	5
19362	nicosia	5
19363	aden	5
19364	bandar	5
19365	cambodia	5
19366	province	5
19367	avenue	5
19368	indonesian	5
19369	chicken	5
19370	doors	5
19371	diesel	5
19372	mri	5
19373	lao	5
19374	philippines	5
19375	làrach-lìon	5
19376	kazakhstan	5
19377	mongolia	5
19378	bator	5
19379	gobi	5
19380	karakum	5
19381	diobùtaidh	5
19382	allafrica	5
19383	etymonline	5
19384	meadhan-thìreach	5
19385	botswana	5
19386	kalahari	5
19387	blantyre	5
19388	ivory	5
19389	ghana	5
19390	civilizations	5
19391	slavery	5
19392	bhoilibhia	5
19393	t-ainneart	5
19394	aymara	5
19395	phàirce	5
19396	pico	5
19397	t-ailtire	5
19398	playa	5
19399	phearù	5
19400	clò-bhuailte	5
19401	frequently	5
19402	bhogsa-ciùil	5
19403	clàr-iuchair	5
19404	balg	5
19405	mhaoininn	5
19406	ailt	5
19407	leasachan	5
19408	frèam	5
19409	misneach	5
19410	hayes	5
19411	neo-dhiadhaire	5
19412	luchd-stèidheachaidh	5
19413	neach-seilbhe	5
19414	calmac	5
19415	dìoladh	5
19416	shetland	5
19417	thiobraid	5
19418	hiarmh	5
19419	chlàraidhean	5
19420	searmonachadh	5
19421	adomn	5
19422	pro	5
19423	bealaidh	5
19424	bhòidheach	5
19425	cream	5
19426	trèigsinn	5
19427	lancaster	5
19428	h-uige	5
19429	dug	5
19430	eday	5
19431	oy	5
19432	ronaldsay	5
19433	robhsaigh	5
19434	seann-làithean	5
19435	siabann	5
19436	productions	5
19437	expansion	5
19438	t-òb	5
19439	mafia	5
19440	radh	5
19441	fhiolmaichean	5
19442	caan	5
19443	dhaibhsan	5
19444	com-pàirtiche	5
19445	mhaireannach	5
19446	walking	5
19447	bìodach	5
19448	prìomh-baile	5
19449	hiv	5
19450	bhruthaich	5
19451	slighe-uisge	5
19452	rising	5
19453	understands	5
19454	murch	5
19455	rick	5
19456	aotroime	5
19457	phalacrocorax	5
19458	fungi	5
19459	h-araidh	5
19460	starr	5
19461	daa	5
19462	navajo	5
19463	klas	5
19464	croix	5
19465	briogaibh	5
19466	sgrìobag	5
19467	tabs	5
19468	leinn	5
19469	deasg	5
19470	deasachaidh	5
19471	sionnaich	5
19472	eunlaith	5
19473	gnàthachadh	5
19474	seòlta	5
19475	cearr	5
19476	co-cheangail	5
19477	graifit	5
19478	daoimean	5
19479	mhoileciuilean	5
19480	gual-fhiodha	5
19481	ghual	5
19482	shanais	5
19483	cumbria	5
19484	olympics	5
19485	sochi	5
19486	meadhan-latha	5
19487	spògan	5
19488	blàbheinn	5
19489	fasgach	5
19490	mhaith	5
19491	silidh	5
19492	caochan	5
19493	bheathachadh	5
19494	bhot	5
19495	làmh-an-uachdair	5
19496	sradag	5
19497	guns	5
19498	cholbh	5
19499	thainig	5
19500	uamhas	5
19501	lach	5
19502	iteig	5
19503	caillich	5
19504	rainbirder	5
19505	flying	5
19506	dh'iarraidh	5
19507	hoax	5
19508	spot	5
19509	gu'n	5
19510	spàinnis	5
19511	fellowship	5
19512	gollum	5
19513	i'm	5
19514	handling	5
19515	user's	5
19516	taking	5
19517	reuse	5
19518	layout	5
19519	ghàirnealair	5
19520	covered	5
19521	dh'eilean	5
19522	sgothan	5
19523	dh'eòin	5
19524	eathar	5
19525	tries	5
19526	chick	5
19527	sgiogarstaigh	5
19528	gabhsann	5
19529	seilbheadair	5
19530	t-sàl	5
19531	banntraichean	5
19532	prìomh-dhuilleag	5
19533	shàbhail	5
19534	birds	5
19535	lùnastail	5
19536	lùghdaich	5
19537	chuis	5
19538	ceol	5
19539	spionnadh	5
19540	rapair	5
19541	cent	5
19542	eve	5
19543	bheus	5
19544	thasgadh	5
19545	ceudad	5
19546	cainb	5
19547	droga	5
19548	hydrogen	5
19549	payne-gaposchkin	5
19550	prògramaidh	5
19551	dreachd	5
19552	wha	5
19553	hae	5
19554	dìolain	5
19555	ginealaichean	5
19556	trìd-shoilleir	5
19557	tiormaichte	5
19558	nàdurrach	5
19559	thèarmann	5
19560	glèidhteachais	5
19561	voyage	5
19562	rosenblatt	5
19563	senior	5
19564	citizens	5
19565	rhona	5
19566	dùbhghlas-hamalton	5
19567	gallie	5
19568	ingram	5
19569	carolyn	5
19570	macilledhuinn	5
19571	nanette	5
19572	tomaidh	5
19573	irene	5
19574	peattie	5
19575	radcliffe	5
19576	tàmhais	5
19577	siosalach	5
19578	whitefield	5
19579	cruinneachaidh	5
19580	turasan	5
19581	taobh-a-tuath	5
19582	chaibideil	5
19583	tìlis	5
19584	travelling	5
19585	coillte	5
19586	thierry	5
19587	amadan	5
19588	criostal	5
19589	luchd-amhairc	5
19590	yossi	5
19591	gàirdeanan	5
19592	urrach	5
19593	pròis	5
19594	lùthmhor	5
19595	fionnsgeul	5
19596	t-each	5
19597	immortal	5
19598	lìonta	5
19599	ur-sgeulachd	5
19600	riarachadh	5
19601	cunnartan	5
19602	fhrodo	5
19603	rien	5
19604	garnier	5
19605	ghutha	5
19606	fear-seinn	5
19607	fadalaiche	5
19608	a-cheana	5
19609	taigh-opra	5
19610	cuirmean-ciùil	5
19611	stiùirichte	5
19612	grinn	5
19613	phersia	5
19614	palais	5
19615	dhona	5
19616	shaul	5
19617	schnorr	5
19618	poem	5
19619	fhireannach	5
19620	gràisgealachd	5
19621	kingsley	5
19622	mhaurice	5
19623	fàgaidh	5
19624	t-aodach	5
19625	mhòrair	5
19626	duanag	5
19627	dealachaidh	5
19628	dracula	5
19629	seann-sgeulan	5
19630	dh'òl	5
19631	drùiseach	5
19632	calma	5
19633	mnaoi	5
19634	dasdy	5
19635	dìonadair	5
19636	nigheannan	5
19637	fionnsgeulan	5
19638	dheirbh	5
19639	t-slàinte	5
19640	peanasachadh	5
19641	fhaighein	5
19642	mì-choltach	5
19643	sgòrnan	5
19644	morgoth	5
19645	dh'fhuasgail	5
19646	mirror	5
19647	bhròn	5
19648	sing	5
19649	ban-diathan	5
19650	i've	5
19651	dh'àrdaich	5
19652	aria	5
19653	ghàradh	5
19654	dh'ullaich	5
19655	còmhstritheach	5
19656	cawcs	5
19657	indo-european	5
19658	cie	5
19659	b'fhaodainn	5
19660	cuibhrichte	5
19661	ler	5
19662	riu	5
19663	macha	5
19664	anu	5
19665	egobail	5
19666	leus	5
19667	h-aimsire	5
19668	bana-ghaisgeach	5
19669	bhrath	5
19670	clàr-innse	5
19671	ioghnadh	5
19672	mheadhan-talmhainn	5
19673	lancashire	5
19674	brìghean	5
19675	chomannach	5
19676	mì-thoileachas	5
19677	ròsarnach	5
19678	cheangailte	5
19679	tàcharan	5
19680	aosd	5
19681	pictavia	5
19682	alpin	5
19683	bhreatannais	5
19684	aymer	5
19685	clar	5
19686	mheadhan-lodainn	5
19687	sgriosail	5
19688	shaun	5
19689	bios	5
19690	thames	5
19691	urrasachd	5
19692	stèideam	5
19693	fat	5
19694	mì-mhodhail	5
19695	deoch-làidir	5
19696	lazy	5
19697	miosan	5
19698	chomasan	5
19699	greenock	5
19700	fiamh	5
19701	cristina	5
19702	viva	5
19703	ciallan	5
19704	dh'eachdraidh	5
19705	iota	5
19706	bef	5
19707	fo'n	5
19708	uibhir	5
19709	mùr	5
19710	guise	5
19711	advertiser	5
19712	newspapers	5
19713	dùghlas-home	5
19714	ràitheachan	5
19715	bòrd-stiùiridh	5
19716	organ	5
19717	plàighe	5
19718	glòrmhor	5
19719	teòirigeach	5
19720	mari	5
19721	blacks	5
19722	dùbh	5
19723	còrn	5
19724	h-oidhirpean	5
19725	iar-chuairt	5
19726	foghlamaiche	5
19727	dioplòmasaidh	5
19728	gauguin	5
19729	yves	5
19730	teannaichte	5
19731	eisg	5
19732	beaumont	5
19733	tyne	5
19734	ruitheadh	5
19735	stotha	5
19736	fhasan	5
19737	fhileanta	5
19738	chumhachdach	5
19739	pne	5
19740	chòmhraidhean	5
19741	ghearastain	5
19742	sagairt	5
19743	parabòla	5
19744	ax	5
19745	dòrnaireachd	5
19746	stair	5
19747	shoilleireachadh	5
19748	stòidhle	5
19749	carmela	5
19750	silvio	5
19751	janice	5
19752	libeirtèireach	5
19753	theàrnadh	5
19754	simply	5
19755	creididh	5
19756	coltasan	5
19757	att	5
19758	ùirsgeulach	5
19759	tra	5
19760	faireachdainnean	5
19761	h-oifigearan	5
19762	tè-bhuairidh	5
19763	teis	5
19764	howff	5
19765	gràn-ubhal	5
19766	neo-chiontachd	5
19767	doineann	5
19768	geamnachd	5
19769	ainme	5
19770	fialaidh	5
19771	anann	5
19772	dùrachd	5
19773	iochdar	5
19774	còrdte	5
19775	sgeulaichean	5
19776	chasg	5
19777	mallaichte	5
19778	chreutair	5
19779	h-ochdamh	5
19780	aircleid	5
19781	roise	5
19782	ghèilleadh	5
19783	breisleach	5
19784	còmhlain-ciùil	5
19785	madonna	5
19786	judy	5
19787	sinich	5
19788	platon	5
19789	uaibhreach	5
19790	lorne	5
19791	tairbhe	5
19792	targaidean	5
19793	meallta	5
19794	macbeth	5
19795	bhana-phrionnsa	5
19796	thorfinn	5
19797	mcleish	5
19798	prìosanan	5
19799	thuca	5
19800	beul-feirste	5
19801	abdullah	5
19802	carabhan	5
19803	comh-strì	5
19804	saor-thoilich	5
19805	com-pàirtichean	5
19806	fhèisean	5
19807	faileas	5
19808	divina	5
19809	phalastain	5
19810	govt	5
19811	wel	5
19812	carmarthen	5
19813	chòrnais	5
19814	seana	5
19815	connery	5
19816	luchd-eòlais	5
19817	dh'uibhist	5
19818	liùrabhaig	5
19819	pàirteach	5
19820	ethnologue	5
19821	marathi	5
19822	laphroaig	5
19823	fhionn	5
19824	bàine	5
19825	daonnachd	5
19826	imeachd	5
19827	vary	5
19828	abstract	5
19829	tagairt	5
19830	gene	5
19831	prefer	5
19832	bàn-dhonn	5
19833	craicinn	5
19834	wizard	5
19835	h-afraga	5
19836	ameireagach	5
19837	tuar	5
19838	bèiste	5
19839	treòraich	5
19840	meala	5
19841	truailleadh	5
19842	brìgheil	5
19843	buill-bodhaig	5
19844	ysgol	5
19845	feadan	5
19846	gainnead	5
19847	h-ìrean	5
19848	sgrùdair	5
19849	dualtach	5
19850	mbewuleni	5
19851	shuainis	5
19852	ionnsaigheach	5
19853	stops	5
19854	iron	5
19855	modhan-ciùil	5
19856	mayhem	5
19857	criomagan	5
19858	seòrsan	5
19859	comhlanan	5
19860	tradiseanta	5
19861	dìt	5
19862	tragedy	5
19863	braisileach	5
19864	jenna	5
19865	kerry	5
19866	orycteropus	5
19867	afer	5
19868	càmhal	5
19869	gèineas	5
19870	o'brien	5
19871	luch	5
19872	sùbailte	5
19873	dùchasach	5
19874	pocanaich	5
19875	tìgear	5
19876	gnou	5
19877	boa	5
19878	kameneva	5
19879	grigory	5
19880	naisgear	5
19881	àithneach	5
19882	grammatical	5
19883	chaileig	5
19884	suidh	5
19885	gaise	5
19886	dh'ith	5
19887	tog	5
19888	auxiliary	5
19889	bàta-aiseig	5
19890	isg	5
19891	anatomy	5
19892	aiseirigh	5
19893	stiallan	5
19894	sròin	5
19895	indicus	5
19896	upsilon	5
19897	sho	5
19898	gmina	5
19899	voivodship	5
19900	cur-seachadan	5
19901	antelope	5
19902	impala	5
19903	hats	5
19904	aol	5
19905	trades	5
19906	aonaidhean	5
19907	aotraman	5
19908	mùn	5
19909	dh'fhiodh	5
19910	fuineadh	5
19911	botal	5
19912	a-nìos	5
19913	fiadhach	5
19914	àrd-sheanadh	5
19915	muir-tràigh	5
19916	tuirceach	5
19917	èasgaidh	5
19918	achlais	5
19919	iarmailt	5
19920	bogha-frois	5
19921	mhairt	5
19922	halter	5
19923	salon	5
19924	agriculture	5
19925	pana	5
19926	diùcan	5
19927	lòchran	5
19928	buana	5
19929	draoidhean	5
19930	geansaidhean	5
19931	cuirte	5
19932	bobhla	5
19933	coinnlean	5
19934	aran-coirce	5
19935	coimheatailt	5
19936	incas	5
19937	dh'airgead	5
19938	nurs	5
19939	greco	5
19940	adhbrann	5
19941	cruthaichear	5
19942	duns	5
19943	inneil	5
19944	chairtean	5
19945	trèan	5
19946	ecclesia	5
19947	almain	5
19948	ròmanaiche	5
19949	benghazi	5
19950	hebrew	5
19951	ghaidhlig	5
19952	chonnrag	5
19953	snog	5
19954	reul-cuairte	5
19955	choitcheannachd	5
19956	h-èicliptich	5
19957	aldo	5
19958	reultach	5
19959	trast	5
19960	fluaraid	5
19961	bliogh	5
19962	pluto	5
19963	chrios	5
19964	hydra	5
19965	niùclas	5
19966	diceros	5
19967	bicornis	5
19968	ainmean-aite	5
19969	ikapa	5
19970	mèinean	5
19971	leanabhan	5
19972	èadhar	5
19973	bàirneach	5
19974	banana	5
19975	lùdag	5
19976	sadler	5
19977	long-nosed	5
19978	ogam	5
19979	chreideas	5
19980	dèideagan	5
19981	cearc-capall-coille	5
19982	sòisealta-deamocratach	5
19983	bontine	5
19984	cunninghame	5
19985	seòmair	5
19986	caman	5
19987	gineamhainn	5
19988	dwelly's	5
19989	petroleum	5
19990	erd	5
19991	choimpiutair	5
19992	rodney	5
19993	buzz	5
19994	aldrin	5
19995	costner	5
19996	rocky	5
19997	peploe	5
19998	h-aimeireaganaich	5
19999	vasily	5
20000	bith-eòlach	5
20001	phreas	5
20002	meangan	5
20003	monod	5
20004	fèin-eachdraidheil	5
20005	faidhbhile	5
20006	bing	5
20007	bior	5
20008	ghrèin	5
20009	dh'fhas	5
20010	gloinne	5
20011	nathair-mhara	5
20012	nathair-mara	5
20013	iteagan	5
20014	osprey	5
20015	landing	5
20016	swallow	5
20017	neòinean	5
20018	uinneanan	5
20019	ulster	5
20020	imp	5
20021	hirst	5
20022	cuimeanach	5
20023	h-eun	5
20024	h-uighean	5
20025	teann-stuth	5
20026	chailleas	5
20027	prainnseas	5
20028	mhinistrealachd	5
20029	h-ionad	5
20030	brueghel	5
20031	peallag	5
20032	peileag	5
20033	buthaidean	5
20034	fratercula	5
20035	arctica	5
20036	stora	5
20037	faroe	5
20038	pònairean	5
20039	plaosg	5
20040	stallman	5
20041	isambard	5
20042	huntington	5
20043	simone	5
20044	degli	5
20045	levitt	5
20046	cunnradh	5
20047	katharine	5
20048	sherlock	5
20049	haagen	5
20050	antaine	5
20051	nicalasdair	5
20052	reòiteag	5
20053	sìonaich	5
20054	cleoc	5
20055	signs	5
20056	bhroilleach	5
20057	dràgon	5
20058	cailc	5
20059	struth	5
20060	oro	5
20061	krameri	5
20062	alexandrine	5
20063	conspicillatus	5
20064	occidentalis	5
20065	onocrotalus	5
20066	rufescens	5
20067	thagus	5
20068	serinus	5
20069	coala	5
20070	gorilla	5
20071	brussels	5
20072	ingrid	5
20073	ehrenstrahl	5
20074	buddy	5
20075	vermeer	5
20076	kepler	5
20077	kiad	5
20078	fighte	5
20079	caola	5
20080	fèileadh	5
20081	motacilla	5
20082	coirbeachd	5
20083	faochag	5
20084	eisirean	5
20085	mòr-rathad	5
20086	ro-innse	5
20087	chonnspaideach	5
20088	cearcall-thomhas	5
20089	broxburn	5
20090	sgioblachadh	5
20091	saab	5
20092	posen	5
20093	chom	5
20094	goileach	5
20095	coinnle	5
20096	reicear	5
20097	volt	5
20098	bùtha	5
20099	tunnag	5
20100	jeffries	5
20101	iteal	5
20102	orion	5
20103	tinwaal	5
20104	laksaa	5
20105	cuibhle-uisge	5
20106	leadaidh	5
20107	geddes	5
20108	sòiseo-eòlas	5
20109	bàislig	5
20110	poballach	5
20111	steaphain	5
20112	neach-teòiridh	5
20113	arezzo	5
20114	factoraidh	5
20115	suggests	5
20116	eurasia	5
20117	galen	5
20118	sequamur	5
20119	neum	5
20120	riaghlachadh	5
20121	jet	5
20122	phrìomh-chearcall	5
20123	dearbhaidhean	5
20124	sinensis	5
20125	òlar	5
20126	cosmhail	5
20127	farsainge	5
20128	rni	5
20129	passion	5
20130	petit	5
20131	bàtaichean-iasgaich	5
20132	mapa-balla	5
20133	imagesgaelic	5
20134	eallach	5
20135	sheridan	5
20136	tartaraich	5
20137	chrimea	5
20138	duma	5
20139	cuis	5
20140	sefer	5
20141	ieremiah	5
20142	bridgeport	5
20143	càs	5
20144	nàmh	5
20145	bhuam	5
20146	croiteir	5
20147	kesey	5
20148	randall	5
20149	shasunnach	5
20150	sìochantairean	5
20151	feadhna	5
20152	blaine	5
20153	scholars	5
20154	ast	5
20155	òrdag-coise	5
20156	beusan	5
20157	dèigh	5
20158	matterhorn	5
20159	suainich	5
20160	fiobha	5
20161	sgithich	5
20162	taigh-sheinnse	5
20163	fairge	5
20164	haaf	5
20165	rathad-iaruinn	5
20166	lagain	5
20167	cuairt-ghaoth	5
20168	buidseat	5
20169	comhghall	5
20170	bannockburn	5
20171	uva	5
20172	holmr	5
20173	benny	5
20174	cruinn-eòlais	5
20175	papeete	5
20176	departamentos	5
20177	bishkek	5
20178	pyongyang	5
20179	referred	5
20180	timor	5
20181	dili	5
20182	vientiane	5
20183	officially	5
20184	gruisia	5
20185	tbilisi	5
20186	aquesta	5
20187	idioma	5
20188	nederlandse	5
20189	thurasachd	5
20190	bith-eòlais	5
20191	beachd-bharail	5
20192	chaoidh	5
20193	sardinia	5
20194	dearbhaidh	5
20195	meatragsan	5
20196	deagh-dhèanta	5
20197	camera	5
20198	thoglaichean	5
20199	geàrr-chunntas	5
20200	smaointean	5
20201	aicseamach	5
20202	camagan	5
20203	ally	5
20204	flavius	5
20205	sgiathanach	5
20206	cailein	5
20207	mhuirich	5
20208	aontaichte	5
20209	dlighean	5
20210	sgairinis	5
20211	corn	5
20212	voices	5
20213	puilean	5
20214	obair-ealain	5
20215	tinne	5
20216	pòlainnich	5
20217	foillsicheadh	5
20218	chàisg	5
20219	nomen	5
20220	leòdaich	5
20221	taighe-tionnsgain	5
20222	d'ràinig	5
20223	ionad-thaighean	5
20224	deicheach	5
20225	seachdad	5
20226	iom-thionndaidh	5
20227	ceàrnagan	5
20228	chonnspaidiche	5
20229	dhobhrain	5
20230	chàirinis	5
20231	camshronach	5
20232	theann	5
20233	a-deas	5
20234	rùin	5
20235	thàladh	5
20236	cèilidhean	5
20237	melanchthon	5
20238	ath-nuadhachaidh	5
20239	creachadairean	5
20240	bheagan	5
20241	mathanas	5
20242	beanntanan	5
20243	saxony	5
20244	osnabr	5
20245	ro-fhìrinnean	5
20246	brewster	5
20247	mhatamataigear	5
20248	chrath	5
20249	ashkirk	5
20250	ethos	5
20251	rer	5
20252	thusa	5
20253	fiosaichean	5
20254	bhatacan	5
20255	chròthais	5
20256	carloway	5
20257	marischal	5
20258	lemy	5
20259	konrad	5
20260	suimeadh	5
20261	neo-chrìochnach	5
20262	vaduz	5
20263	tòimhseachan	5
20264	wallyford	5
20265	annas	5
20266	lennart	5
20267	golac	5
20268	sgrùdach	5
20269	belleville	5
20270	lùth-chleasaiche	5
20271	t-sràide	5
20272	normandie	5
20273	mùiteach	5
20274	eicrioch	5
20275	vil	5
20276	valletta	5
20277	thunis	5
20278	a-stigh	5
20279	choreigin	5
20280	suidheachain	5
20281	jock	5
20282	fiosrachail	5
20283	saitama	5
20284	potato	5
20285	deireadh-sheachdain	5
20286	nìl	5
20287	avalon	5
20288	tel-aviv	5
20289	città	5
20290	àigeanaich	5
20291	t-innleadair	5
20292	unis	5
20293	roinn-àireimh	5
20294	thoronto	5
20295	monmouth	5
20296	baden-baden	5
20297	broughty	5
20298	ceangladh	5
20299	ship	5
20300	àisia-an-ear	5
20301	bhanuatu	5
20302	mharshall	5
20303	sgìre-easbaig	5
20304	t-suidheachaidh	5
20305	welle	5
20306	neue	5
20307	photsdam	5
20308	ghiuthais	5
20309	cailleannach	5
20310	eadar-sgaoileadh	5
20311	fear-saoraidh	5
20312	duinn	5
20313	neapal	5
20314	ukpga	5
20315	artaigealan	5
20316	taibhsean	5
20317	longan	5
20318	nixon	5
20319	cheannais	5
20320	dolair	5
20321	hispaniola	5
20322	wiktionary	5
20323	beinn-teine	5
20324	puinge	5
20325	circ	5
20326	hawley	5
20327	r'a	5
20328	parrot	5
20329	adhartaich	5
20330	ceart-cheàrnaich	5
20331	ceàrnaig	5
20332	garsbheinn	5
20333	bheann	5
20334	sporain	5
20335	vanuatu	5
20336	fhionnainn	5
20337	mhalaig	5
20338	h-eilein	5
20339	eriskay	5
20340	fhriseal	5
20341	familiar	5
20342	honiara	5
20343	tertius	5
20344	bun-na-coise	5
20345	organizaci	5
20346	estados	5
20347	domhainnead	5
20348	t-siorcair	5
20349	rèabhlaide	5
20350	acts	5
20351	luchd-mailisidh	5
20352	batailean	5
20353	bh'air	5
20354	ticonderoga	5
20355	bunker	5
20356	emanuel	5
20357	camshronaich	5
20358	ratreut	5
20359	a-chum	5
20360	shalott	5
20361	mallachd	5
20362	chamelot	5
20363	themselves	5
20364	bhomaichean	5
20365	phort-mara	5
20366	melekeok	5
20367	pape	5
20368	shoria	5
20369	khampala	5
20370	bhujumbura	5
20371	medway	5
20372	catholic-hierarchy	5
20373	khinshasa	5
20374	aifric	5
20375	wagrain	5
20376	neach-stiùiridh	5
20377	còisire	5
20378	cleachdach	5
20379	traillean	5
20380	chairo	5
20381	luathachadh	5
20382	tonna	5
20383	sgaradh-cinnidh	5
20384	vert	5
20385	as-mhalairt	5
20386	bòinne	5
20387	dluth	5
20388	ton	5
20389	stalingrad	5
20390	ùr-ghnàthach	5
20391	irn	5
20392	embo	5
20393	khan	5
20394	melba	5
20395	loz	5
20396	canorus	5
20397	clifton	5
20398	draibhear	5
20399	dravidian	5
20400	fuego	5
20401	obraichidh	5
20402	taisgealaiche	5
20403	gully	5
20404	tarsaing	5
20405	webm	5
20406	chuthag	5
20407	sunndach	5
20408	rusticola	5
20409	eun-creachaidh	5
20410	peilleir	5
20411	chlòtha	5
20412	dh'airde	5
20413	naiseanan	5
20414	bhuainnich	5
20415	port-au-prince	5
20416	canadianach	5
20417	caraib	5
20418	pòlainneach	5
20419	ullamh	5
20420	paget	5
20421	gallus	5
20422	hand	5
20423	varese	5
20424	cumbernauld	5
20425	gaelicconstituencyandregionnames	5
20426	toun	5
20427	penicuik	5
20428	settlements-and-localities	5
20429	population-estimates-for-settlements-in-scotland	5
20430	dunfermline	5
20431	motherwell	5
20432	pribhleidean	5
20433	kirkton	5
20434	shanks	5
20435	newland	5
20436	garth	5
20437	ath-thogadh	5
20438	bo'ness	5
20439	breichinn	5
20440	frisealach	5
20441	coràn	5
20442	ghoilf	5
20443	melrose	5
20444	annandale	5
20445	cuain	5
20446	slòcan	5
20447	nori	5
20448	algae	5
20449	glanadh	5
20450	spideal	5
20451	harding	5
20452	hoover	5
20453	brothers	5
20454	alzheimer	5
20455	pronnasg	5
20456	iarlachd	5
20457	ìoslachadh	5
20458	ex	5
20459	bàlaichean	5
20460	matters	5
20461	specification	5
20462	variety	5
20463	examples	5
20464	copying	5
20465	publish	5
20466	visible	5
20467	remain	5
20468	sheansalair	5
20469	surrey	5
20470	theyworkforyou	5
20471	òraidichean	5
20472	downing	5
20473	saw	5
20474	peat	5
20475	leth-bhreith	5
20476	hamilton-gordon	5
20477	wallis	5
20478	bright	5
20479	kar	5
20480	theirm	5
20481	chàin	5
20482	katy	5
20483	presidente	5
20484	tes	5
20485	h-ucràin	5
20486	khoruzhivka	5
20487	charn	5
20488	burhou	5
20489	sark	5
20490	brecqhou	5
20491	iar-leasach	5
20492	casquets	5
20493	besan	5
20494	rables	5
20495	rocks	5
20496	kirche	5
20497	cumnock	5
20498	bhreannain	5
20499	gràisg	5
20500	leas-ollamh	5
20501	thaisgealadh	5
20502	taklamakan	5
20503	oga	5
20504	tirari	5
20505	pawe	5
20506	amargosa	5
20507	maggiore	5
20508	rub	5
20509	lut	5
20510	sten	5
20511	ramon	5
20512	levant	5
20513	thìrean	5
20514	chòrsa	5
20515	cholistan	5
20516	tottori	5
20517	gnìomha	5
20518	bun-structair	5
20519	jacqueline	5
20520	chomar	5
20521	slater	5
20522	lead	5
20523	greens	5
20524	fionnphort	5
20525	cunningham	5
20526	duain	5
20527	bhuaile	5
20528	louvre	5
20529	oahu	5
20530	ces	5
20531	abad	5
20532	caoirich	5
20533	acha	5
20534	glèidh	5
20535	helmsdale	5
20536	docid	5
20537	phoblacht	5
20538	nouv	5
20539	recens	5
20540	daon	5
20541	bilan	5
20542	arrecife	5
20543	spàinteach	5
20544	phuirt-adhair	5
20545	marjorie	5
20546	host	5
20547	kristallnacht	5
20548	bhautzen	5
20549	rlitz	5
20550	abradh	5
20551	hell	5
20552	chain	5
20553	pia	5
20554	breve	5
20555	fuaimeanachadh	5
20556	ceannardais	5
20557	grahame	5
20558	tonnan	5
20559	pabay	5
20560	longaigh	5
20561	stampaichean	5
20562	hebridean	5
20563	bullough	5
20564	questions	5
20565	newtonmore	5
20566	atholl	5
20567	ath-ainmeachadh	5
20568	musdile	5
20569	gauge	5
20570	t-ainm-àite	5
20571	bogh	5
20572	eas-chumadh	5
20573	practical	5
20574	pronunciation	5
20575	thosgaire	5
20576	com-pàirteachas	5
20577	leubail	5
20578	bhotail	5
20579	glas-leac	5
20580	mullagrach	5
20581	bartholdy	5
20582	kapitel	5
20583	aibidilean	5
20584	jovice	5
20585	bheanntach	5
20586	dìcheallach	5
20587	molaidh	5
20588	chorra-ghritheach	5
20589	lunndaidh	5
20590	crùin	5
20591	legend-color	5
20592	garelochhead	5
20593	alness	5
20594	h-òigridh	5
20595	ghiobraltair	5
20596	sguman	5
20597	cuimhneachaidh	5
20598	sgòrr	5
20599	meet	5
20600	fèithe	5
20601	bhòidhich	5
20602	gillespie	5
20603	concrait	5
20604	apainn	5
20605	baidhseagail	5
20606	thaighean-solais	5
20607	rochelle	5
20608	fenwick	5
20609	còirean	5
20610	sgrùdaich	5
20611	coimheadaidh	5
20612	descriptive	5
20613	mugdock	5
20614	strìopair	5
20615	nang	5
20616	phong	5
20617	hue	5
20618	seamill	5
20619	yeshiva	5
20620	chànanaiche	5
20621	skelmorlie	5
20622	tràgha	5
20623	eachdraidhe	5
20624	huang	5
20625	for-cheum	5
20626	picture	5
20627	bhusaichean	5
20628	neach-clàraidh	5
20629	ethel	5
20630	shinnsearan	5
20631	wade	5
20632	perhaps	5
20633	hour	5
20634	impossible	5
20635	fosgail	5
20636	staircase	5
20637	àirnein	5
20638	earnain	5
20639	taigh-mòr	5
20640	phpsessid	5
20641	stòr-amar	5
20642	fhactaraidh	5
20643	h-àrd-eaglaise	5
20644	clach-chuimhneachan	5
20645	einthoven	5
20646	robbins	5
20647	golspie	5
20648	robain	5
20649	laoghail	5
20650	eurabol	5
20651	ghearrloch	5
20652	alois	5
20653	tròcair	5
20654	chleach	5
20655	gealltainn	5
20656	chompanach	5
20657	prìosanach	5
20658	gluasaid	5
20659	h-inntinneach	5
20660	jessie	5
20661	majority	5
20662	dòchais	5
20663	bhainidh	5
20664	chàirn	5
20665	lois	5
20666	bien	5
20667	fhèin-eachdraidh	5
20668	chandelaria	5
20669	adhartasan	5
20670	urab	5
20671	mion-sgrùdadh	5
20672	thuathanaich	5
20673	bith-bhuan	5
20674	stamford	5
20675	territorial	5
20676	glenrothes	5
20677	priory	5
20678	àrdair	5
20679	chluainidh	5
20680	chothroman	5
20681	phùir	5
20682	wee	5
20683	mental	5
20684	fhèichin	5
20685	mharasgal	5
20686	negro	5
20687	cien	5
20688	soledad	5
20689	caballero	5
20690	freiberg	5
20691	hren	5
20692	chrutha	5
20693	lauder	5
20694	greenlaw	5
20695	sgìthidh	5
20696	tartar	5
20697	turystyka	5
20698	phòlach	5
20699	eadar-theangachaidh	5
20700	tianabhaig	5
20701	chinn-shuidhe	5
20702	chuthaich	5
20703	bitstream	5
20704	elespectador	5
20705	sabana	5
20706	correa	5
20707	ràitheil	5
20708	cheann-fheadhna	5
20709	beithich	5
20710	mat	5
20711	cordoba	5
20712	posts	5
20713	sreapadairean	5
20714	gatehouse	5
20715	supporters	5
20716	seann-bheurla	5
20717	arven-fra-vikingene	5
20718	stedsnavn	5
20719	locarbaidh	5
20720	disaster	5
20721	symson	5
20722	bagairt	5
20723	lionel	5
20724	carbad-smuid	5
20725	rocket	5
20726	neilston	5
20727	eaglesham	5
20728	chlarc	5
20729	clarkston	5
20730	harfang	5
20731	frontino	5
20732	th'annta	5
20733	kat	5
20734	corrida	5
20735	eq	5
20736	clemencia	5
20737	bhìdh	5
20738	vandelvira	5
20739	navarra	5
20740	sheacais	5
20741	romana	5
20742	ot	5
20743	caidreabhach	5
20744	forth	5
20745	airth	5
20746	cho-chruinneachaidh	5
20747	vexilologick	5
20748	congreso	5
20749	jurado	5
20750	irisleabhar	5
20751	bh'aige	5
20752	parraiste	5
20753	flex	5
20754	ìosaid	5
20755	calatrava	5
20756	rdova	5
20757	leopoldo	5
20758	ripoll	5
20759	fhranco	5
20760	marcelo	5
20761	maura	5
20762	montaner	5
20763	adolfo	5
20764	ibarra	5
20765	fho-rùnaire	5
20766	arma	5
20767	villarrica	5
20768	galeon	5
20769	mhòr-dhail	5
20770	leopoldina	5
20771	armaibh	5
20772	agua	5
20773	ticas	5
20774	ath-leasachaidhean	5
20775	guerrilla	5
20776	enterprise	5
20777	èifeachdaiche	5
20778	an-iochdmhor	5
20779	roghainnean	5
20780	sitges	5
20781	meadhanachadh	5
20782	diosg	5
20783	hancock	5
20784	pàirtidh	5
20785	clàir	5
20786	tomkins	5
20787	shelley	5
20788	vision	5
20789	supply	5
20790	runner	5
20791	dryburgh	5
20792	aragon	5
20793	orientales	5
20794	cinn-feadhna	5
20795	hunzah	5
20796	miotais	5
20797	sgur-cogaidh	5
20798	eadar-theachd	5
20799	howwood	5
20800	loighne	5
20801	rag	5
20802	estad	5
20803	hillman	5
20804	phròbhaist	5
20805	h-aonaidhean-ciùird	5
20806	shràid	5
20807	chùis-lagha	5
20808	chabhalach	5
20809	doire-choille	5
20810	spanishvocabulary	5
20811	tja	5
20812	purple	5
20813	moderne	5
20814	geografia	5
20815	rius	5
20816	pàighte	5
20817	louisbourg	5
20818	goranchacha	5
20819	bun-smuain	5
20820	protestantism	5
20821	eag-eòlas	5
20822	tarasaigh	5
20823	brand	5
20824	tallaichean	5
20825	thòmais	5
20826	tabelle	5
20827	sunt	5
20828	dhresden	5
20829	interior	5
20830	borve	5
20831	gaius	5
20832	williamina	5
20833	scheduled	5
20834	lnlycke	5
20835	mabou	5
20836	paulus	5
20837	d'agordo	5
20838	hierarchy	5
20839	heights	5
20840	dearcmhara	5
20841	presley	5
20842	cash	5
20843	maitland	5
20844	montpellier	5
20845	powiat	5
20846	talyllyn	5
20847	penmaenmawr	5
20848	python	5
20849	personnage	5
20850	rougon-macquart	5
20851	soci	5
20852	figaro	5
20853	gaotharlanachd	5
20854	eòlais-inntinn	5
20855	père	5
20856	bovary	5
20857	kip	5
20858	barish	5
20859	ghez	5
20860	genzel	5
20861	markets	5
20862	spekulatius	5
20863	univ-rouen	5
20864	ligne	5
20865	suis	5
20866	flin	5
20867	scotlandsnature	5
20868	croy	5
20869	suaicheantais	5
20870	rome	5
20871	germinal	5
20872	temps	5
20873	siècle	5
20874	zanzibar	5
20875	saffron	5
20876	seann-ghaeilge	5
20877	oftedal	5
20878	aim	5
20879	coirbte	5
20880	indre-et-loire	5
20881	cheòladairean	5
20882	taighean-cluiche	5
20883	eine	5
20884	bertioga	5
20885	lucca	5
20886	broker	5
20887	prefile	5
20888	listprefiles	5
20889	jspa	5
20890	statistik-nord	5
20891	wettin	5
20892	worldstatesmen	5
20893	autoren	5
20894	bibliothèque	5
20895	thueringen	5
20896	nicaea	5
20897	alpes-maritimes	5
20898	tland	5
20899	fem	5
20900	ttelser	5
20901	vegvesen	5
20902	mapviewer	5
20903	okrug	5
20904	chase	5
20905	sicilia	5
20906	tabla	5
20907	pink	5
20908	greenwich	5
20909	giacomo	5
20910	dalarna	5
20911	pomerania	5
20912	migration	5
20913	dux	5
20914	caidreabhaich	5
20915	humanities	5
20916	fiel	5
20917	sakhalin	5
20918	gintinn	5
20919	mapping	5
20920	revue	5
20921	backgroundcolors	5
20922	bardata	5
20923	doirling	5
20924	fundaci	5
20925	empires	5
20926	herria	5
20927	indicador	5
20928	cordob	5
20929	bhìte	5
20930	uba	5
20931	fuaimneachail	5
20932	gasteiz	5
20933	els	5
20934	coasts	5
20935	ponte	5
20936	valentia	5
20937	alicante	5
20938	seco	5
20939	parlamento	5
20940	gailìsis	5
20941	gij	5
20942	linguistic	5
20943	bhànrighinn	5
20944	mèirleach	5
20945	dh'earb	5
20946	sult	5
20947	màla	5
20948	ana-chaidreamhach	5
20949	dìmeas	5
20950	baroja	5
20951	magnusson	5
20952	chùl-cinn	5
20953	linux	5
20954	programming	5
20955	ultima	5
20956	unix	5
20957	seantansan	5
20958	fundamentos	5
20959	meirle-sgrìobhaidh	5
20960	chùirte	5
20961	seilbhe	5
20962	alianza	5
20963	iga	5
20964	itap	5
20965	hip	5
20966	solo	5
20967	axl	5
20968	departments	5
20969	ral	5
20970	vend	5
20971	bezirk	5
20972	lithuania	5
20973	choimhearsnachdan	5
20974	families	5
20975	revised	5
20976	bundesarchiv	5
20977	airigh	5
20978	sìonagoga	5
20979	rabbi	5
20980	aimearganach	5
20981	fòn-eòlas	5
20982	obair-rannsachaidh	5
20983	maolalaigh	5
20984	norske	5
20985	leksikon	5
20986	sandnes	5
20987	biografi	5
20988	speaking	5
20989	maclennan	5
20990	katalog	5
20991	hydro	5
20992	frauenburg	5
20993	warmia	5
20994	hale	5
20995	univ	5
20996	neu	5
20997	cbe	5
20998	ksi	5
20999	fèin-mhurt	5
21000	jutland	5
21001	fiche	5
21002	mecklenburgische	5
21003	duncker	5
21004	humblot	5
21005	sgrìobhaichean	5
21006	perfect	5
21007	macdiarmaid	5
21008	trosg	5
21009	geschichte-schweiz	5
21010	bellinzona	5
21011	aarau	5
21012	altdorf	5
21013	herisau	5
21014	obwalden	5
21015	sarnen	5
21016	nidwalden	5
21017	aare	5
21018	feld	5
21019	maximilian	5
21020	doubs	5
21021	schwaben	5
21022	flagge	5
21023	sgìre-rianachd	5
21024	caipsean	5
21025	oberb	5
21026	mùthaidhean	5
21027	iomaill	5
21028	h-aoise	5
21029	aibhinn	5
21030	codemessage	5
21031	plusieursreponses	5
21032	chod	5
21033	ana-gaisgeach	5
21034	ick	5
21035	sionnachan-mara	5
21036	sgoil-diadhaireachd	5
21037	factsheet	5
21038	acs	5
21039	ruhrgebiet	5
21040	juni	5
21041	producttables	5
21042	rijeka	5
21043	zolochiv	5
21044	suzuki	5
21045	negishi	5
21046	statistikos	5
21047	departamentas	5
21048	statistikbanken	5
21049	infantes	5
21050	scotland-constituencies	5
21051	dh'fhaclan	5
21052	kingdoms	5
21053	ucsd	5
21054	àrnol	5
21055	currie	5
21056	beachd-smuainealas	5
21057	dayton	5
21058	planadh	5
21059	rathaile	5
21060	graphicslib	5
21061	wired	5
21062	celtiberia	5
21063	quickfacts	5
21064	fheannagan	5
21065	german-gaels	5
21066	westminister	5
21067	merkel	5
21068	amit	5
21069	pleiades	5
21070	passamaquoddy	5
21071	micmac	5
21072	dealbhadair-èibhinn	5
21073	agallamhan	5
21074	gallarta	5
21075	lavanguardia	5
21076	cantal	5
21077	lives	5
21078	h-aonadan	5
21079	toptextcells	5
21080	detmold	5
21081	piano	5
21082	trouw	5
21083	suathaich	5
21084	gaels	5
21085	tulaigh	5
21086	fhine	5
21087	seannduaig	5
21088	lough	5
21089	sgaraich	5
21090	asset	5
21091	eclesi	5
21092	partisi	5
21093	theinnteach	5
21094	bleith-thalmhainn	5
21095	orthogneiss	5
21096	anphoblacht	5
21097	ghoideadh	5
21098	rochester	5
21099	jessica	5
21100	chonraidh	5
21101	raithin	5
21102	macrory	5
21103	lìbhre	5
21104	applications	5
21105	vas	5
21106	szent	5
21107	android	5
21108	foghnan	5
21109	malart	5
21110	antich	5
21111	portaloaca	5
21112	biografia-de-salvador-puig-antich-anarquista-ejecutado-por-el-regimen-franquista	5
21113	oaca	5
21114	tecnol	5
21115	euslainteach	5
21116	sàillibh	5
21117	geur-leanmhainn	5
21118	phoblachdach	5
21119	jordi	5
21120	grian-stad	5
21121	graf	5
21122	profiles	5
21123	phsoe	5
21124	adas	5
21125	daonnachdan	5
21126	alo	5
21127	gill-eathain	5
21128	senigallia	5
21129	fig	5
21130	dolomiti	5
21131	iom-sheòladh	5
21132	sailing	5
21133	caimbeulaich	5
21134	piemonte	5
21135	storia	5
21136	plummer	5
21137	oware	5
21138	lica	5
21139	huck	5
21140	entertainment	5
21141	albàineach	5
21142	lubhic	5
21143	airmeinis	5
21144	briotanach	5
21145	p-ceiltis	5
21146	cal	5
21147	tharu	5
21148	semnani	5
21149	def	5
21150	tort	5
21151	neach-ealaine	5
21152	biloxi	5
21153	tilastokeskus	5
21154	estonica	5
21155	klopeedia	5
21156	eestist	5
21157	maakond	5
21158	px-web	5
21159	largest-cities-in-estonia	5
21160	bhreda	5
21161	strijen	5
21162	doesburg	5
21163	fear-saidheans	5
21164	zwartboek	5
21165	pit	5
21166	hieronymus	5
21167	latino	5
21168	nieuwland	5
21169	krabb	5
21170	lint	5
21171	bruden	5
21172	lauren	5
21173	koolhaas	5
21174	berkshire	5
21175	clach-eòlas	5
21176	echo	5
21177	roxette	5
21178	suffer	5
21179	gessle	5
21180	fromantiou	5
21181	o'gallagher	5
21182	lobith	5
21183	www-history	5
21184	emmen	5
21185	urk	5
21186	chabhalaich	5
21187	lutjegast	5
21188	joanna	5
21189	cient	5
21190	dino	5
21191	worlds	5
21192	julien	5
21193	qualities	5
21194	pipe-major	5
21195	barron	5
21196	karls	5
21197	aidan	5
21198	faclairgidhl	5
21199	adamnan	5
21200	dathadair	5
21201	bhreitheanais	5
21202	sgrìobhaiche-dràma	5
21203	whalsay	5
21204	mine	5
21205	chluinnear	5
21206	blàrach	5
21207	mthatha	5
21208	koloni	5
21209	zuma	5
21210	boksburg	5
21211	gerhardus	5
21212	uitenhage	5
21213	apart	5
21214	dh'aona-ghnothach	5
21215	kttchurch	5
21216	taigh-tùir	5
21217	wehrheim	5
21218	daltan	5
21219	lampaichean	5
21220	h-oghaichean	5
21221	mining	5
21222	scotlandshistory	5
21223	queensberry	5
21224	pow	5
21225	oldenglishtranslator	5
21226	scottishchurches	5
21227	taigh-ghnìomhachais	5
21228	briodachadh	5
21229	herries	5
21230	seipeal	5
21231	kirtle	5
21232	mostly	5
21233	macdhunlèibhe	5
21234	ghabhsgabhaig	5
21235	chuaraidh	5
21236	rankings	5
21237	harriet	5
21238	thuarastal	5
21239	universia	5
21240	waterbeck	5
21241	bloomington	5
21242	neach-eachdraidh	5
21243	t-ìmpire	5
21244	tucaid	5
21245	amherst	5
21246	forcaichean	5
21247	clydesdale	5
21248	morar	5
21249	knoydart	5
21250	numerically	5
21251	allowing	5
21252	evaluates	5
21253	scribunto	5
21254	markhigh	5
21255	meta-module	5
21256	configured	5
21257	trimwhitespace	5
21258	demopage	5
21259	issubpage	5
21260	matchesblacklist	5
21261	getnamespaceparameters	5
21262	detects	5
21263	categorizes	5
21264	remaining	5
21265	equals	5
21266	expensive	5
21267	completely	5
21268	mappingsordered	5
21269	operate	5
21270	recursive	5
21271	integers	5
21272	iterator	5
21273	subst	5
21274	functionality	5
21275	relevant	5
21276	imagecelldiv	5
21277	imagerightnone	5
21278	templatecat	5
21279	invoked	5
21280	imageleftcell	5
21281	imagerightcell	5
21282	preceded	5
21283	formatter	5
21284	aberdaron	5
21285	sgeti	5
21286	isss	5
21287	llan-gan	5
21288	llanilltud	5
21289	sili	5
21290	grangetown	5
21291	betws	5
21292	margam	5
21293	betws-y-coed	5
21294	bermo	5
21295	llandwrog	5
21296	llanegryn	5
21297	waunfawr	5
21298	pen-coed	5
21299	llandinam	5
21300	llanfyllin	5
21301	trefeglwys	5
21302	gilfach-goch	5
21303	amroth	5
21304	staffan	5
21305	stephen's	5
21306	llanelidan	5
21307	caldicot	5
21308	elfed	5
21309	llanfair-ar-y-bryn	5
21310	llanfynydd	5
21311	abersychan	5
21312	brymbo	5
21313	hanmer	5
21314	ceiriog	5
21315	amlwch	5
21316	curran	5
21317	còmhdach-cùil	5
21318	illeabh	5
21319	otoe	5
21320	quantities	5
21321	lightyellow	5
21322	completion	5
21323	pennant	5
21324	mcalpine	5
21325	aberfan	5
21326	flotta	5
21327	rackwick	5
21328	trumland	5
21329	bacaidhean	5
21330	lyngey	5
21331	brei	5
21332	dìlleachdan	5
21333	mainly	5
21334	quantumach	5
21335	ramsey	5
21336	farmer	5
21337	alloa	5
21338	guen	5
21339	hily	5
21340	h-annaid	5
21341	pantheon	5
21342	deudraeth	5
21343	fhuamhair	5
21344	sligh	5
21345	rhine	5
21346	griet	5
21347	rèilig	5
21348	chriosd	5
21349	lapaich	5
21350	construction	5
21351	beannach	5
21352	glencanisp	5
21353	beannacharan	5
21354	chaorachain	5
21355	buie	5
21356	ladhar	5
21357	norsj	5
21358	gaur	5
21359	smeur	5
21360	fivesisters	5
21361	dronaig	5
21362	prints	5
21363	donaldson	5
21364	gairbh	5
21365	òmhainn	5
21366	macillebhàin	5
21367	storab	5
21368	càradal	5
21369	mindanao	5
21370	pollag	5
21371	piocardaidh	5
21372	poitou-charentes	5
21373	limoges	5
21374	consulta	5
21375	ayuntamiento	5
21376	buch	5
21377	historiamedievalcruzadas	5
21378	cuarta-cruzada	5
21379	cruzadas	5
21380	ghasgain	5
21381	lochair	5
21382	dalrymple	5
21383	chabrach	5
21384	rialto	5
21385	gyle	5
21386	ghillemhoire	5
21387	dùnaid	5
21388	caladal	5
21389	croft	5
21390	peers	5
21391	starsaich	5
21392	breacais	5
21393	cannich	5
21394	thunail	5
21395	t-seachrain	5
21396	dubhar-sgoth	5
21397	corcasgil	5
21398	cuithir	5
21399	sleadale	5
21400	bhac-ghlais	5
21401	bioda	5
21402	shamhnan	5
21403	insir	5
21404	antelopes	5
21405	lelwel	5
21406	cuvier	5
21407	blackbuck	5
21408	breac-donn	5
21409	posterstein	5
21410	leben-u-werk	5
21411	chomair	5
21412	reserved	5
21413	two-character	5
21414	hack	5
21415	underscore	5
21416	bother	5
21417	wiki-markup	5
21418	italic-title	5
21419	trans-chapter	5
21420	trans-quoted-title	5
21421	joiner	5
21422	numerals	5
21423	editorlist	5
21424	rejected	5
21425	components	5
21426	annotation	5
21427	presume	5
21428	ietf-like	5
21429	subtags	5
21430	display-xxxxors	5
21431	overrides	5
21432	lastfirsttable	5
21433	vxxxxors	5
21434	xxxxors	5
21435	lastfirst	5
21436	indicating	5
21437	terminated	5
21438	p-prefix	5
21439	identified	5
21440	cites	5
21441	oddities	5
21442	transchapter	5
21443	chapterlink	5
21444	av-media-notes	5
21445	supporting	5
21446	airdate	5
21447	rftdate	5
21448	trans-quote	5
21449	originalurl	5
21450	transcript-format	5
21451	renders	5
21452	harv	5
21453	encoded	5
21454	handled	5
21455	tarmachan	5
21456	sagsainn-altenburg	5
21457	sgùman	5
21458	demokratie	5
21459	ratzeburg	5
21460	kreisarchiv	5
21461	ghluaiseadh	5
21462	bekanntmachungen	5
21463	sammlung	5
21464	prionnsalachdan	5
21465	starttempl	5
21466	gliederung	5
21467	arenberg	5
21468	sachsen-meiningen	5
21469	beitrag	5
21470	arolsen	5
21471	sgàirne	5
21472	cadadh	5
21473	fraoch-choire	5
21474	kurdistan	5
21475	meiklie	5
21476	bhomadh	5
21477	baidheirn	5
21478	conain	5
21479	hof	5
21480	liathach	5
21481	àilleagain	5
21482	heldburg	5
21483	gpio	5
21484	bhith-eòlas	5
21485	zeeman	5
21486	bethe	5
21487	ryle	5
21488	hewish	5
21489	kai	5
21490	kosterlitz	5
21491	ioma-nàiseanta	5
21492	frus	5
21493	stalinich	5
21494	tismaneanu	5
21495	tragicomedy	5
21496	societies	5
21497	ghailium	5
21498	gyula	5
21499	hungarianhistory	5
21500	hunedoara	5
21501	a-n	5
21502	bròmain	5
21503	cadmium	5
21504	diospròsium	5
21505	erbium	5
21506	tungstan	5
21507	protactinium	5
21508	gnìomhachas-saothrachaidh	5
21509	haloideanan	5
21510	fannichs	5
21511	cathod	5
21512	gearanan	5
21513	glascarnoch	5
21514	bowman	5
21515	fuar-thuill	5
21516	obez	5
21517	geòidh	5
21518	ormiston	5
21519	penelope	5
21520	michie	5
21521	mialach	5
21522	ro-fharpaiseach	5
21523	dasg	5
21524	val-dieu	5
21525	chàrbasdail	5
21526	by-richard-webb	5
21527	cairte	5
21528	dorn	5
21529	cruinn-shlocan	5
21530	gadolinit	5
21531	srèine	5
21532	moileciuileach	5
21533	odharan	5
21534	heracleum	5
21535	hackland	5
21536	enyas	5
21537	corrigall	5
21538	bladnoch	5
21539	merranblo	5
21540	mhicshuail	5
21541	edge	5
21542	dubhais	5
21543	auer	5
21544	magnatan	5
21545	thartabhal	5
21546	heaval	5
21547	bercelium	5
21548	dràgonan	5
21549	eantan	5
21550	miughalaigh	5
21551	nobelium	5
21552	ioso-topaichean	5
21553	livermorium	5
21554	gnìomhachd	5
21555	cunntasair	5
21556	cho-nasgadh	5
21557	worldweatheronline	5
21558	uma	5
21559	hailes	5
21560	peoples	5
21561	poque	5
21562	pàtran-sluaigh	5
21563	bileag-fiosrachaidh	5
21564	shòntaichte	5
21565	inga	5
21566	coisir	5
21567	feast	5
21568	aberdeenshire	5
21569	uachdranas	5
21570	distancias	5
21571	tharracail	5
21572	iter	5
21573	swinson	5
21574	belshill	5
21575	nihonium	5
21576	co-sgioba	5
21577	rachael	5
21578	dhuilleagach	5
21579	shirley-anne	5
21580	gail	5
21581	caradog	5
21582	prichard	5
21583	goronwy	5
21584	glynne	5
21585	dillwyn	5
21586	ambrose	5
21587	hopkin	5
21588	pryce-jones	5
21589	summers	5
21590	wyatt	5
21591	gomer	5
21592	iestyn	5
21593	cooke	5
21594	naunton	5
21595	silverstone	5
21596	elfyn	5
21597	walsh	5
21598	doug	5
21599	trebanos	5
21600	hayward	5
21601	shane	5
21602	tucker	5
21603	kieran	5
21604	kristian	5
21605	jayne	5
21606	lyndsay	5
21607	lockhart	5
21608	dey	5
21609	mckelvie	5
21610	ffinal	5
21611	fconst	5
21612	curriculum	5
21613	keiller	5
21614	ovan	5
21615	ker	5
21616	dh'ionad-sgìthidh	5
21617	map-falun	5
21618	ztuxmgnoakf	5
21619	tmpbnu	5
21620	qstnnemm	5
21621	solna	5
21622	kaufen	5
21623	publikationer	5
21624	gskolereformen	5
21625	bottenviken	5
21626	tidning	5
21627	volendam	5
21628	mtlands	5
21629	kalmarunionen	5
21630	fredriksson	5
21631	seachadh	5
21632	florin	5
21633	tatarais	5
21634	crimean	5
21635	bòsfaras	5
21636	grioglachain	5
21637	linkziel	5
21638	disambiguate	5
21639	forseetabletostring	5
21640	checktypefornamedarg	5
21641	blanks	5
21642	hatnotes	5
21643	variants	5
21644	introduced	5
21645	newlines	5
21646	equation	5
21647	trillion	5
21648	fòrmat	5
21649	bheartagail	5
21650	dath-dhalladh	5
21651	yearindex	5
21652	monthindex	5
21653	tonn-fhadan	5
21654	neach-amhairc	5
21655	edi	5
21656	ceudameatair	5
21657	varlin	5
21658	auguste-jean-marie	5
21659	vermorel	5
21660	zhytomyrska	5
21661	pubmed	5
21662	falk	5
21663	franks	5
21664	anascaill	5
21665	dooega	5
21666	chordata	5
21667	speal	5
21668	tagraidh	5
21669	phetr	5
21670	heidegger	5
21671	milit	5
21672	develop	5
21673	literacy	5
21674	horemheb	5
21675	reconsidered	5
21676	deasgabhalach	5
21677	brunete	5
21678	dh'aonghas	5
21679	bili	5
21680	zaandam	5
21681	statweb	5
21682	catalogo	5
21683	mp-upper	5
21684	cef	5
21685	mp-left	5
21686	obec	5
21687	labe	5
21688	husinec	5
21689	konstanz	5
21690	precisions	5
21691	years-old	5
21692	feminineform	5
21693	entitypage	5
21694	thetable	5
21695	globes	5
21696	globenum	5
21697	langclaims	5
21698	calendarmodel	5
21699	wikibase-entityid	5
21700	qseparator	5
21701	qconjunction	5
21702	snakkey	5
21703	sandboxlink-subpage-name	5
21704	showerrors	5
21705	idgender	5
21706	getpropertyvalue	5
21707	mysnak	5
21708	linkid	5
21709	exceptions	5
21710	trick	5
21711	nested	5
21712	markers	5
21713	getentityobject	5
21714	labelstyle	5
21715	renderaboverow	5
21716	renderbelowrow	5
21717	subbox	5
21718	parses	5
21719	fontstyle	5
21720	datab	5
21721	truncated	5
21722	regexp	5
21723	stanbul	5
21724	nikos	5
21725	biographisches	5
21726	canakkale	5
21727	proquest	5
21728	yeni	5
21729	chuip	5
21730	brief	5
21731	thrupp	5
21732	wiley-blackwell	5
21733	bryce	5
21734	dated	5
21735	bne	5
21736	ipni	5
21737	nla	5
21738	worldcatid	5
21739	processitem	5
21740	oo	5
21741	groupwidth	5
21742	listtext	5
21743	subgroups	5
21744	unstripnowiki	5
21745	serve	5
21746	istoric	5
21747	breabach	5
21748	trads	5
21749	matamataigearan	5
21750	plosgadh	5
21751	iosraeleach	5
21752	formatinlanguage	5
21753	implgettemplatedata	5
21754	suman	5
21755	pokhrel	5
21756	dathachadh	5
21757	roinnseachadh	5
21758	soilleirichidh	5
21759	fokus	5
21760	austurkj	5
21761	einarsson	5
21762	crìosdachadh	5
21763	benedikt	5
21764	buill-pàrlamaid	5
21765	ttabla	5
21766	bhjarni	5
21767	lafsfj	5
21768	hannsson	5
21769	veterin	5
21770	landboh	5
21771	borgarfj	5
21772	study-in-iceland	5
21773	universities-in-iceland	5
21774	nistaflokkur	5
21775	comintern	5
21776	shoirbhachaile	5
21777	sigf	5
21778	sambandsflokkurinn	5
21779	allir	5
21780	unn	5
21781	speisealachadh	5
21782	stòran	5
21783	ttarr	5
21784	teiripiche	5
21785	eldj	5
21786	standards	5
21787	debugging	5
21788	syntaxhighlight	5
21789	joinnode	5
21790	tempmeta	5
21791	h-ailpeannan	5
21792	editatend	5
21793	statedin	5
21794	lastupdate	5
21795	throwerror	5
21796	foundrank	5
21797	parsedate	5
21798	editable	5
21799	singlevalue	5
21800	nospecial	5
21801	periodpos	5
21802	starttimem	5
21803	starttimed	5
21804	dateprecedesdate	5
21805	candidateparams	5
21806	wikidatapropertyofsource	5
21807	mappingkey	5
21808	numbered-params	5
21809	prioritization	5
21810	switchlang	5
21811	commandname	5
21812	needing	5
21813	l'automobile	5
21814	racing-ferrari	5
21815	scuderia	5
21816	yuki	5
21817	tsunoda	5
21818	mercedes-amg	5
21819	monza	5
21820	pandemic	5
21821	meacanaigeach	5
21822	automobile	5
21823	àthaidh	5
21824	grossman	5
21825	fìorail	5
21826	haugh	5
21827	tlahtol	5
21828	traoidhtearachd	5
21829	toiseach-toisichidh	5
21830	numea	5
21831	nazi	5
21832	mengele	5
21833	fraenkel	5
21834	manvell	5
21835	skyhorse	5
21836	nagyenyed	5
21837	rhely	5
21838	oltenia	5
21839	miercurea	5
21840	ciuc	5
21841	sighi	5
21842	istoria	5
21843	kolozsv	5
21844	nagyv	5
21845	lugoj	5
21846	impreiseanachd	5
21847	canu	5
21848	nelissen	5
21849	strauven	5
21850	haining	5
21851	pedagogia	5
21852	vors	5
21853	slobozhanshchyna	5
21854	prykarpattia	5
21855	zhdanov	5
21856	stalino	5
21857	gogol	5
21858	sorochyntsi	5
21859	sevastopol	5
21860	ivano-frankivska	5
21861	cherkaska	5
21862	kirovohradska	5
21863	khmelnytska	5
21864	oleksandriya	5
21865	polina	5
21866	pavlenko	5
21867	ukrainka	5
21868	eadar-fhighte	5
21869	chernivitsi	5
21870	prokofiev	5
21871	snaidhpear	5
21872	cadusii	5
21873	suppressfields	5
21874	entity-not-found	5
21875	latestdatequalifier	5
21876	preference	5
21877	ccat	5
21878	decimaltodms	5
21879	bounds	5
21880	prevqid	5
21881	qvalue	5
21882	getpropertyids	5
21883	getpropofprop	5
21884	subs	5
21885	followqid	5
21886	prot	5
21887	gerchunoff	5
21888	databoximage	5
21889	geometry	5
21890	marker-color	5
21891	migdal	5
21892	janovics	5
21893	valaraich	5
21894	bogaidhean	5
21895	flatharta	5
21896	cèiseag	5
21897	iar-chonnacht	5
21898	trolleys	5
21899	trolley	5
21900	speedy	5
21901	edit-clear	5
21902	merge-split-transwiki	5
21903	semi-protection-shackle-keyhole	5
21904	no-pp	5
21905	translator-first	5
21906	translator-given	5
21907	translator-last	5
21908	translator-surname	5
21909	translator-mask	5
21910	distinction	5
21911	dmy-all	5
21912	subdomain	5
21913	proper-name	5
21914	namespacearg	5
21915	softredirect	5
21916	issandbox	5
21917	trackingenabled	5
21918	portalbox	5
21919	getimagename	5
21920	trimtonil	5
21921	customlink	5
21922	resolveqid	5
21923	lookupgallery	5
21924	lookupcategory	5
21925	nscolon	5
21926	commonslink	5
21927	defaultgallery	5
21928	galleryconsistent	5
21929	categoryconsistent	5
21930	fetchcategory	5
21931	createformatting	5
21932	navbox-abovebelow	5
21933	navbox-title	5
21934	pixel	5
21935	displayname	5
21936	addcategory	5
21937	mhoptions	5
21938	list-leadout	5
21939	interval	5
21940	list-lights	5
21941	newtext	5
21942	argorder	5
21943	beyondstart	5
21944	lastindex	5
21945	openwikilinks	5
21946	ignore-isbn-error	5
21947	dial	5
21948	hammy	5
21949	highlightoption	5
21950	highlightnum	5
21951	shapes	5
21952	negativeanswer	5
21953	toggletext	5
21954	shapetype	5
21955	tagcolor	5
21956	tagspacer	5
21957	tagangle	5
21958	lessthan	5
21959	xstart	5
21960	textat	5
21961	stripdivs	5
21962	ppheight	5
21963	mark-line	5
21964	markdest	5
21965	mlwidth	5
21966	mark-coord	5
21967	owid	5
21968	imagediv	5
21969	translatex	5
21970	externaldata	5
21971	itemdescription	5
21972	itemcolor	5
21973	argnum	5
21974	mapframecontent	5
21975	scalemark	5
21976	autooff	5
21977	capchk	5
21978	shapegroup	5
21979	frame-width	5
21980	geoshape	5
21981	argstable	5
21982	switchlabels	5
21983	switchcount	5
21984	explicitlyon	5
21985	kartographer	5
21986	masklabel	5
21987	rems-murr-kreis	5
21988	murr	5
21989	bhacknang	5
21990	oppenweiler	5
21991	georgian	5
21992	neagraich	5
21993	canon	4
21994	tuarastail	4
21995	baiscmheall	4
21996	rianais	4
21997	ath-bheothachaidh	4
21998	dhuinne	4
21999	voluntary	4
22000	individuals	4
22001	connection	4
22002	that's	4
22003	guarantee	4
22004	sysops	4
22005	cited	4
22006	broad	4
22007	educational	4
22008	experience	4
22009	dornais	4
22010	answer	4
22011	assuming	4
22012	encouraged	4
22013	creation	4
22014	directed	4
22015	formed	4
22016	attempted	4
22017	fewer	4
22018	entered	4
22019	incorrectly	4
22020	inter-language	4
22021	discuss	4
22022	ipblocklist	4
22023	actions	4
22024	addresses	4
22025	booksources	4
22026	mozilla	4
22027	permission	4
22028	occurred	4
22029	deletion	4
22030	marked	4
22031	enter	4
22032	extlink	4
22033	rename	4
22034	sitesearch	4
22035	imagelist	4
22036	successful	4
22037	utility	4
22038	admins	4
22039	loading	4
22040	installed	4
22041	rothlas	4
22042	bunachar	4
22043	muileannan	4
22044	tuigsear	4
22045	mòr-thir	4
22046	chrìosda	4
22047	erse	4
22048	geamair	4
22049	èi	4
22050	diùid	4
22051	bheòil	4
22052	eilthireach	4
22053	tròsaichean	4
22054	coiteanta	4
22055	làithean-saora	4
22056	thatar	4
22057	dhobhair	4
22058	ghaidhealach	4
22059	riochdachaidh	4
22060	eucoirich	4
22061	càirdeasan	4
22062	parlamaid	4
22063	corpas	4
22064	chleachdaidhean	4
22065	tàlantan	4
22066	caird	4
22067	ghaidheal	4
22068	shruth	4
22069	crosbie	4
22070	sheachd	4
22071	buaireadh	4
22072	dance	4
22073	dùghlais	4
22074	thoraidhean	4
22075	comhfhurtail	4
22076	cultur	4
22077	fantainn	4
22078	cho-fharpaisean	4
22079	gathering	4
22080	h-eanchainne	4
22081	comhairleachadh	4
22082	nèamhaidh	4
22083	spioradalachd	4
22084	bonhoeffer	4
22085	holloway	4
22086	gardening	4
22087	hallstatt	4
22088	àirdean	4
22089	chrìonadh	4
22090	tuigear	4
22091	cuibhlean	4
22092	calton	4
22093	anniesland	4
22094	maryhill	4
22095	springburn	4
22096	shabhail	4
22097	conchobair	4
22098	cuirme	4
22099	conchobar	4
22100	bhuaileadh	4
22101	thogras	4
22102	uidhe	4
22103	measaichte	4
22104	nàdur	4
22105	pòr	4
22106	waiting	4
22107	duthcha	4
22108	ur-sgeulachdan	4
22109	chamara	4
22110	t-ogha	4
22111	t-aonaran	4
22112	vojna	4
22113	chartreuse	4
22114	parme	4
22115	boireanta	4
22116	pronouncing	4
22117	improvements	4
22118	maclachlan	4
22119	maire	4
22120	oighrig	4
22121	peigi	4
22122	adaidh	4
22123	ailpean	4
22124	leifr	4
22125	aindreas	4
22126	angaidh	4
22127	aodhan	4
22128	artagan	4
22129	artan	4
22130	bairrfhionn	4
22131	beathan	4
22132	boisil	4
22133	breasal	4
22134	caointean	4
22135	cliamhan	4
22136	mhan	4
22137	faolan	4
22138	finnean	4
22139	fraing	4
22140	lachaidh	4
22141	latharn	4
22142	manus	4
22143	neasan	4
22144	pàdruig	4
22145	uisdean	4
22146	màrs	4
22147	cargill	4
22148	thuatha	4
22149	àras	4
22150	grafaigeach	4
22151	luchd-smàlaidh	4
22152	builder	4
22153	oirthireach	4
22154	prag	4
22155	alexei	4
22156	assisi	4
22157	eusebius	4
22158	ignatius	4
22159	baisteach	4
22160	norwich	4
22161	sumner	4
22162	cluny	4
22163	paulinus	4
22164	chichester	4
22165	lisieux	4
22166	titus	4
22167	tyndale	4
22168	broadcaster	4
22169	karachi	4
22170	mcconnell	4
22171	lupus	4
22172	ioràic	4
22173	cuibhèit	4
22174	tigris	4
22175	orthographic	4
22176	iol-fhillte	4
22177	h-iapain	4
22178	deas-ghnàthan	4
22179	freumhaich	4
22180	malaysia	4
22181	fhear-naidheachd	4
22182	garcia	4
22183	hocaidh	4
22184	singh	4
22185	fronta	4
22186	mahal	4
22187	dwelly-d	4
22188	da-rìreabh	4
22189	zambia	4
22190	parks	4
22191	arrhenius	4
22192	riksbank	4
22193	shuaineach	4
22194	esther	4
22195	frisch	4
22196	tinbergen	4
22197	meade	4
22198	markowitz	4
22199	mirrlees	4
22200	vickrey	4
22201	granger	4
22202	kydland	4
22203	aumann	4
22204	schelling	4
22205	phelps	4
22206	hurwicz	4
22207	maskin	4
22208	williamson	4
22209	albania	4
22210	bruiseal	4
22211	bruidhnear	4
22212	danmark	4
22213	riaghlach	4
22214	basel-stadt	4
22215	bienne	4
22216	niz	4
22217	chaux-de-fonds	4
22218	grischuns	4
22219	uster	4
22220	beat	4
22221	b'abhaist	4
22222	lunainn	4
22223	rockingham	4
22224	cavendish-bentinck	4
22225	asquith	4
22226	burnham	4
22227	deakin	4
22228	bland	4
22229	wilmot	4
22230	menzies	4
22231	mcmahon	4
22232	wills	4
22233	gillard	4
22234	wentworth	4
22235	costello	4
22236	gear	4
22237	gearailt	4
22238	coinnigh	4
22239	manainn	4
22240	halò	4
22241	jabal	4
22242	liomaid	4
22243	alcalde	4
22244	pròbhaist	4
22245	aimearagaidh	4
22246	fhaiceadh	4
22247	chocolate	4
22248	bealaruis	4
22249	brù	4
22250	taigh-gnìomhachas	4
22251	duillich	4
22252	uine	4
22253	jak	4
22254	dzieje	4
22255	slòbhacais	4
22256	ica	4
22257	fileantachd	4
22258	sgoil-chòmhnaidh	4
22259	mhion-chànain	4
22260	landtag	4
22261	pearsach	4
22262	praise	4
22263	fionno-ugrach	4
22264	sanas-rathaid	4
22265	sèirbe	4
22266	vojvodina	4
22267	autonomous	4
22268	slovenia	4
22269	phrishtina	4
22270	ath-ainmicheadh	4
22271	mhannain	4
22272	uachtaran	4
22273	blockade	4
22274	ath-aonadh	4
22275	bokm	4
22276	baroniet	4
22277	stavanger	4
22278	h-òlaind	4
22279	slobhaigia	4
22280	aosmhoire	4
22281	helsingfors	4
22282	evil	4
22283	polirom	4
22284	prado	4
22285	museo	4
22286	bangladesh	4
22287	sìnich	4
22288	lama	4
22289	guten	4
22290	sieben	4
22291	vogel	4
22292	neo-chinnteach	4
22293	hoe	4
22294	gross	4
22295	elsa	4
22296	gra	4
22297	bonnier	4
22298	ska	4
22299	princess	4
22300	tarn	4
22301	dùisg	4
22302	bhristol	4
22303	euskirchen	4
22304	buchner	4
22305	baictear-eòlaiche	4
22306	leth-oirich	4
22307	h-àrd-ollamh	4
22308	sabatier	4
22309	innleachadh	4
22310	shìol	4
22311	dheuchainn-lann	4
22312	svedberg	4
22313	beòthamanan	4
22314	irving	4
22315	walkerton	4
22316	mhinnesota	4
22317	theusas	4
22318	bhoma	4
22319	haworth	4
22320	chemie	4
22321	ath-fhoillseachadh	4
22322	fodar	4
22323	mammern	4
22324	wickenburg	4
22325	huddersfield	4
22326	co-phàirtean	4
22327	mheidigeach	4
22328	mattison	4
22329	ucla	4
22330	seaborgium	4
22331	dreag	4
22332	nikolay	4
22333	fhrankfurt	4
22334	fellows	4
22335	melvin	4
22336	energy	4
22337	ziegler	4
22338	lheim	4
22339	giulio	4
22340	catailistean	4
22341	eigen	4
22342	norrish	4
22343	coral	4
22344	neo-fhàs-bheairteach	4
22345	houssay	4
22346	anfinsen	4
22347	phròtain	4
22348	sterling	4
22349	prelog	4
22350	warcup	4
22351	bhòron	4
22352	bursaraidh	4
22353	moyle	4
22354	meatrags	4
22355	laboratory	4
22356	palo	4
22357	roly	4
22358	karle	4
22359	lehn	4
22360	rosheim	4
22361	ludwigsburg	4
22362	boulder	4
22363	methuen	4
22364	charbon	4
22365	smalley	4
22366	boyer	4
22367	beirmear	4
22368	lemvig	4
22369	aarhus	4
22370	hassan	4
22371	airgeadach	4
22372	aarberg	4
22373	bherne	4
22374	agre	4
22375	burlington	4
22376	bheachdaich	4
22377	rainy	4
22378	airgead-dìolaidh	4
22379	àrais	4
22380	fiosachd	4
22381	uaill	4
22382	tusa	4
22383	taibhsear	4
22384	eudmhor	4
22385	deachaidh	4
22386	t-sùil	4
22387	shìophort	4
22388	balbh	4
22389	gruamach	4
22390	thinneas	4
22391	seaforth	4
22392	da-rìribh	4
22393	eagail	4
22394	mhaide	4
22395	mheadhan-oidhche	4
22396	glasadh	4
22397	bhrèagha	4
22398	croisean	4
22399	charbadan	4
22400	poileasman	4
22401	isaiah	4
22402	creideis	4
22403	belmont	4
22404	sienkiewicz	4
22405	polskiej	4
22406	rnson	4
22407	echegaray	4
22408	s-graveland	4
22409	eaconomais	4
22410	lovisa	4
22411	sunne	4
22412	sfi	4
22413	svensk-filmdatabas	4
22414	arlington	4
22415	romain	4
22416	calais	4
22417	hamsun	4
22418	grimstad	4
22419	co-thional	4
22420	cidob	4
22421	t-ainm-pinn	4
22422	librairie	4
22423	ainm-pinn	4
22424	forsyth	4
22425	sgriobt	4
22426	maud	4
22427	mainistreach	4
22428	wielkie	4
22429	foghnadh	4
22430	beautiful	4
22431	t-oileanach	4
22432	dh'astràilia	4
22433	eriksson	4
22434	neuilly-sur-seine	4
22435	danby	4
22436	gide	4
22437	vicu	4
22438	jensen	4
22439	bertrand	4
22440	chinn-chinnidh	4
22441	villeblevin	4
22442	valentine	4
22443	mobile	4
22444	alexis	4
22445	pointe-à-pitre	4
22446	sacramento	4
22447	shmuel	4
22448	yosef	4
22449	bana-sgrìobhadair	4
22450	nelly	4
22451	boise	4
22452	tallahassee	4
22453	jacksonville	4
22454	indianapolis	4
22455	louisville	4
22456	h-eich	4
22457	bluegrass	4
22458	tiughad	4
22459	surfside	4
22460	lesbos	4
22461	monta	4
22462	pyran	4
22463	yoruba	4
22464	follaiseachd	4
22465	chuidicheadh	4
22466	fargo	4
22467	buannaich	4
22468	fil	4
22469	beowulf	4
22470	critical	4
22471	bàn-righ	4
22472	thuinich	4
22473	nter	4
22474	imre	4
22475	rte	4
22476	concord	4
22477	deàrsaidh	4
22478	fhrangaich	4
22479	sinnsir	4
22480	yukon	4
22481	ont	4
22482	yellowknife	4
22483	in-imrichean	4
22484	crathadh	4
22485	hobart	4
22486	draig	4
22487	soillear	4
22488	fàil	4
22489	beathachaidh	4
22490	fhiosaigeach	4
22491	theòthachd	4
22492	bartlett	4
22493	cho-thàthadh	4
22494	tàmhach	4
22495	physical	4
22496	t-sreatha	4
22497	tiùb	4
22498	magnaiteachd	4
22499	lippmann	4
22500	lampa	4
22501	wordsworth	4
22502	dh'òraidean	4
22503	fresenius	4
22504	ingold	4
22505	linden	4
22506	resolution	4
22507	winner	4
22508	maireachdainn	4
22509	lucia	4
22510	weymouth	4
22511	ailp	4
22512	domnall	4
22513	chòiseam	4
22514	dhonnchadh	4
22515	alaxandair	4
22516	eanric	4
22517	barmen	4
22518	fionnlainn	4
22519	seirbia	4
22520	mamoudzou	4
22521	mogadishu	4
22522	suez	4
22523	canary	4
22524	funchal	4
22525	qatar	4
22526	afghanastàn	4
22527	slang	4
22528	wholeword	4
22529	thar-litreachadh	4
22530	cuairtichte	4
22531	bethlehem	4
22532	jeddah	4
22533	iemein	4
22534	seri	4
22535	begawan	4
22536	transit	4
22537	operation	4
22538	h-eileannan	4
22539	chasachstàn	4
22540	turkmenistan	4
22541	tanganyika	4
22542	comoros	4
22543	growing	4
22544	plans	4
22545	beau	4
22546	shomàilia	4
22547	tansania	4
22548	kilimanjaro	4
22549	ghabon	4
22550	products	4
22551	tunisia	4
22552	cartago	4
22553	lesotho	4
22554	mhalabhaidh	4
22555	mediacenter	4
22556	emissions	4
22557	aujourd-hui-dans-l-histoire	4
22558	abolition-de-l-esclavage	4
22559	piosan	4
22560	ghini	4
22561	jure	4
22562	laurent	4
22563	amnesty	4
22564	prison	4
22565	guinea-bissau	4
22566	leone	4
22567	casg-breith	4
22568	framed	4
22569	carib	4
22570	departamento	4
22571	cayenne	4
22572	guyana	4
22573	ana-cheartas	4
22574	tuig	4
22575	paramaribo	4
22576	uruguay	4
22577	cura	4
22578	mercer	4
22579	larepublica	4
22580	phabail	4
22581	styled	4
22582	teagsa	4
22583	iuchraichean	4
22584	trombon	4
22585	duiseil	4
22586	analach	4
22587	òrgan	4
22588	guitar	4
22589	fhìdheall	4
22590	cruit	4
22591	chinnidhean	4
22592	harp	4
22593	clàrsaichean	4
22594	clàrsairean	4
22595	corrach	4
22596	chopair	4
22597	fharpaiseach	4
22598	rappair	4
22599	rapairean	4
22600	a-reir	4
22601	ghlòir	4
22602	d'an	4
22603	ferries	4
22604	sgudal	4
22605	tinbheal	4
22606	maddrell	4
22607	deer	4
22608	bower	4
22609	cosgadh	4
22610	staile	4
22611	sgrabastal	4
22612	thradaiseanta	4
22613	chomairle	4
22614	iasgaidh	4
22615	ghaidheil	4
22616	iar-deas	4
22617	dieckhoff	4
22618	chomhairlean	4
22619	shiorramachd	4
22620	hoigh	4
22621	mainland	4
22622	rinneansaigh	4
22623	sic	4
22624	sanday	4
22625	scapa	4
22626	stronsay	4
22627	stronsa	4
22628	t-sruthain	4
22629	preasantair	4
22630	caractair	4
22631	cass	4
22632	pip	4
22633	rhiannon	4
22634	aoigh	4
22635	fang	4
22636	pacino	4
22637	èiginneach	4
22638	adhartais	4
22639	yardbirds	4
22640	aleister	4
22641	fhleisginn	4
22642	meur-chlàran	4
22643	pistols	4
22644	naochadan	4
22645	ealtainn	4
22646	atomgevitter	4
22647	fìdhleireachd	4
22648	dh'iain	4
22649	royale	4
22650	larry	4
22651	bhìoras	4
22652	spaid	4
22653	seang	4
22654	faobhar	4
22655	fàd	4
22656	leodhas	4
22657	omhaich	4
22658	h-àirigh	4
22659	breand	4
22660	nuacht	4
22661	gòrach	4
22662	uilinn	4
22663	cleasan	4
22664	cearcan	4
22665	aristotelis	4
22666	animals	4
22667	hare	4
22668	chlàrachadh	4
22669	chuirte	4
22670	aimhreitean	4
22671	rhead	4
22672	ridir	4
22673	ghaelg	4
22674	beg	4
22675	ayns	4
22676	capall	4
22677	comit	4
22678	bheàrn	4
22679	deasbair	4
22680	seachran	4
22681	innleachdach	4
22682	mhealladh	4
22683	sineach	4
22684	muic	4
22685	canis	4
22686	eileagtron	4
22687	sùith	4
22688	xvii	4
22689	dhoimhne	4
22690	taomadh	4
22691	leaghte	4
22692	fheur	4
22693	isbeanan	4
22694	tòn	4
22695	spùt	4
22696	teachdairean	4
22697	ursa	4
22698	schlieffen	4
22699	princip	4
22700	glacte	4
22701	seanalairean	4
22702	chumhachdaiche	4
22703	dh'aindheoin	4
22704	thrice	4
22705	trainnsichean	4
22706	chladhadh	4
22707	eu-domhainn	4
22708	budach	4
22709	bhuddha	4
22710	a'wikipedia	4
22711	chairdean	4
22712	mùideartach	4
22713	curracag	4
22714	ghainmheach	4
22715	chomhachag	4
22716	chamhanaich	4
22717	norfolk	4
22718	tyto	4
22719	acre	4
22720	eòin-chreachaidh	4
22721	linn-sa	4
22722	kirsten	4
22723	foidhpe	4
22724	dheanamh	4
22725	chaitheimh	4
22726	caitheimh	4
22727	euskara	4
22728	servicio	4
22729	basgaise	4
22730	nin	4
22731	dubhlachd	4
22732	baggins	4
22733	dalabrog	4
22734	cleasachd	4
22735	tionnsgnadh	4
22736	frithealaidh	4
22737	urrain	4
22738	involved	4
22739	impact	4
22740	reasons	4
22741	observer	4
22742	neo-shoirbheachail	4
22743	nisich	4
22744	albino	4
22745	bhrexit	4
22746	truiseil	4
22747	certificate	4
22748	ghuga	4
22749	niseach	4
22750	burr	4
22751	stamaig	4
22752	stoighle	4
22753	fhonn	4
22754	samplaichean	4
22755	andre	4
22756	bathar-cruaidh	4
22757	sativa	4
22758	àilean	4
22759	deidheil	4
22760	ghàidsear	4
22761	jean-baptiste	4
22762	thaghaidh	4
22763	briodadh	4
22764	braich	4
22765	àite-coise	4
22766	lochannan	4
22767	bhòidhchead	4
22768	urchraichean	4
22769	yossele	4
22770	unity	4
22771	brankin	4
22772	brocklebank	4
22773	cathaidh	4
22774	trish	4
22775	hamalton	4
22776	frang	4
22777	tricia	4
22778	mather	4
22779	rosemary	4
22780	nicfhearghais	4
22781	rumbles	4
22782	macstèaphain	4
22783	cathair-rìgh	4
22784	buinntinn	4
22785	sàgaichean	4
22786	clon	4
22787	tiotail	4
22788	modhail	4
22789	yann	4
22790	wikipedians	4
22791	facilities	4
22792	movements	4
22793	h-àrsaideach	4
22794	fhuadain	4
22795	roghnaichte	4
22796	riochdaichte	4
22797	suidheachadh-miann	4
22798	buinne	4
22799	chrìostail	4
22800	shocrates	4
22801	mòrair	4
22802	loidhnean	4
22803	maighdean	4
22804	ceadaichidh	4
22805	roghnachadh	4
22806	mum	4
22807	orcan	4
22808	tiodhlacan	4
22809	mhothachadh	4
22810	shàth	4
22811	dùilean	4
22812	ealaidh	4
22813	fir-seinn	4
22814	ghnìomhaidh	4
22815	ghnìomhadh	4
22816	cuidean	4
22817	gaston	4
22818	tannasg	4
22819	chaomhnadh	4
22820	uaigneach	4
22821	luchd-èisdeachd	4
22822	cridh	4
22823	h-uamhan	4
22824	shocrachadh	4
22825	phantom	4
22826	lasso	4
22827	nasgadh	4
22828	jesse	4
22829	h-airm	4
22830	iaineatain	4
22831	dhàibheid	4
22832	caspar	4
22833	plàtonach	4
22834	neartaich	4
22835	taigh-gleidhidh	4
22836	dràmadaiche	4
22837	caravaggio	4
22838	ismail	4
22839	denholm	4
22840	choinneachadh	4
22841	cabhag	4
22842	ealasaideach	4
22843	lèineag	4
22844	chruth-atharrachadh	4
22845	bèin	4
22846	socrachadh	4
22847	dh'aillse	4
22848	diabhlan	4
22849	fàilteachadh	4
22850	bet	4
22851	slobhacais	4
22852	maighdeannan	4
22853	thor	4
22854	masladh	4
22855	katalin	4
22856	brùidealachd	4
22857	sigismund	4
22858	biastagan	4
22859	fheadain	4
22860	chuisle	4
22861	phit	4
22862	bàn-dhearg	4
22863	shearbhanta	4
22864	silmarillion	4
22865	còdachadh	4
22866	litireil	4
22867	linnean	4
22868	mhall	4
22869	co-fhreagarrach	4
22870	enya	4
22871	teàrnadh	4
22872	cold	4
22873	dreams	4
22874	dùsgadh-inntinn	4
22875	eadar-cheilteach	4
22876	cleasach	4
22877	innealach	4
22878	dawn	4
22879	raise	4
22880	billboard	4
22881	chuach	4
22882	quenya	4
22883	sindarin	4
22884	spioraid	4
22885	luchd-comhairle	4
22886	gnàths	4
22887	innsean	4
22888	tocid	4
22889	ogham	4
22890	h-eirinn	4
22891	maise	4
22892	boann	4
22893	oid	4
22894	phàirtich	4
22895	delb	4
22896	sloinntearachd	4
22897	iob	4
22898	toraidh	4
22899	tùs-ceilteach	4
22900	àine	4
22901	iomrall	4
22902	barlow	4
22903	chrùnaidh	4
22904	h-àrach	4
22905	mì-earbsach	4
22906	chog	4
22907	codach	4
22908	bhrat	4
22909	leanntainn	4
22910	fheitheamh	4
22911	sònraichidh	4
22912	àrdan	4
22913	gruaigean	4
22914	tholkien	4
22915	srathan	4
22916	euchd	4
22917	hamlet	4
22918	beusach	4
22919	uirsgeulan	4
22920	gabhaibh	4
22921	cinneach	4
22922	vicious	4
22923	a-chèile	4
22924	luatha	4
22925	t-slat	4
22926	dh'uilleam	4
22927	eideird	4
22928	raibeirt	4
22929	pembroke	4
22930	northampton	4
22931	daingneachd	4
22932	haakon	4
22933	dreux	4
22934	mearachdach	4
22935	jam	4
22936	mcinnes	4
22937	mheadhan-lodiann	4
22938	mathar	4
22939	ainsley	4
22940	eadar-lìn	4
22941	dens	4
22942	punk	4
22943	thru	4
22944	lens	4
22945	taitneach	4
22946	biadhadh	4
22947	àicheadh	4
22948	dùbhlain	4
22949	reggae	4
22950	pòg	4
22951	ath-chluich	4
22952	pens	4
22953	sgioban	4
22954	frieda	4
22955	bhaile-mhòr	4
22956	meudan	4
22957	throigh	4
22958	luchd-ionaid	4
22959	maisichte	4
22960	dh'aodach	4
22961	bèo	4
22962	gabhal	4
22963	sandhurst	4
22964	t-airm	4
22965	earls	4
22966	tànaistearan	4
22967	solway	4
22968	moss	4
22969	iar-chathraiche	4
22970	recordings	4
22971	eisenach	4
22972	caogad	4
22973	claisneachd	4
22974	buadhmhor	4
22975	calonge	4
22976	punt	4
22977	avui	4
22978	drake	4
22979	mhaighstear	4
22980	thuigse	4
22981	do-fhaicsinneach	4
22982	saoibhreas	4
22983	stocainnean	4
22984	stèidheadairean	4
22985	pinnt	4
22986	mhios	4
22987	rector	4
22988	hòmair	4
22989	virgil	4
22990	chernobyl	4
22991	elfriede	4
22992	jelinek	4
22993	rzzuschlag	4
22994	wir	4
22995	gel	4
22996	isabelle	4
22997	irwin	4
22998	steòrnadh	4
22999	trevithick	4
23000	trama	4
23001	shlaodadh	4
23002	theirig	4
23003	mhuhammad	4
23004	chrion	4
23005	carolus	4
23006	pfalzkapelle	4
23007	mhàigh	4
23008	sco	4
23009	charthannas	4
23010	mealabost	4
23011	sgire-cluiche	4
23012	dhraoidheil	4
23013	danns	4
23014	sraidean	4
23015	laimhrig	4
23016	reir	4
23017	mhàillidh	4
23018	cromleac	4
23019	liberation	4
23020	uncle	4
23021	brùideil	4
23022	bakunin	4
23023	t-àireamh-shluaigh	4
23024	caucasach	4
23025	àiteannan	4
23026	malairte	4
23027	bhunaich	4
23028	wellcome	4
23029	gaisge	4
23030	titian	4
23031	chleachdach	4
23032	dealain-dhè	4
23033	h-eachdraidhe	4
23034	tìodhlaicean	4
23035	dhìol	4
23036	ceannairc	4
23037	branch	4
23038	dundeecity	4
23039	fasgaidh	4
23040	n-uidh	4
23041	cheannaicheadh	4
23042	buileachadh	4
23043	ùirsgeulan	4
23044	mharcaich	4
23045	fhurasta	4
23046	aonranach	4
23047	brave	4
23048	h-aithne	4
23049	toiseachd	4
23050	dano	4
23051	malinche	4
23052	amaran	4
23053	smaoinichidh	4
23054	muinntire	4
23055	theirte	4
23056	gleann-gaoil	4
23057	t-iomaire	4
23058	dh'aithneachadh	4
23059	neeson	4
23060	bothain	4
23061	cartùn	4
23062	maori	4
23063	leatromach	4
23064	uachdaran-fearainn	4
23065	thousands	4
23066	presented	4
23067	gospel	4
23068	coitchinne	4
23069	ceann-siubhail	4
23070	pheanasachadh	4
23071	neo-fhoillsichte	4
23072	strìopairean	4
23073	mhalairteach	4
23074	choisrig	4
23075	leas-athair	4
23076	sheasmhach	4
23077	chaora	4
23078	gintinneachd	4
23079	plasmodium	4
23080	mathair	4
23081	pròsdanach	4
23082	fleamais	4
23083	shinn-seanair	4
23084	yemen	4
23085	marsantachd	4
23086	pàganaich	4
23087	threubhan	4
23088	mhartin	4
23089	cop	4
23090	ceangailean	4
23091	ghleanna	4
23092	glengarry	4
23093	commedia	4
23094	canto	4
23095	italia	4
23096	ostaireach-ungaireach	4
23097	trial	4
23098	rdonlyres	4
23099	gymraeg	4
23100	llyfrau	4
23101	a-bhos	4
23102	wicca	4
23103	facal-freumhachd	4
23104	pòlainnis	4
23105	bhruidhneadh	4
23106	sgeuma	4
23107	hin	4
23108	còin	4
23109	h-eòrpaich	4
23110	palomar	4
23111	tricead	4
23112	cuingichte	4
23113	h-òmaraich	4
23114	uralach	4
23115	mustelidae	4
23116	cow	4
23117	menna	4
23118	culaibh	4
23119	slòigh	4
23120	cruinnichte	4
23121	marbhaidh	4
23122	taiseachd	4
23123	marbhaiche	4
23124	mharbhaiche	4
23125	fàilligeadh	4
23126	h-àm	4
23127	cheathrar	4
23128	cornwall	4
23129	caolais	4
23130	rysrudh	4
23131	trèasa	4
23132	gotaich	4
23133	al-ghazali	4
23134	fheallsanach	4
23135	peirsis	4
23136	òla	4
23137	spèiseasan	4
23138	leaghas	4
23139	bradbury	4
23140	leor	4
23141	hoffman	4
23142	journalism	4
23143	wicker	4
23144	tut	4
23145	t-snàimh	4
23146	fhirinn	4
23147	canyon	4
23148	pet	4
23149	co-aoiseach	4
23150	mothers	4
23151	bhràghaid	4
23152	suidheachan	4
23153	ghabhar	4
23154	craicte	4
23155	beats	4
23156	buail	4
23157	aarseth	4
23158	vikernes	4
23159	poblaich	4
23160	chòmhdach	4
23161	grindcore	4
23162	bride	4
23163	gèam	4
23164	eto'o	4
23165	ronaldo	4
23166	alegre	4
23167	amaideas	4
23168	latbhia	4
23169	seaman	4
23170	shoidhnigeadh	4
23171	liga	4
23172	andriy	4
23173	nou	4
23174	worldnews	4
23175	bhan-righ	4
23176	preussen	4
23177	wissen	4
23178	conntaidhean	4
23179	hussein	4
23180	saa	4
23181	shoidhnig	4
23182	gnàth-mhuinntir	4
23183	mccarthy	4
23184	foirgheall	4
23185	cheadachadh	4
23186	eisenhower	4
23187	fhòirneart	4
23188	gore	4
23189	t-sruth	4
23190	choilltean	4
23191	joanne	4
23192	buidseach	4
23193	buidsichean	4
23194	skeleton	4
23195	apa	4
23196	tuigseach	4
23197	reston	4
23198	integrated	4
23199	chrann	4
23200	mathain	4
23201	tyrannosaurus	4
23202	èiphiteach	4
23203	crogall	4
23204	snàigein	4
23205	bereslavka	4
23206	olha	4
23207	sudoplatov	4
23208	foill-mhort	4
23209	kamaniev	4
23210	co-mhaoineach	4
23211	eiseimpleirean	4
23212	mood	4
23213	clisgear	4
23214	clisg-phuing	4
23215	co-ghnìomhair	4
23216	cuine	4
23217	ghràmar	4
23218	fulangach	4
23219	òrd	4
23220	seilbheachadh	4
23221	ath-bhuailteach	4
23222	neo-chumanta	4
23223	spreigeach	4
23224	taisbeanach	4
23225	puingeachadh	4
23226	giorrachaidhean	4
23227	neo-choileanta	4
23228	tacradh	4
23229	preasan	4
23230	gray's	4
23231	sigmund	4
23232	cyclotis	4
23233	elephants	4
23234	serengeti	4
23235	eatanol	4
23236	mormonaich	4
23237	omicron	4
23238	sigma	4
23239	omega	4
23240	sampi	4
23241	waw	4
23242	kaf	4
23243	mem	4
23244	nun	4
23245	resh	4
23246	eiridinn	4
23247	amhaich	4
23248	lùsan	4
23249	anart	4
23250	breicean	4
23251	crèadhadaireachd	4
23252	bhalg	4
23253	còcairean	4
23254	vulgaris	4
23255	catechism	4
23256	àrsaidheachd	4
23257	sgrìobhta	4
23258	stiallach	4
23259	leas-aibhnichean	4
23260	poit	4
23261	abhlan	4
23262	adharcan	4
23263	grùthan	4
23264	cranach	4
23265	elm	4
23266	àirne	4
23267	àirneach	4
23268	gàire	4
23269	roinnear	4
23270	ghobhair	4
23271	cùirn	4
23272	horses	4
23273	mhaola	4
23274	righinn	4
23275	biathadh	4
23276	gealbhan	4
23277	arbhar	4
23278	chnò	4
23279	bhobhla	4
23280	phoenicia	4
23281	h-àireamhachd	4
23282	fiat	4
23283	àiridh	4
23284	raithneach	4
23285	altram	4
23286	banaltraman	4
23287	ainglean	4
23288	ròpaichean	4
23289	sicir	4
23290	h-ataman	4
23291	glaiste	4
23292	anthracite	4
23293	fhreagarrach	4
23294	stugh	4
23295	fhèille	4
23296	phronnadh	4
23297	rathadan	4
23298	ierusalam	4
23299	àiteachan-adhraidh	4
23300	arc-eòlas	4
23301	each-aibhne	4
23302	hippopotamus	4
23303	cearban	4
23304	mheadhanachd	4
23305	cuairte	4
23306	nasgach	4
23307	crios-meadhain	4
23308	unina	4
23309	alvitagl	4
23310	nòd	4
23311	leathnachadh	4
23312	aiseil	4
23313	dì-chlaonadh	4
23314	mpa	4
23315	dearrsach	4
23316	voyager	4
23317	neptune	4
23318	argumaid	4
23319	charon	4
23320	riochdaicheadh	4
23321	di-luain	4
23322	sondaicus	4
23323	trails	4
23324	trast-thomhas	4
23325	aisil	4
23326	tìde-mhara	4
23327	dur	4
23328	sgaths	4
23329	fùirneis-iarainn	4
23330	mòlltaichte	4
23331	baidhseagal	4
23332	bailead	4
23333	cuidichidh	4
23334	dh'fhosglas	4
23335	buideal	4
23336	cis	4
23337	secht	4
23338	meadrachd	4
23339	truncatus	4
23340	giant	4
23341	tricinctus	4
23342	cesarani	4
23343	crimes	4
23344	vintage	4
23345	drexler	4
23346	chleas-follaisidh	4
23347	achille	4
23348	schoolnet	4
23349	angelica	4
23350	gineadair	4
23351	gabe	4
23352	toinneamh	4
23353	volcano	4
23354	planntaichean	4
23355	unavocescotland	4
23356	b'fhaide	4
23357	cheangladh	4
23358	plata	4
23359	balgan-buachair	4
23360	eurasian	4
23361	ball-basgaid	4
23362	tuba	4
23363	parabhan	4
23364	plastair	4
23365	atharraicheadh	4
23366	imleag	4
23367	ideard	4
23368	taingeil	4
23369	shechtman	4
23370	bàta-foluaimein	4
23371	rnli	4
23372	falbhaidh	4
23373	eabar	4
23374	bàta-aigeil	4
23375	tubaistean	4
23376	balloch	4
23377	bean-bainnse	4
23378	threòraich	4
23379	argantaineach	4
23380	cruinnichidh	4
23381	clock	4
23382	beart-chlò	4
23383	cèic	4
23384	tinneis	4
23385	ghèineas	4
23386	choimheadas	4
23387	segetum	4
23388	bhall-airm	4
23389	cofhurtail	4
23390	dubhadh-grèine	4
23391	mekong	4
23392	bhann	4
23393	nathraichean	4
23394	neach-iùil	4
23395	americana	4
23396	cunntas-bheachd	4
23397	reifreannan	4
23398	gath-x	4
23399	oirean	4
23400	treabhaidh	4
23401	uisge-adhair	4
23402	pastra	4
23403	meatailte	4
23404	pàrras	4
23405	phoileatagach	4
23406	pàidhean	4
23407	fresco	4
23408	peanta	4
23409	pearraid	4
23410	ath-aithris	4
23411	pears-eaglais	4
23412	colony	4
23413	tar-chinealach	4
23414	iteach	4
23415	sgòth	4
23416	stùr	4
23417	taigh-tionnsgain	4
23418	tasg-lannan	4
23419	kaczy	4
23420	chaimbeil	4
23421	lusitania	4
23422	ella	4
23423	coolidge	4
23424	winehouse	4
23425	modiano	4
23426	saideil	4
23427	uachdar-fhiaclan	4
23428	uachtar	4
23429	ioma	4
23430	sheep	4
23431	ubhlan	4
23432	sioman	4
23433	ugain	4
23434	fasan	4
23435	chàise	4
23436	halfpenny	4
23437	gruagaire	4
23438	paracait	4
23439	erythrorhynchos	4
23440	maigheach	4
23441	gob-tunnaige	4
23442	puinnsean	4
23443	pine	4
23444	caribou	4
23445	bòtannan	4
23446	cheallan	4
23447	alcohol	4
23448	leabhar-lann	4
23449	tìodhlachadh	4
23450	neeve	4
23451	westfalen	4
23452	sputnik	4
23453	sruthach	4
23454	tùsach	4
23455	cùirt-lagha	4
23456	dh'aon	4
23457	mongolach	4
23458	khmer	4
23459	gigas	4
23460	eisir	4
23461	snàimh	4
23462	chòmhla	4
23463	coilleag	4
23464	caladair	4
23465	s'ann	4
23466	chaorann	4
23467	gàidhlige	4
23468	vet	4
23469	teacno	4
23470	offices	4
23471	bmi	4
23472	fortan	4
23473	brùchd	4
23474	feòladair	4
23475	buillean	4
23476	lionadh	4
23477	stocan	4
23478	cnag-dealain	4
23479	buxus	4
23480	feamnach	4
23481	blanchard	4
23482	cancer	4
23483	soc	4
23484	iùbalaidh	4
23485	phlatanaim	4
23486	tinbheil	4
23487	rìoghal	4
23488	iuch	4
23489	creneash	4
23490	moirrey	4
23491	baie	4
23492	erin	4
23493	thòiseach	4
23494	oige	4
23495	annaladh	4
23496	aidmheint	4
23497	prestwick	4
23498	sean-lochlannais	4
23499	bhòta	4
23500	àrd-uachdaran	4
23501	deamhan	4
23502	talamhainn	4
23503	mial	4
23504	criadhadaireachd	4
23505	raeburn	4
23506	dvo	4
23507	newcomein	4
23508	phlatanum	4
23509	pàillean	4
23510	beingean	4
23511	tex	4
23512	innil	4
23513	co-rèireach	4
23514	addison	4
23515	stàilinne	4
23516	apollo	4
23517	hubble	4
23518	eadar-ghearradh	4
23519	phrìomh-chearcaill	4
23520	òrdail	4
23521	camellia	4
23522	ainmig	4
23523	shreathan	4
23524	chinne-dhaonna	4
23525	diubh	4
23526	annsachd	4
23527	artach	4
23528	co-aomadh	4
23529	structairean	4
23530	lum	4
23531	diteur	4
23532	mongolaich	4
23533	cho-bhanntachd	4
23534	rut	4
23535	sgriobtar	4
23536	esra	4
23537	sgrola	4
23538	vos	4
23539	amos	4
23540	micah	4
23541	bàrdail	4
23542	cluan	4
23543	truaighe	4
23544	shuain	4
23545	dheòin	4
23546	streath	4
23547	deugairean	4
23548	làn-mara	4
23549	co-chòrdadh	4
23550	buirgh	4
23551	mhàidsear-seanailear	4
23552	went	4
23553	ciorramach	4
23554	jagiellonowie	4
23555	mcmurphy	4
23556	tilgte	4
23557	poitean	4
23558	ghluasadan	4
23559	co-ionnannachd	4
23560	triantanadh	4
23561	beul-aibhne	4
23562	comhairleach	4
23563	uraidh	4
23564	àrcaibh	4
23565	breichin	4
23566	sgitheach	4
23567	h-eadar-nàiseanta	4
23568	staite	4
23569	fiacal	4
23570	fiaclair	4
23571	rilke	4
23572	dh'fhaodas	4
23573	mircean	4
23574	buteo	4
23575	tail	4
23576	gàrradh-shoithichean	4
23577	aurora	4
23578	artaigeach	4
23579	scandinavia	4
23580	innseanaich	4
23581	fagatogo	4
23582	rerigonium	4
23583	dumfriesmuseum	4
23584	demon	4
23585	lisboa	4
23586	maiseach	4
23587	smaoinicheadh	4
23588	tuarasdail	4
23589	inverclyde	4
23590	uphall	4
23591	neo-eisimealach	4
23592	fhagail	4
23593	lethbhreacan	4
23594	leth-bhreacan	4
23595	marquesas	4
23596	ceòthach	4
23597	gondwana	4
23598	laurasia	4
23599	brùnaidh	4
23600	siongapòr	4
23601	thimphu	4
23602	muscat	4
23603	sana	4
23604	lle	4
23605	octubre	4
23606	hon	4
23607	consultar	4
23608	català	4
23609	lisch	4
23610	wikipedias	4
23611	francophone	4
23612	lico	4
23613	hier	4
23614	archerfieldgolfclub	4
23615	archerfield	4
23616	meidheadair	4
23617	teoirim	4
23618	chruthan	4
23619	ioma-sheallach	4
23620	sheòl-tomhais	4
23621	seòl-tomhais	4
23622	cèol	4
23623	accona	4
23624	aicseam	4
23625	chaochladair	4
23626	foirmlean	4
23627	paramadair	4
23628	foincsean	4
23629	àireamhail	4
23630	chothromach	4
23631	co-phàirt	4
23632	chruinne-cè	4
23633	àrdaileachd	4
23634	h-olympics	4
23635	bloca-p	4
23636	shuidhicheadh	4
23637	writer	4
23638	mairg	4
23639	soraidh	4
23640	lùiths	4
23641	bun-aonad	4
23642	teasad	4
23643	fotonan	4
23644	tiree	4
23645	rompa	4
23646	dòtaman	4
23647	chòmhain	4
23648	mma	4
23649	bhàillidh	4
23650	chèilidhean	4
23651	makars	4
23652	dhòrn	4
23653	hawkhead	4
23654	programan	4
23655	seanalan	4
23656	seulra	4
23657	t-uile-losgadh	4
23658	auschwitz-birkenau	4
23659	bergen-belsen	4
23660	charghais	4
23661	ostern	4
23662	ban-dhia	4
23663	ner	4
23664	illo	4
23665	h-eachdraichean	4
23666	mhainz	4
23667	tradaisein	4
23668	diùraidh	4
23669	bhreacain	4
23670	pheanas	4
23671	bheartas	4
23672	neal	4
23673	acid	4
23674	dubhar	4
23675	dealbhaidhean	4
23676	h-uinneagan	4
23677	mheanbh-fhrìde	4
23678	dh'àireamhan	4
23679	co-thiomsachd	4
23680	bhloigh	4
23681	choimeasta	4
23682	t-seòrsaiche	4
23683	seòrsaiche	4
23684	t-àireamhaiche	4
23685	anabharr	4
23686	dearbh-luach	4
23687	phutadh	4
23688	ease	4
23689	shanter	4
23690	twa	4
23691	gollanz	4
23692	strathaven	4
23693	fadhla	4
23694	nostra	4
23695	qquad	4
23696	ailseabrach	4
23697	cho-iomlaideach	4
23698	tàirneanach	4
23699	chliamhainn	4
23700	t-samhla	4
23701	poll-mhonadh	4
23702	goirteachadh	4
23703	aillean	4
23704	sacred	4
23705	theòirim	4
23706	eire	4
23707	oireachtas	4
23708	romano	4
23709	duolingo	4
23710	bhradain	4
23711	mhelanchthon	4
23712	seiten	4
23713	nineteen	4
23714	eighty-four	4
23715	valerie	4
23716	nikolaus	4
23717	phadua	4
23718	dhotair	4
23719	neach-chomhairle	4
23720	suiacheantais	4
23721	boece	4
23722	ohm	4
23723	maakunta	4
23724	h-innis-mhara	4
23725	h-eileanaich	4
23726	sèirbich	4
23727	fearta	4
23728	paidhrichean	4
23729	h-axes	4
23730	cdots	4
23731	schaan	4
23732	gheàrnsaidh	4
23733	rionnach	4
23734	ruprecht	4
23735	mhurad	4
23736	seòirsia	4
23737	abchas	4
23738	àrainnean	4
23739	gauthier	4
23740	germeaux	4
23741	zaluzhnyi	4
23742	kremlin	4
23743	tannadice	4
23744	bh'aca	4
23745	cho-aonaich	4
23746	parkhouse	4
23747	dhun	4
23748	b'fheàrr	4
23749	dh'fhastaich	4
23750	ath-ràith	4
23751	bàir	4
23752	caiptean	4
23753	mohammed	4
23754	seanmhair	4
23755	bhriathar	4
23756	havn	4
23757	so-roinnte	4
23758	sgaoileach	4
23759	àlaich	4
23760	ùr-nodha	4
23761	dìorrasach	4
23762	maitheanas	4
23763	dual	4
23764	koedo	4
23765	khayr	4
23766	al-ramli	4
23767	sgaraichte	4
23768	càrnadh	4
23769	grùid	4
23770	tang	4
23771	zimmer	4
23772	bruthadh	4
23773	dà-chànanas	4
23774	asarbaideanais	4
23775	massadah	4
23776	acropolis	4
23777	dòigh-ithe	4
23778	chiùird	4
23779	rìomhaireachd	4
23780	spitsbergen	4
23781	polar	4
23782	thai	4
23783	kru	4
23784	ghoil	4
23785	chòta	4
23786	bheairteach	4
23787	townsend	4
23788	bhatailean	4
23789	sàbhailt	4
23790	hesianaich	4
23791	phrìosanaich	4
23792	dh'fhulang	4
23793	rebellion	4
23794	bat	4
23795	mianma	4
23796	zaire	4
23797	tubhalu	4
23798	calbhan	4
23799	fhadhast	4
23800	bun-phuing	4
23801	phaidhir	4
23802	lùb-loidhneach	4
23803	cearcallach	4
23804	environmental	4
23805	campadh	4
23806	castra	4
23807	alemania	4
23808	shuidhichte	4
23809	sùlaire	4
23810	àl	4
23811	sanssouci	4
23812	luchd-tuineachaidh	4
23813	fheumas	4
23814	lausitzer	4
23815	havel	4
23816	seagal	4
23817	spìosrach	4
23818	stroessner	4
23819	cho-ceangailte	4
23820	eilthir	4
23821	portagaileach	4
23822	mhìogharraidh	4
23823	lannsaireachd	4
23824	radaigich	4
23825	tweed	4
23826	destin	4
23827	hru	4
23828	shobhiataich	4
23829	arc-eòlais	4
23830	dari	4
23831	salacela	4
23832	rìceo	4
23833	phuerto	4
23834	chosnaidhean	4
23835	meadhan-aoiseil	4
23836	moira	4
23837	fhuarail	4
23838	chairibian	4
23839	ceart-cheàrn	4
23840	axis-x	4
23841	beantan	4
23842	co-fhòcasach	4
23843	geataichean	4
23844	adbhanns	4
23845	chommand	4
23846	màrsail	4
23847	draw	4
23848	shuardail	4
23849	programme	4
23850	amais	4
23851	chli	4
23852	marsco	4
23853	belig	4
23854	h-ionadail	4
23855	ulva	4
23856	clanranald	4
23857	t-uisge-beatha	4
23858	geansaidh	4
23859	basis	4
23860	affect	4
23861	maintain	4
23862	attitude	4
23863	demonstrated	4
23864	evidence	4
23865	originally	4
23866	solomon	4
23867	mhogadishu	4
23868	neo-dhìreach	4
23869	t-aonad	4
23870	coisrisgte	4
23871	buena	4
23872	vista	4
23873	valpara	4
23874	majuro	4
23875	bruthachd	4
23876	siorcair	4
23877	avena	4
23878	bleith	4
23879	thional	4
23880	h-àrdan	4
23881	dorchester	4
23882	crossing	4
23883	seachdainn	4
23884	saratoga	4
23885	painting	4
23886	garaids	4
23887	fhoghar	4
23888	atmospheric	4
23889	maynard	4
23890	encarta	4
23891	maor	4
23892	ròdhag	4
23893	claibhears	4
23894	cameronians	4
23895	deiseal	4
23896	bàsaichidh	4
23897	curse	4
23898	caitligiche	4
23899	leis-san	4
23900	chatha	4
23901	fir-chinnidh	4
23902	mortairean	4
23903	chliathaich	4
23904	admiral	4
23905	moorea	4
23906	teacher	4
23907	shamoa	4
23908	tokelau	4
23909	thonga	4
23910	cuilc	4
23911	funafuti	4
23912	samhlachail	4
23913	crasg	4
23914	bhrazzaville	4
23915	disney	4
23916	dìreachd	4
23917	às-dùnadh	4
23918	roscoe	4
23919	diocese	4
23920	heilige	4
23921	ghnùis	4
23922	tuarasdal	4
23923	deasail	4
23924	clarence	4
23925	megalithic	4
23926	libianach	4
23927	trastan	4
23928	cabo	4
23929	bhanjul	4
23930	affairs	4
23931	dragon	4
23932	yah	4
23933	occidental	4
23934	ritual	4
23935	susbaintean	4
23936	metreachd	4
23937	girders	4
23938	sans-serif	4
23939	taobhadh	4
23940	amhlaoibh	4
23941	dauphin	4
23942	graph	4
23943	kara	4
23944	shipbuilding	4
23945	championship	4
23946	ardrossan	4
23947	goldfrapp	4
23948	broadcasting	4
23949	phrìomh-oifis	4
23950	ub	4
23951	fuaire	4
23952	mhanila	4
23953	iolair-mhara	4
23954	leth-chruinn	4
23955	co-fhulangas	4
23956	tachymarptis	4
23957	rodrigues	4
23958	bòidse	4
23959	bàsaich	4
23960	hindu	4
23961	tormodaich	4
23962	orientalism	4
23963	t-siolandair	4
23964	broinne-losgaidh	4
23965	alvarez	4
23966	hec	4
23967	chiadh	4
23968	taigh-foillseachaidh	4
23969	bayswater	4
23970	chadstone	4
23971	fitzroy	4
23972	osag	4
23973	aeron	4
23974	crossbill	4
23975	scoticus	4
23976	tetrix	4
23977	scolopax	4
23978	woodcock	4
23979	philomelos	4
23980	yu	4
23981	còrach	4
23982	caimbeulach	4
23983	whitfield	4
23984	feamad	4
23985	coenocorypha	4
23986	dh'fhag	4
23987	sasainnich	4
23988	farainm	4
23989	ammodendri	4
23990	petronia	4
23991	montifringilla	4
23992	bautista	4
23993	leamhnach	4
23994	iomlain	4
23995	kelso	4
23996	mhairead	4
23997	radain	4
23998	undaria	4
23999	santillana	4
24000	classic	4
24001	correction	4
24002	clerk	4
24003	clydebank	4
24004	walton	4
24005	mhèinnearachd	4
24006	elgin	4
24007	tubal	4
24008	buckhaven	4
24009	linlithgow	4
24010	antiquities	4
24011	bana-bhuidseach	4
24012	dunblane	4
24013	galashiels	4
24014	peebles	4
24015	riverannan	4
24016	ceithrear	4
24017	glasag	4
24018	rbg-web	4
24019	porphyra	4
24020	lotan	4
24021	caineal	4
24022	planntachadh	4
24023	cho-bhann	4
24024	macfhionnlaigh	4
24025	sgainneal	4
24026	chlàraichte	4
24027	ebenezer	4
24028	lughad	4
24029	permitted	4
24030	verbatim	4
24031	credit	4
24032	copyleft	4
24033	providing	4
24034	placed	4
24035	deals	4
24036	overall	4
24037	composed	4
24038	subsequent	4
24039	legibly	4
24040	stands	4
24041	meaning	4
24042	adjacent	4
24043	latter	4
24044	steps	4
24045	beveridge	4
24046	shochairean	4
24047	cion-earbsa	4
24048	kirkcaldy	4
24049	thagadh	4
24050	traprain	4
24051	àrd-mhèar	4
24052	huntly	4
24053	inverurie	4
24054	kilsyth	4
24055	helensburgh	4
24056	dobhrain	4
24057	kincardine	4
24058	narainn	4
24059	amiens	4
24060	hester	4
24061	buckingham	4
24062	rye	4
24063	derbyshire	4
24064	ivy	4
24065	h-uachdaran	4
24066	cbeebies	4
24067	palestine	4
24068	glossary	4
24069	forres	4
24070	insch	4
24071	georgi	4
24072	smolensk	4
24073	elpepuint	4
24074	torridhean	4
24075	manche	4
24076	alderney	4
24077	dòigh-bheatha	4
24078	lihou	4
24079	paradis	4
24080	alone	4
24081	paul's	4
24082	l'homme	4
24083	rit	4
24084	straight	4
24085	jèrriais	4
24086	mickey	4
24087	sgìtheadh	4
24088	partment	4
24089	ivanovich	4
24090	mendelevium	4
24091	taigh-chluiche	4
24092	targaid	4
24093	auchinleck	4
24094	toll-guail	4
24095	shearmonaich	4
24096	stiuireadh	4
24097	reichstein	4
24098	paracelsus	4
24099	hohenheim	4
24100	einsiedeln	4
24101	rangach	4
24102	shimpson	4
24103	namib	4
24104	tanami	4
24105	cairtbheile	4
24106	spèiseas	4
24107	rangipo	4
24108	fence	4
24109	alvord	4
24110	blàs	4
24111	coro	4
24112	phearu	4
24113	tatacoa	4
24114	jud	4
24115	dhàin	4
24116	magistrale	4
24117	shamo	4
24118	turra	4
24119	dhèir	4
24120	raitear	4
24121	josefina	4
24122	lèir-sgrios	4
24123	ecseri	4
24124	barraichte	4
24125	machado	4
24126	gnàthas	4
24127	arbuckle	4
24128	lib-deamach	4
24129	awe	4
24130	itealanachd	4
24131	hess	4
24132	montr	4
24133	iorc	4
24134	cladhachadh	4
24135	thrang	4
24136	macmhìcheil	4
24137	làraichean-lìn	4
24138	dà-sheòrsach	4
24139	transgender	4
24140	budy	4
24141	jara	4
24142	pròiseict	4
24143	fhlùir	4
24144	neach-foillseachaidh	4
24145	maculart	4
24146	eivissa	4
24147	josep	4
24148	maior	4
24149	serra	4
24150	houses	4
24151	farr	4
24152	isi	4
24153	ludnosc	4
24154	demografia	4
24155	proyecciones	4
24156	bevoelkerung	4
24157	aktuell	4
24158	schema	4
24159	akhmatova	4
24160	shìonach	4
24161	fell	4
24162	laguna	4
24163	sasha	4
24164	vis	4
24165	ghruthain	4
24166	claonaig	4
24167	operator	4
24168	frontier	4
24169	barkeno	4
24170	ling	4
24171	iar-cheannard	4
24172	scotrail	4
24173	papar	4
24174	pabaidh	4
24175	phabaigh	4
24176	steam	4
24177	sheathach	4
24178	eckhard	4
24179	ruma	4
24180	museums	4
24181	reprint	4
24182	sgrail	4
24183	pitlochry	4
24184	trains	4
24185	ìosaigh	4
24186	moluag	4
24187	bhuia	4
24188	chnòideart	4
24189	tròndaigh	4
24190	ionndrainn	4
24191	accident	4
24192	aisgeabhal	4
24193	setsubun	4
24194	tòb	4
24195	ghunna	4
24196	fhalaich	4
24197	aichillidh	4
24198	cianalas	4
24199	speculative	4
24200	t-sabhal	4
24201	mùchadh	4
24202	h-iar-mhanachainn	4
24203	hebriden	4
24204	sràc	4
24205	dis	4
24206	tairgsinn	4
24207	luig	4
24208	yan	4
24209	mheanbh	4
24210	leif	4
24211	tuineachaidh	4
24212	boglaichean	4
24213	fàg	4
24214	tiota	4
24215	moll	4
24216	mhinis	4
24217	cirsium	4
24218	onopordum	4
24219	cuiseagan	4
24220	earraideas	4
24221	champ	4
24222	t-saorsa	4
24223	bhuille	4
24224	robroyston	4
24225	mhionnaich	4
24226	baliol	4
24227	uasail	4
24228	èigneachadh	4
24229	àill	4
24230	creachadh	4
24231	saibhlean	4
24232	chùmhnantan	4
24233	thairgsinn	4
24234	coisichean	4
24235	dhùbhlain	4
24236	aithnich	4
24237	adhlacadh	4
24238	luingeis	4
24239	aberlour	4
24240	oracail	4
24241	ghlice	4
24242	boat	4
24243	loch-uisge	4
24244	oitir	4
24245	kalmarsund	4
24246	h-ainmean-àite	4
24247	strathclyde	4
24248	fucus	4
24249	ghropach	4
24250	baffin	4
24251	ellesmere	4
24252	frìoslannais	4
24253	pendergast	4
24254	lomond	4
24255	low	4
24256	bonnie	4
24257	bheag-chuid	4
24258	bràghad	4
24259	leamhnachd	4
24260	truth	4
24261	imh	4
24262	mosaidh	4
24263	ura	4
24264	cupan	4
24265	monterey	4
24266	geamhraidhean	4
24267	ballantrae	4
24268	arann	4
24269	làirge	4
24270	cuideim	4
24271	chultarail	4
24272	arrochar	4
24273	tyndrum	4
24274	eàrnain	4
24275	trosaichean	4
24276	analyser	4
24277	postcode	4
24278	levelid	4
24279	callander	4
24280	t-seòmar	4
24281	iarsmaidhean	4
24282	destinations	4
24283	jetstar	4
24284	vinh	4
24285	nha	4
24286	tokyo-narita	4
24287	blackwaterfoot	4
24288	visitor	4
24289	bibliography	4
24290	saiceòlas	4
24291	emeritus	4
24292	drongan	4
24293	ostail-òigridh	4
24294	càiridh	4
24295	sianfan	4
24296	capacity	4
24297	biorbhaidh	4
24298	practaigeach	4
24299	chesterton	4
24300	pònaidh	4
24301	armadale	4
24302	marsh	4
24303	clothes	4
24304	dyce	4
24305	chorpaich	4
24306	flataichean	4
24307	h-easbaigean	4
24308	lìobhainn	4
24309	sglèatan	4
24310	cori	4
24311	elion	4
24312	youyou	4
24313	kocher	4
24314	sune	4
24315	bergstr	4
24316	houghton	4
24317	culloden	4
24318	cairns	4
24319	tarbet	4
24320	thunga	4
24321	rabairt	4
24322	bheithir	4
24323	fhulangas	4
24324	t-iarrtas	4
24325	nàire	4
24326	beannachdan	4
24327	geallaidhean	4
24328	dallan	4
24329	carroll	4
24330	democracy	4
24331	aontadh	4
24332	cròn	4
24333	dufftown	4
24334	glòr	4
24335	libertad	4
24336	americano	4
24337	ayacucho	4
24338	virgen	4
24339	stèidheachdh	4
24340	marasgal	4
24341	ficas	4
24342	ceithear	4
24343	pontificia	4
24344	dealbhan-èibhinn	4
24345	ùghdairean	4
24346	vieco	4
24347	cine	4
24348	guayabal	4
24349	arenas	4
24350	mej	4
24351	eafit	4
24352	burghead	4
24353	eileachaidh	4
24354	craigellachie	4
24355	fiddle	4
24356	rothes	4
24357	earn	4
24358	comraigh	4
24359	dhrù	4
24360	glùin	4
24361	taise	4
24362	plague	4
24363	drawn	4
24364	ràtha	4
24365	eilid	4
24366	cultraidh	4
24367	urchadan	4
24368	churchyard	4
24369	prayer	4
24370	branndair	4
24371	companies	4
24372	dubai	4
24373	merchiston	4
24374	wilfred	4
24375	tuathanas-èisg	4
24376	cleland	4
24377	palonegro	4
24378	bagairtean	4
24379	salazar	4
24380	frionas	4
24381	dà-phàirtidh	4
24382	urrutia	4
24383	chronik	4
24384	ettrick	4
24385	fhùcadair	4
24386	katìo	4
24387	balthasar	4
24388	streapadairean	4
24389	wawel	4
24390	cracoviae	4
24391	napole	4
24392	historyfiles	4
24393	campsie	4
24394	bhaisteir	4
24395	duilghe	4
24396	dhealgadaidh	4
24397	cardenden	4
24398	còcein	4
24399	bmeve	4
24400	codeeve	4
24401	fheargach	4
24402	buile	4
24403	obra	4
24404	romansachd	4
24405	caochlach	4
24406	indice	4
24407	osorio	4
24408	ficha	4
24409	escritor	4
24410	imala	4
24411	nouns	4
24412	diminutives	4
24413	meanbhair	4
24414	estadio	4
24415	torre	4
24416	belalc	4
24417	taisgleadh	4
24418	ilustre	4
24419	ilus	4
24420	comhnaidh	4
24421	seachdainneil	4
24422	husachd	4
24423	fheichein	4
24424	adhlaicte	4
24425	isidro	4
24426	oithear	4
24427	pac	4
24428	chruthadh	4
24429	shloinneadh	4
24430	thaigh-seinnse	4
24431	heim	4
24432	beerintheevening	4
24433	templand	4
24434	phàirc-choille	4
24435	mhicgillemhaoil	4
24436	acres	4
24437	osbairn	4
24438	chotain	4
24439	executive	4
24440	èirig	4
24441	sgaradh-pòsaidh	4
24442	regent	4
24443	riaghaladh	4
24444	dizionario	4
24445	còrnach	4
24446	jetcost	4
24447	viajar	4
24448	charainn	4
24449	fear-eachdraidh	4
24450	afro-coloimbianaich	4
24451	orlando	4
24452	fàgadh	4
24453	bharranquilla	4
24454	eachraidheil	4
24455	chartagena	4
24456	heredia	4
24457	tolosa	4
24458	lùchart	4
24459	villadompardo	4
24460	parador	4
24461	alcaraz	4
24462	cathair-eaglaise	4
24463	rufino	4
24464	froil	4
24465	eustorgio	4
24466	manosalbas	4
24467	fortoul	4
24468	lora	4
24469	misael	4
24470	belisario	4
24471	democr	4
24472	bonnybridge	4
24473	tionndadh-gnìomhachais	4
24474	dito	4
24475	pavel	4
24476	vexilologie	4
24477	spole	4
24478	nost	4
24479	morava	4
24480	thormaid	4
24481	cho-fharpaiseach	4
24482	chundinamarca	4
24483	juana	4
24484	purificaci	4
24485	callao	4
24486	espinosa	4
24487	staic	4
24488	làn-ùghdarach	4
24489	chaitligiche	4
24490	opini	4
24491	dùthchais	4
24492	riaghailtear	4
24493	montero	4
24494	baldomero	4
24495	pacheco	4
24496	salmer	4
24497	villaverde	4
24498	prendergast	4
24499	rajoy	4
24500	rovira	4
24501	montejo	4
24502	miannan	4
24503	sgeinean	4
24504	spaideal	4
24505	àrd-cheannard	4
24506	ceannard-feadhna	4
24507	rùnaireachd	4
24508	onorach	4
24509	pombo	4
24510	avebury	4
24511	t-seanaileir	4
24512	chonsal	4
24513	indexmunicipios	4
24514	ceann-feachd	4
24515	chinn-fheadhna	4
24516	editores	4
24517	playfair	4
24518	pna	4
24519	fight	4
24520	tax	4
24521	leònadh	4
24522	translink	4
24523	eadar-naiseanta	4
24524	unidad	4
24525	libre	4
24526	leishman	4
24527	fear-aithris	4
24528	luchd-dùbhlain	4
24529	nua-libearalach	4
24530	catalanach	4
24531	rèilichean	4
24532	chomhdhail	4
24533	assets	4
24534	nouvelle	4
24535	ayton	4
24536	loireag	4
24537	daoine-chloinne	4
24538	badan	4
24539	crà	4
24540	shirley	4
24541	teviot	4
24542	auvergne	4
24543	leatromachd	4
24544	tore	4
24545	saoranaich	4
24546	sochair	4
24547	nemequene	4
24548	eadraiginn	4
24549	chibch	4
24550	chrith-thalmhainn	4
24551	thobhtaichean	4
24552	bishopton	4
24553	ghriobhaidh	4
24554	stoddard	4
24555	feadaraileachd	4
24556	dhèiligeadh	4
24557	sealbhadairean	4
24558	saorachadh	4
24559	sporan	4
24560	gaceta	4
24561	doctrine	4
24562	dealbh-cluiche	4
24563	linwood	4
24564	chrysler	4
24565	peugeot	4
24566	cabal	4
24567	geneolog	4
24568	mhelo	4
24569	genealog	4
24570	dearbha	4
24571	luchd-chiùird	4
24572	ortega	4
24573	eòlas-chànan	4
24574	chòrdaidh	4
24575	republicana	4
24576	bannan	4
24577	eucorach	4
24578	nombre	4
24579	tubar	4
24580	simmonds	4
24581	co-chruinneachaidh	4
24582	eastman	4
24583	tearmann	4
24584	bari	4
24585	david's	4
24586	fab	4
24587	beaux-arts	4
24588	gua	4
24589	gnàthan-shìde	4
24590	kodaiji	4
24591	hacha	4
24592	piedra	4
24593	leth-chuid	4
24594	tathaich	4
24595	bremenports	4
24596	worldportsource	4
24597	mì-rùn	4
24598	dioplòmasachd	4
24599	urramachadh	4
24600	industrial	4
24601	pueboy	4
24602	saarland	4
24603	mhisean	4
24604	nationalism	4
24605	matilda	4
24606	gainmheil	4
24607	wilseder	4
24608	ostfriesische	4
24609	inseln	4
24610	frìosach	4
24611	borkum	4
24612	roisg	4
24613	clochair	4
24614	teine-èiginn	4
24615	usbiography	4
24616	chsische	4
24617	radebeul	4
24618	elbtal	4
24619	zittauer	4
24620	gebirge	4
24621	convention	4
24622	uni-leipzig	4
24623	universitaet	4
24624	profil	4
24625	theater	4
24626	sharon	4
24627	neustadt	4
24628	rung	4
24629	bomadh	4
24630	weilburg	4
24631	coile	4
24632	borbh	4
24633	sanscrit	4
24634	pompeius	4
24635	telephone	4
24636	slabhach	4
24637	frames	4
24638	locale	4
24639	ioannes	4
24640	battista	4
24641	canale	4
24642	newman	4
24643	wilmette	4
24644	tolochenaz	4
24645	sgillin	4
24646	bieber	4
24647	schwartz	4
24648	calvados	4
24649	aodoù-an-arvor	4
24650	welch	4
24651	breadalbane	4
24652	foghlum	4
24653	mainear	4
24654	t-bwrdeistref	4
24655	pandy	4
24656	corca	4
24657	clò-bhualadair	4
24658	humaine	4
24659	marcel	4
24660	crann-sneachda	4
24661	christkindlesmarkt	4
24662	christkindlmarket	4
24663	scene	4
24664	pioramaidean	4
24665	aran-cridhe	4
24666	tourismus	4
24667	thursan	4
24668	maison	4
24669	snaidheadair	4
24670	sealgaireachd	4
24671	litt	4
24672	reòthaidh	4
24673	trast-thomhais	4
24674	pag	4
24675	cuairt-bheatha	4
24676	l'histoire	4
24677	parti	4
24678	ferney-voltaire	4
24679	ferney	4
24680	luachmhoire	4
24681	dhuitseach	4
24682	bhrabhsair	4
24683	historical-atlas	4
24684	cnòthan	4
24685	coriandrum	4
24686	eireachd	4
24687	cluainean	4
24688	seine-maritime	4
24689	communes	4
24690	worldlingo	4
24691	delc	4
24692	rai	4
24693	iq	4
24694	tavish	4
24695	isère	4
24696	gerry	4
24697	dylan	4
24698	osasco	4
24699	ntica	4
24700	mabdb	4
24701	brdir	4
24702	biores	4
24703	bhras	4
24704	arequipa	4
24705	bogsa-ciùil	4
24706	taubate	4
24707	searchtext	4
24708	statesmen	4
24709	sagsainn-eisenach	4
24710	zwischen	4
24711	teau-d	4
24712	rmland	4
24713	shingilte	4
24714	gotais	4
24715	etymology	4
24716	rsber	4
24717	rem	4
24718	indre	4
24719	voronezh	4
24720	dijon	4
24721	villages	4
24722	gironde	4
24723	luebeck	4
24724	faulkner	4
24725	genolier	4
24726	rapids	4
24727	ajaccio	4
24728	aube	4
24729	lecture	4
24730	astronaut	4
24731	miasta	4
24732	pòlaich	4
24733	marshal	4
24734	politique	4
24735	pride	4
24736	eliza	4
24737	musique	4
24738	shimomura	4
24739	podolsk	4
24740	ew	4
24741	geohive	4
24742	mael	4
24743	toponymie	4
24744	ivasyuk	4
24745	buchach	4
24746	nona	4
24747	institi	4
24748	ard-l	4
24749	olbia	4
24750	beanntann	4
24751	nisra	4
24752	perranarworthal	4
24753	ghenova	4
24754	koeln	4
24755	dez	4
24756	natur	4
24757	haute-garonne	4
24758	carlabhagh	4
24759	maplandia	4
24760	bouches-du-rh	4
24761	te-d	4
24762	casa-deza	4
24763	rico-topogr	4
24764	librer	4
24765	litograf	4
24766	h-andalusia	4
24767	gade	4
24768	deira	4
24769	onuba	4
24770	fico-hist	4
24771	correspondencia	4
24772	caminos	4
24773	tartessos	4
24774	contribuci	4
24775	almuzara	4
24776	oba	4
24777	freemeteo	4
24778	doctrab	4
24779	codmun	4
24780	pva	4
24781	kerunta	4
24782	gerunda	4
24783	ajuntament	4
24784	tarraco	4
24785	xtec	4
24786	augusti	4
24787	lucus-augusti	4
24788	pueblos-espana	4
24789	fatima	4
24790	pontem	4
24791	turia	4
24792	maragaidh	4
24793	aeropuertos	4
24794	merino	4
24795	verdenorte	4
24796	baltic	4
24797	myrtus	4
24798	miortlach	4
24799	normandaidh	4
24800	claudel	4
24801	gnèitheasach	4
24802	cronologia	4
24803	rothaireachd	4
24804	sculpture	4
24805	feliu	4
24806	llobregat	4
24807	ghalaran	4
24808	ponent	4
24809	pepito	4
24810	bancairean	4
24811	mì-rianan	4
24812	teisteanasan	4
24813	coisrigidh	4
24814	propertyresults	4
24815	propertydetail	4
24816	macduff	4
24817	geallaidh	4
24818	iùbhar	4
24819	forrest	4
24820	artur	4
24821	canisp	4
24822	suilven	4
24823	bordernet	4
24824	drumbeg	4
24825	nedd	4
24826	culag	4
24827	culkein	4
24828	clachtoll	4
24829	stac-mara	4
24830	jobs	4
24831	neach-cathrach	4
24832	cruth-atharrachadh	4
24833	bibliograf	4
24834	wins	4
24835	danish	4
24836	sgriobtaichean	4
24837	elmundolibro	4
24838	izaro	4
24839	sgil	4
24840	mflor	4
24841	personid	4
24842	genealogia	4
24843	haute	4
24844	bherg	4
24845	colombey-les-deux	4
24846	glises	4
24847	saint-cyr	4
24848	seanailearan	4
24849	t-sìona	4
24850	champagne	4
24851	nord-pas-de-calais	4
24852	safaja	4
24853	corsica	4
24854	disruption	4
24855	czwartek	4
24856	studyinpoland	4
24857	sztetl	4
24858	stadtgeschichte	4
24859	hanover	4
24860	anhalt	4
24861	pogrom	4
24862	gershom	4
24863	haaretz	4
24864	saif	4
24865	sigurd	4
24866	magne	4
24867	ternes	4
24868	proxy	4
24869	fhoillsichear	4
24870	volynska	4
24871	ownik	4
24872	geograficzny	4
24873	lestwa	4
24874	cicero	4
24875	t-agusan	4
24876	ampersand	4
24877	macgillefhinnein	4
24878	ghinideach	4
24879	warta	4
24880	ost	4
24881	roku	4
24882	wedkuje	4
24883	castles	4
24884	enach	4
24885	unter	4
24886	bhùirdeasach	4
24887	instytut	4
24888	portalwiedzy	4
24889	onet	4
24890	haslo	4
24891	speed	4
24892	tu-chemnitz	4
24893	beolingus	4
24894	ude	4
24895	cke	4
24896	confessions	4
24897	cho-obraichean	4
24898	fle	4
24899	gallo	4
24900	thurgau	4
24901	lexilogos	4
24902	allempires	4
24903	eidgenossenschaft	4
24904	beati	4
24905	aar	4
24906	erasmus	4
24907	tavau	4
24908	aiteann	4
24909	dunum	4
24910	unterwalden	4
24911	lug	4
24912	erich	4
24913	teàrlaich	4
24914	aintighearnas	4
24915	founded	4
24916	mitrokhin	4
24917	haute-savoie	4
24918	utf	4
24919	maccoll	4
24920	haut-rhin	4
24921	tsien	4
24922	pers	4
24923	upp	4
24924	alnarp	4
24925	slu-swedish-university-of-agricultural-sciences	4
24926	gavle	4
24927	bas-rhin	4
24928	mukawa	4
24929	elva	4
24930	cheilbhinn	4
24931	mcleod	4
24932	chichilak'i	4
24933	bancroft	4
24934	airnav	4
24935	muncaidh	4
24936	champsaidh	4
24937	purdue	4
24938	sheiceach	4
24939	ide	4
24940	mythology	4
24941	volumes	4
24942	locator	4
24943	tar-sgrìobhadh	4
24944	ghoireas	4
24945	fèin-mhillteach	4
24946	indigenous	4
24947	ermenonville	4
24948	tien	4
24949	millions	4
24950	mhèar	4
24951	epictetus	4
24952	seneca	4
24953	caesaraugusta	4
24954	marat	4
24955	masses	4
24956	tribute	4
24957	paraistean	4
24958	taught	4
24959	pasionaria	4
24960	ibarruri	4
24961	ossian	4
24962	fhuiling	4
24963	fhèin-obrachail	4
24964	ckeburg	4
24965	adn	4
24966	gobhal-rathaid	4
24967	amaral	4
24968	forge	4
24969	klaas	4
24970	groot-ammers	4
24971	universiteit	4
24972	dagblad	4
24973	cearbhall	4
24974	oldmusicproject	4
24975	occ	4
24976	wick	4
24977	cymothoa	4
24978	cymothoidae	4
24979	giùrain	4
24980	unlikely	4
24981	farina	4
24982	fear-brathaidh	4
24983	mountjoy	4
24984	bandan	4
24985	chruthachail	4
24986	daingean	4
24987	armagh	4
24988	vallis	4
24989	dearcan-ola	4
24990	derecho	4
24991	privado	4
24992	mèinnireach	4
24993	co-dhèanamh	4
24994	garda	4
24995	achill	4
24996	mayo-ireland	4
24997	pagewanted	4
24998	chaisle	4
24999	mhuiris	4
25000	lèigh	4
25001	gorta	4
25002	imleach	4
25003	abha	4
25004	osra	4
25005	nard	4
25006	bre	4
25007	kildare	4
25008	antrim	4
25009	eachach	4
25010	fiddles	4
25011	athlone	4
25012	aplacaid	4
25013	fònaichean	4
25014	chorporra	4
25015	òrdanais	4
25016	oifigear-poileis	4
25017	feira	4
25018	santana	4
25019	detalhes	4
25020	registro	4
25021	sesu	4
25022	horizonte	4
25023	cefetmg	4
25024	cefet-rj	4
25025	cefet	4
25026	letras	4
25027	figueres	4
25028	abaidean	4
25029	atachadh	4
25030	tabhairt	4
25031	benicarl	4
25032	rivas	4
25033	cahors	4
25034	mons	4
25035	aveyron	4
25036	justified	4
25037	gon	4
25038	borges	4
25039	skype	4
25040	riese	4
25041	gregorius	4
25042	dèideag	4
25043	santi	4
25044	uaisleachadh	4
25045	macaulay	4
25046	occitania	4
25047	t-àrd-diùc	4
25048	carthannasan	4
25049	grottammare	4
25050	kol	4
25051	livermore	4
25052	dixie	4
25053	holbrook	4
25054	akan	4
25055	dotagan	4
25056	entertainment-arts	4
25057	keefer	4
25058	streets	4
25059	luibheis	4
25060	koli	4
25061	khandesi	4
25062	neapàlais	4
25063	kunar	4
25064	kra	4
25065	oss	4
25066	gazi	4
25067	portlethen	4
25068	teborgs	4
25069	iberville	4
25070	fhionnlannais	4
25071	tup	4
25072	largest-cities-in-lithuania	4
25073	rajono	4
25074	brasileiro	4
25075	sla	4
25076	mhiddelburg	4
25077	gat	4
25078	westerschelde	4
25079	schouwen-duiveland	4
25080	vecht	4
25081	lemmata	4
25082	batavorum	4
25083	breukelen	4
25084	rutger	4
25085	hauer	4
25086	ridley	4
25087	earrachd	4
25088	kunstenaars	4
25089	easbaigeachdan	4
25090	famke	4
25091	amstelveen	4
25092	jeroen	4
25093	reiss	4
25094	lorem	4
25095	ipsum	4
25096	chungid	4
25097	techta	4
25098	atan	4
25099	sorgh	4
25100	models	4
25101	dolce	4
25102	sturm	4
25103	contest	4
25104	deckers	4
25105	assyntgeology	4
25106	scottishgeology	4
25107	complutense	4
25108	cruyff	4
25109	madras	4
25110	bunnymen	4
25111	mcculloch	4
25112	nemeyer	4
25113	lover	4
25114	hayley	4
25115	tamara	4
25116	eygelshoven	4
25117	huygens	4
25118	philips	4
25119	janszoon	4
25120	thema	4
25121	lope	4
25122	bedford	4
25123	stranger	4
25124	sexuality	4
25125	friday	4
25126	pratt	4
25127	mortimer	4
25128	issie	4
25129	rare	4
25130	càradh	4
25131	inchnadamph	4
25132	bailie	4
25133	sinton	4
25134	maceachairn	4
25135	gsi	4
25136	alister	4
25137	feusag	4
25138	bhictorianach	4
25139	tinthepark	4
25140	leonora	4
25141	pertz	4
25142	sùghachd	4
25143	visa	4
25144	stage	4
25145	berlusconi	4
25146	neach-tionnsgain	4
25147	binn-prìosain	4
25148	chaibeal	4
25149	tolmie	4
25150	o'connor	4
25151	arieh	4
25152	blaeu	4
25153	cinneide	4
25154	forestry	4
25155	hornsby	4
25156	da-chuibhleachd	4
25157	às-imrich	4
25158	fheàrnaig	4
25159	feàrnaibh	4
25160	empuma	4
25161	nkandla	4
25162	mbeki	4
25163	motlanthe	4
25164	wildernis	4
25165	balthazar	4
25166	vorster	4
25167	mhùchadh	4
25168	lùna	4
25169	ògmh	4
25170	meanbh-ainm	4
25171	h-àile	4
25172	totalita	4
25173	natasha	4
25174	braid	4
25175	peerage	4
25176	leth-aonan	4
25177	palnackie	4
25178	balmaclellan	4
25179	ball-ceàirde	4
25180	chapall	4
25181	ashx	4
25182	drachenfels	4
25183	chalmers	4
25184	operations	4
25185	kirkconnel	4
25186	brydekirk	4
25187	sepa	4
25188	mhaor	4
25189	ainslie	4
25190	cymer	4
25191	review-g	4
25192	tuckwell	4
25193	geolocation	4
25194	osbrain	4
25195	derrick	4
25196	gardiner	4
25197	meters	4
25198	losgannan	4
25199	lochend	4
25200	durisdeer	4
25201	mhonair	4
25202	a-c	4
25203	leagadh	4
25204	fiadh-bheathach	4
25205	ncap	4
25206	ghreusaiche	4
25207	engineering	4
25208	kettleholm	4
25209	ufrb	4
25210	doon	4
25211	middlebie	4
25212	myles	4
25213	chlach-ghràin	4
25214	petraea	4
25215	salix	4
25216	coaurora	4
25217	arbeiterpartei	4
25218	nsdap	4
25219	grunberger	4
25220	weidenfeld	4
25221	macillemhìcheil	4
25222	hants	4
25223	novascotia	4
25224	crotail	4
25225	pòn	4
25226	surfadh	4
25227	bailey	4
25228	cleannumber	4
25229	evaluate	4
25230	truncate	4
25231	exponential	4
25232	trims	4
25233	makewrapper	4
25234	processes	4
25235	accepts	4
25236	luaargs	4
25237	valuefunc	4
25238	memoized	4
25239	overwritten	4
25240	non-nil	4
25241	argtableval	4
25242	mapdata	4
25243	divcontent	4
25244	ordering	4
25245	template-name	4
25246	backwards	4
25247	usescurrenttitle	4
25248	parameternames	4
25249	pntype	4
25250	exports	4
25251	exactly	4
25252	hey	4
25253	avoiding	4
25254	independently	4
25255	passing	4
25256	backward	4
25257	cfgvalue	4
25258	mainnsname	4
25259	checktypemulti	4
25260	ispositiveinteger	4
25261	subtables	4
25262	includemetatable	4
25263	sparseconcat	4
25264	javascript	4
25265	numkeys	4
25266	demospaces	4
25267	newargs	4
25268	substituted	4
25269	allowsmall	4
25270	smallparam	4
25271	attrs	4
25272	templatecategoryrequirename	4
25273	istemplatepage	4
25274	talkargistalkpage	4
25275	templatesort	4
25276	wider	4
25277	textcell	4
25278	fmbox	4
25279	displaytitle	4
25280	transforms	4
25281	determinemode	4
25282	suplement	4
25283	geodmshtml	4
25284	geodechtml	4
25285	errorhtml	4
25286	geo-nondefault	4
25287	visual	4
25288	compared	4
25289	bhreabadair	4
25290	shuim	4
25291	protecting-our-landscape	4
25292	wig	4
25293	tongwynlais	4
25294	tredelerch	4
25295	trel	4
25296	rhath	4
25297	argoed	4
25298	pengam	4
25299	blaendulais	4
25300	ceinewydd	4
25301	llanarth	4
25302	llangeitho	4
25303	llanllwchhaearn	4
25304	llanrhystud	4
25305	llanwenog	4
25306	lledrod	4
25307	beddgelert	4
25308	llanaelhaearn	4
25309	llanycil	4
25310	parc	4
25311	llanddewi	4
25312	llanfechain	4
25313	llangatwg	4
25314	llangynog	4
25315	hirwaun	4
25316	tonyrefail	4
25317	derwen	4
25318	dyserth	4
25319	llandyfaelog	4
25320	llangennech	4
25321	trimsaran	4
25322	bagillt	4
25323	uchaf	4
25324	saltney	4
25325	is-coed	4
25326	llansantffraid	4
25327	owrtyn	4
25328	neo-ghasagach	4
25329	bodedern	4
25330	bodffordd	4
25331	mechell	4
25332	thalmhainn	4
25333	rowan	4
25334	corylus	4
25335	avellana	4
25336	piping	4
25337	aonair	4
25338	faoinsgeulachd	4
25339	sanders	4
25340	rapporteur	4
25341	etive	4
25342	prifysgol	4
25343	uk-wales	4
25344	all-wales	4
25345	nears	4
25346	cosmonot	4
25347	iùbh	4
25348	iubh	4
25349	inverewe	4
25350	ignear	4
25351	cruel	4
25352	clearance	4
25353	phosta	4
25354	daniell	4
25355	mclaughlin	4
25356	arnish	4
25357	fheasgar	4
25358	lli	4
25359	eifion	4
25360	egilsay	4
25361	mercat	4
25362	rendall	4
25363	sweyn	4
25364	beithean	4
25365	wyre	4
25366	ney	4
25367	pierowall	4
25368	sey	4
25369	co-chomataidh	4
25370	mikla	4
25371	samphrey	4
25372	northmavine	4
25373	t-suaicheantas	4
25374	nationaltrail	4
25375	estuary	4
25376	walesonline	4
25377	connspaidean	4
25378	reul-eòlais	4
25379	poppit	4
25380	sands	4
25381	ceardach	4
25382	deargannan	4
25383	grunay	4
25384	h-out	4
25385	sveinn	4
25386	skaw	4
25387	aganas	4
25388	dealasach	4
25389	cadw	4
25390	taranaki	4
25391	photographers-resource	4
25392	bharpa	4
25393	uaigh-thrannsa	4
25394	gang	4
25395	tìbhiot	4
25396	chough	4
25397	carthannach	4
25398	colonnade	4
25399	portofino	4
25400	indeed	4
25401	remained	4
25402	bhrosnaicheadh	4
25403	frainseasach	4
25404	bishop's	4
25405	execute	4
25406	horticulture	4
25407	spatha	4
25408	heiligtumsfahrt	4
25409	chio	4
25410	canso	4
25411	denys	4
25412	moruisg	4
25413	lochalsh	4
25414	breeze	4
25415	geadaidh	4
25416	luinne	4
25417	iar-tuath	4
25418	sterbotten	4
25419	scottishrenewables	4
25420	barasdal	4
25421	ugre	4
25422	dh'allt	4
25423	divine	4
25424	crannagan	4
25425	nìthear	4
25426	rydercup	4
25427	doiragat	4
25428	poet	4
25429	puc-mg	4
25430	drop	4
25431	gloucestershire	4
25432	lochies	4
25433	innleachdas	4
25434	macfadyen	4
25435	hanvidge	4
25436	deans	4
25437	kerrie	4
25438	dòrnaidh	4
25439	howieson	4
25440	t-sàilean	4
25441	waka	4
25442	sulawesi	4
25443	luzon	4
25444	briggs	4
25445	maraj	4
25446	spitzbergen	4
25447	ghearmaich	4
25448	òiceall	4
25449	lahave	4
25450	likely	4
25451	jews	4
25452	alpes-de-haute-provence	4
25453	basse-normandie	4
25454	caen	4
25455	eure-et-loir	4
25456	haute-vienne	4
25457	pirenèus	4
25458	il-ha-gwilen	4
25459	franco-proven	4
25460	occitanie	4
25461	rabe	4
25462	abulenses	4
25463	abci-trevino-enclaves-espana	4
25464	iadhtagan	4
25465	gascue	4
25466	rondas	4
25467	paseos	4
25468	marzo	4
25469	legio	4
25470	lèigiun	4
25471	segobriga	4
25472	toletum	4
25473	harrington	4
25474	laggan	4
25475	think	4
25476	parents	4
25477	lsta	4
25478	caitrìona	4
25479	crogaid	4
25480	cyrus	4
25481	duncanson	4
25482	àrd-chomhairle	4
25483	creich	4
25484	marconi	4
25485	andarsan	4
25486	dheigh	4
25487	oda	4
25488	fionnghlas	4
25489	gilmerton	4
25490	churraich	4
25491	comely	4
25492	mheinidh	4
25493	hàcraig	4
25494	canaispidh	4
25495	meadhrath	4
25496	berriedale	4
25497	keiss	4
25498	latharan	4
25499	aisig	4
25500	scamadal	4
25501	eishort	4
25502	ollisdal	4
25503	lic-aird	4
25504	sgùirr	4
25505	leth-uillt	4
25506	fhir-bhallaich	4
25507	meachdannach	4
25508	cygnus	4
25509	loch-fada-highland	4
25510	boidhre	4
25511	brogaig	4
25512	mhartainn	4
25513	ox	4
25514	labhruidh	4
25515	dogs	4
25516	geoffroy	4
25517	nther	4
25518	lichtensteinii	4
25519	cuvier's	4
25520	eudorcas	4
25521	dorch-dhonn	4
25522	hunteri	4
25523	sayr	4
25524	necker	4
25525	rundschau	4
25526	mhodail	4
25527	chlàrc	4
25528	carwitz	4
25529	neustrelitz	4
25530	nste	4
25531	faidhlichean	4
25532	arnaval	4
25533	founding	4
25534	lordship	4
25535	evaluation	4
25536	encoding	4
25537	interwiki-link	4
25538	percent-encoded	4
25539	reassemble	4
25540	kern-left	4
25541	kern-right	4
25542	fetchlanguagename	4
25543	long-form	4
25544	trans-italic-title	4
25545	script-periodical	4
25546	zero-width	4
25547	segment	4
25548	supposed	4
25549	reduce	4
25550	legitimate	4
25551	distinguish	4
25552	unlinked	4
25553	namesep	4
25554	divided	4
25555	occurs	4
25556	author-linkn	4
25557	three-character	4
25558	populates	4
25559	foreign-lang-source	4
25560	chapter-format	4
25561	mediawiki's	4
25562	displayauthors	4
25563	displayeditors	4
25564	authorn	4
25565	editorn	4
25566	lowest	4
25567	wildcard	4
25568	display-editors	4
25569	strictly	4
25570	seriesno	4
25571	urlaccess	4
25572	promoted	4
25573	parsing	4
25574	retain	4
25575	retrv	4
25576	script-quote	4
25577	rely	4
25578	solve	4
25579	preface	4
25580	whitelists	4
25581	viena	4
25582	fhraoich-choire	4
25583	heraldica	4
25584	seenplatte	4
25585	hoboken	4
25586	amt	4
25587	rgermeister	4
25588	tung	4
25589	arnott	4
25590	historischen	4
25591	tten	4
25592	mecklenburg-schwerin	4
25593	burgenarchiv	4
25594	krais	4
25595	lippe-detmold	4
25596	rstenbrief	4
25597	abgedruckt	4
25598	reyscher	4
25599	vollst	4
25600	kritisch	4
25601	bearbeitete	4
25602	rttembergischen	4
25603	gesetze	4
25604	uni-protokolle	4
25605	protokolle	4
25606	iarlachd-crìche	4
25607	regionalgeschichte	4
25608	texte	4
25609	ereignisse-und-fakten	4
25610	der-rheinbund	4
25611	juillet	4
25612	rsten	4
25613	co-chaidreachais	4
25614	schleiz	4
25615	hs-mainz	4
25616	stàit-pupaid	4
25617	arenberg-meppen	4
25618	gheallaidh	4
25619	verfassungen	4
25620	projekte	4
25621	jahrhunderts	4
25622	prìomh-ghineadas	4
25623	phrìomh-ghineadais	4
25624	th-january	4
25625	primogeniture-the-principle-of-primogeniture-is-on	4
25626	victorian	4
25627	waldeck-prymont	4
25628	kaid	4
25629	verden	4
25630	sagsainn-weimar-eisenach	4
25631	ghlas-bheinn	4
25632	hessen-kassel	4
25633	queens	4
25634	riabhachan	4
25635	mullardoch-munros	4
25636	mhullardoch	4
25637	dritten	4
25638	lau	4
25639	loidse	4
25640	chràileag	4
25641	merck	4
25642	oberpfalz	4
25643	dh'frithealaich	4
25644	ghera	4
25645	chinn-dearg	4
25646	comhstri	4
25647	cantos	4
25648	meatailteach	4
25649	weimarer-republik	4
25650	annales	4
25651	fànas-long	4
25652	sputnic	4
25653	shot	4
25654	schmidt	4
25655	sagsainn-coburg	4
25656	ummerstadt	4
25657	damian	4
25658	eiffel	4
25659	sito	4
25660	lus-eòlaichean	4
25661	heike	4
25662	kamerlingh	4
25663	onnes	4
25664	manne	4
25665	yang	4
25666	igor	4
25667	alfv	4
25668	pyotr	4
25669	veltman	4
25670	sgìne	4
25671	histoires	4
25672	materiale	4
25673	schutzstaffel	4
25674	rij	4
25675	kir	4
25676	libu	4
25677	carthanais	4
25678	teatar	4
25679	fosfor	4
25680	teicnetium	4
25681	rutenium	4
25682	lantanum	4
25683	eòrpium	4
25684	renium	4
25685	haloidean	4
25686	dokumente	4
25687	fannaich	4
25688	meadhan-albais	4
25689	darien	4
25690	ceapraichean	4
25691	beinndearg	4
25692	cumhaichean	4
25693	strathfarrar-munros	4
25694	textcolor	4
25695	gèadh-glas	4
25696	chrissie	4
25697	gleouraich	4
25698	gairich	4
25699	fiaclaireachd	4
25700	tabhartasan	4
25701	leanne	4
25702	choingheal	4
25703	abbaye	4
25704	ro-dheasaichte	4
25705	foirlionadh	4
25706	maclaomainn	4
25707	outlander	4
25708	slopes	4
25709	peithirean	4
25710	criostalach	4
25711	pitchblende	4
25712	bose	4
25713	sulfat	4
25714	ilo	4
25715	thuarastail	4
25716	talaidh	4
25717	galissard	4
25718	marignac	4
25719	choireadail	4
25720	shirazi	4
25721	corsock	4
25722	crocketford	4
25723	niùtronan	4
25724	white-space	4
25725	eileagtroin	4
25726	mosander	4
25727	ogsaideachaidh	4
25728	dcolvend	4
25729	mhanifesto	4
25730	sligheadaireachd	4
25731	dubh-choimeasg	4
25732	smithson	4
25733	lynedardy	4
25734	vinquin	4
25735	glower	4
25736	elrig	4
25737	bhrùthaidh	4
25738	arbor	4
25739	pegal	4
25740	martes	4
25741	dhubhais	4
25742	neoiterbium	4
25743	tomadan	4
25744	gnàth-eileamaid	4
25745	placenameshighla	4
25746	macbuoft	4
25747	sruighea	4
25748	chanadian	4
25749	mòr-geograph	4
25750	maiar	4
25751	raiders	4
25752	gaor	4
25753	iar-theachdaiche	4
25754	fhoillseachaidh	4
25755	oganessian	4
25756	copernicium	4
25757	flerovium	4
25758	maicreosgopaidh	4
25759	rèidhidheachd	4
25760	sholais	4
25761	mhax	4
25762	aziz	4
25763	solution	4
25764	t-eileanach	4
25765	behn	4
25766	tomb	4
25767	colecci	4
25768	impis	4
25769	tropical	4
25770	novela	4
25771	crex	4
25772	neale	4
25773	hanvey	4
25774	rifkind	4
25775	fedinburgh	4
25776	hanawalt	4
25777	coontz	4
25778	luiten	4
25779	zanden	4
25780	wally	4
25781	fhalamhachd	4
25782	fìneachan	4
25783	ghiorrachadh	4
25784	h-èirigh	4
25785	joel	4
25786	teannachaidh	4
25787	pizano	4
25788	dh'fhàilnig	4
25789	d-leud	4
25790	bnò	4
25791	rangachd	4
25792	minisdos	4
25793	tweeddale	4
25794	dicas	4
25795	fnorth	4
25796	dhèilig	4
25797	pool-billiard	4
25798	productos	4
25799	gordillo	4
25800	beamish	4
25801	granton	4
25802	chonnolly	4
25803	piarais	4
25804	parsons	4
25805	leth-shligheach	4
25806	news-detail	4
25807	discovery-and-assignment-of-elements-with-atomic-numbers	4
25808	jeane	4
25809	coffey	4
25810	wheelhouse	4
25811	whittle	4
25812	balance	4
25813	dlùth-phàirteachas	4
25814	ceilt-ibearaich	4
25815	ròmaich	4
25816	internacionales	4
25817	revenge	4
25818	findlay	4
25819	mcgrigor	4
25820	caradoc	4
25821	eluned	4
25822	cadwgan	4
25823	bleddyn	4
25824	fychan	4
25825	lewys	4
25826	elis	4
25827	llanafan	4
25828	nicholl	4
25829	barker	4
25830	williams-wynn	4
25831	abererch	4
25832	cadwaladr	4
25833	breese	4
25834	edmunds	4
25835	nathaniel	4
25836	hamer	4
25837	sauvage	4
25838	tanner	4
25839	perkins	4
25840	rosser	4
25841	livesey	4
25842	dodd	4
25843	lou	4
25844	brett	4
25845	hooson	4
25846	robson	4
25847	beynon	4
25848	bebb	4
25849	smart	4
25850	finch	4
25851	rhisiart	4
25852	bassett	4
25853	gerallt	4
25854	lynne	4
25855	betty	4
25856	owens	4
25857	trefor	4
25858	hawkins	4
25859	alwyn	4
25860	eirian	4
25861	gwyneth	4
25862	declan	4
25863	arfon	4
25864	stringer	4
25865	o'sullivan	4
25866	quinnell	4
25867	garner	4
25868	ashton	4
25869	bryant	4
25870	guto	4
25871	elin	4
25872	jonny	4
25873	rhun	4
25874	blackman	4
25875	bibby	4
25876	gilruth	4
25877	gougeon	4
25878	altaussee	4
25879	juden	4
25880	ùr-ghnàthachadh	4
25881	sumburgh	4
25882	niteworks	4
25883	bhoris	4
25884	vitae	4
25885	dyson	4
25886	ìonaid	4
25887	fitem	4
25888	fpob	4
25889	spark	4
25890	chon-dobhraid	4
25891	challenge	4
25892	viken	4
25893	bellman	4
25894	konstn	4
25895	kultur-noje	4
25896	zenitkultur	4
25897	ortshistoria	4
25898	rmlands	4
25899	personen	4
25900	sparre	4
25901	ble	4
25902	gotlands	4
25903	colbhaiche	4
25904	entfernungsrechner	4
25905	probhail	4
25906	teatern	4
25907	cmyxmgnovgd	4
25908	tnpvek	4
25909	eqtvnve	4
25910	historien	4
25911	synchronkartei	4
25912	reningen	4
25913	tider	4
25914	slam	4
25915	replacing	4
25916	filmportal	4
25917	ukraine's	4
25918	soul	4
25919	tataraich	4
25920	yahoo	4
25921	tatar	4
25922	represent	4
25923	nicolson's	4
25924	singleresult	4
25925	mwe	4
25926	bhoitnia	4
25927	meri	4
25928	plansch	4
25929	shoithichean	4
25930	feneri	4
25931	àigeanach	4
25932	errunkown	4
25933	scan	4
25934	argst	4
25935	atleast	4
25936	type-checks	4
25937	removeinitialcolon	4
25938	findnamespaceid	4
25939	removecolon	4
25940	colons	4
25941	helptext	4
25942	nonexistent	4
25943	stringifylist	4
25944	ignoring	4
25945	manually	4
25946	maxn	4
25947	fortable	4
25948	extratext	4
25949	ended	4
25950	strlist	4
25951	forseestr	4
25952	milligrams	4
25953	liter	4
25954	gev	4
25955	tev	4
25956	billionth	4
25957	billionths	4
25958	decillion	4
25959	decillionth	4
25960	decillionths	4
25961	nonillion	4
25962	nonillionth	4
25963	nonillionths	4
25964	octillion	4
25965	octillionth	4
25966	octillionths	4
25967	quadrillion	4
25968	quadrillionth	4
25969	quadrillionths	4
25970	quintillion	4
25971	quintillionth	4
25972	quintillionths	4
25973	septillion	4
25974	septillionth	4
25975	septillionths	4
25976	sextillion	4
25977	sextillionth	4
25978	sextillionths	4
25979	trillionth	4
25980	trillionths	4
25981	àireamhachadh	4
25982	shotcut	4
25983	ppen	4
25984	boinnealaich	4
25985	dheatach	4
25986	bipm	4
25987	deataich	4
25988	sàthachd	4
25989	nanomeatair	4
25990	marxists	4
25991	muzeum-niepodleglosci	4
25992	xpawilon	4
25993	jaroslaw-dabrowski	4
25994	muzeum	4
25995	niepodleg	4
25996	warszawie	4
25997	monarcach	4
25998	monarchy	4
25999	ufcg	4
26000	eniro	4
26001	lanntair	4
26002	comaigean	4
26003	muraisc	4
26004	aisl	4
26005	h-aisl	4
26006	chonradh	4
26007	chunntasair	4
26008	flada	4
26009	roimh-òrduchadh	4
26010	gnothachais	4
26011	fulgencio	4
26012	banes	4
26013	rdia	4
26014	leonardoboff	4
26015	rahner	4
26016	stepanovich	4
26017	spaceflight	4
26018	alexey	4
26019	arkhipovich	4
26020	soyuz	4
26021	mchale	4
26022	arnaldo	4
26023	christer	4
26024	transylvania	4
26025	shèist	4
26026	chaid	4
26027	rogart	4
26028	leas-chathraiche	4
26029	còinnich	4
26030	uici	4
26031	part-time	4
26032	getting	4
26033	skills	4
26034	skibbereen	4
26035	uadail	4
26036	mains	4
26037	tutankhamen	4
26038	amarna	4
26039	hawass	4
26040	zahi	4
26041	mhumaidh	4
26042	piuthair	4
26043	teans	4
26044	tutankhamun's	4
26045	nefertiti	4
26046	sganaichean	4
26047	neferneferuaten	4
26048	cuhna	4
26049	cuairtean-labhairt	4
26050	derived	4
26051	served	4
26052	activity	4
26053	wikimedians	4
26054	helder	4
26055	yang-mills	4
26056	torraidhean	4
26057	waalwijk	4
26058	nijkerk	4
26059	zaanstad	4
26060	sad	4
26061	exilio	4
26062	m'ainm	4
26063	post-d	4
26064	foillsich	4
26065	avoch	4
26066	gemeinden	4
26067	stredovek	4
26068	plze	4
26069	reichenberg	4
26070	hungarorum	4
26071	einer	4
26072	heydrich	4
26073	property-not-found	4
26074	qualifier-not-found	4
26075	decade	4
26076	addpencil	4
26077	categorylabels	4
26078	untranslated	4
26079	getfallbacksfor	4
26080	localcase	4
26081	phab	4
26082	genderid	4
26083	addlabelicon	4
26084	addediticon	4
26085	printdatatypestring	4
26086	expandbraces	4
26087	exponent	4
26088	decimals	4
26089	resolveentityid	4
26090	formattime	4
26091	wikibase-property	4
26092	reset	4
26093	internallink	4
26094	getentityidfortitle	4
26095	validref	4
26096	snakval	4
26097	snaksorder	4
26098	gsplit	4
26099	labelfilter	4
26100	showlabellist	4
26101	calculate	4
26102	underscores	4
26103	delinklinkclass	4
26104	de-link	4
26105	uniq	4
26106	qinu	4
26107	sizedefault	4
26108	headerclass	4
26109	headerstyle	4
26110	rendertitle	4
26111	rendersubheaders	4
26112	subheadernums	4
26113	subheaderclass	4
26114	renderimages	4
26115	imagenums	4
26116	imagerowclass	4
26117	renderrows	4
26118	renderitalictitle	4
26119	decat	4
26120	dependargname	4
26121	invoking	4
26122	getparameters	4
26123	nomatch	4
26124	datac	4
26125	knownargs	4
26126	regexps	4
26127	mheadhan-thìriche	4
26128	hurriyet	4
26129	àigeanaiche	4
26130	minorities	4
26131	greece	4
26132	niversitesi	4
26133	milliyet	4
26134	curdais	4
26135	kon	4
26136	biyografya	4
26137	erdine	4
26138	andrsei	4
26139	turks	4
26140	knot	4
26141	zachariadis	4
26142	students	4
26143	recep	4
26144	modaratach	4
26145	oghuz	4
26146	factions	4
26147	immediate	4
26148	fhiabhras-bhallach	4
26149	ghorseinon	4
26150	taisbeanaidh	4
26151	illiteracy	4
26152	stuart-smith	4
26153	despite	4
26154	clergy	4
26155	adopted	4
26156	widespread	4
26157	covenanter	4
26158	glorious	4
26159	described	4
26160	nobility	4
26161	compulsory	4
26162	soldiers	4
26163	troops	4
26164	heavy	4
26165	leaders	4
26166	infantry	4
26167	incorporated	4
26168	learners	4
26169	tasks	4
26170	neo-ghnìomhach	4
26171	rèiseadh	4
26172	cinneachail	4
26173	aithniche	4
26174	find-b	4
26175	gionnaires	4
26176	e-lir	4
26177	researcherid	4
26178	cinii	4
26179	snac	4
26180	canusewikidata	4
26181	createrow	4
26182	swap	4
26183	changer	4
26184	groupcell	4
26185	listcell	4
26186	navboxclass	4
26187	regis	4
26188	philbin	4
26189	accepting	4
26190	week	4
26191	happoshu	4
26192	staidhinis	4
26193	lfsson	4
26194	ghailearaidh	4
26195	brandeis	4
26196	sanitizedataset	4
26197	numonly	4
26198	paramorder	4
26199	legacytemplatedatacategoryname	4
26200	mundsd	4
26201	orger	4
26202	gunnarsd	4
26203	svona-bua-radherrarnir	4
26204	t-al	4
26205	icelandroadguide	4
26206	egill	4
26207	skagafj	4
26208	rdal	4
26209	hinn	4
26210	os-fhìreachas	4
26211	eyjan	4
26212	jskole	4
26213	gunnlaugsson	4
26214	triobaid	4
26215	borgarbygg	4
26216	vilhj	4
26217	bessasta	4
26218	smundsson	4
26219	austfir	4
26220	lendingafj	4
26221	landsbanki	4
26222	steinbj	4
26223	eyvindur	4
26224	vestradals	4
26225	neach-frithealaidh	4
26226	verslunarmannaf	4
26227	skalholt	4
26228	gabygg	4
26229	orrasa	4
26230	isko	4
26231	fuendetodos	4
26232	manudur	4
26233	komu	4
26234	safold	4
26235	guf	4
26236	speisealaichte	4
26237	schola	4
26238	ingimundur	4
26239	prospects	4
26240	dumpobject	4
26241	pretty	4
26242	lamborghini	4
26243	edison	4
26244	westinghouse	4
26245	ciùbachas	4
26246	severin	4
26247	shaor-là	4
26248	dathaichean	4
26249	intelligence	4
26250	mbselect	4
26251	alldone	4
26252	outfuncs	4
26253	selfclosing	4
26254	inhtml	4
26255	unbuild	4
26256	rebuild	4
26257	nether	4
26258	beul-aithrisiche	4
26259	goi	4
26260	bhimrao	4
26261	chonservatoire	4
26262	garcilaso	4
26263	paton	4
26264	mcilvanney	4
26265	chia-aig	4
26266	ceann-fionn	4
26267	gearra-bhall	4
26268	juniors	4
26269	referenceurl	4
26270	hooknames	4
26271	sourcedonly	4
26272	insitelinks	4
26273	concatvalues	4
26274	yfull	4
26275	calendarid	4
26276	mayaddcalendar	4
26277	latdegsym	4
26278	londegsym	4
26279	secsymbol	4
26280	latminsym	4
26281	lonminsym	4
26282	toolforge	4
26283	processflagorcommand	4
26284	processseparators	4
26285	setformatandseparators	4
26286	citeconfig	4
26287	citeerrors	4
26288	getreferencedetail	4
26289	tried	4
26290	propert	4
26291	gethookname	4
26292	sitelinks	4
26293	àranais	4
26294	mazepin	4
26295	internazionale	4
26296	suzuka	4
26297	emi	4
26298	t-seisean	4
26299	ghrand	4
26300	sai	4
26301	racing-rbpt	4
26302	chlàir-ama	4
26303	xcas	4
26304	hillington	4
26305	minecraft	4
26306	uabhsach	4
26307	tul	4
26308	eylau	4
26309	copla	4
26310	ngora	4
26311	thriobaid	4
26312	dhiùilt	4
26313	relation	4
26314	ibèir	4
26315	spains	4
26316	bhaeza	4
26317	al-bayasi	4
26318	inka	4
26319	campa-prìosain	4
26320	hessen-homburg	4
26321	weiden	4
26322	goebbels	4
26323	ului	4
26324	moesia	4
26325	inferior	4
26326	ialomi	4
26327	chomunnaich	4
26328	giurescu	4
26329	uniunea	4
26330	dulescu	4
26331	romberke	4
26332	marosv	4
26333	teleorman	4
26334	lcea	4
26335	lyi	4
26336	basarabi	4
26337	mion-chuidean	4
26338	radu	4
26339	marian	4
26340	lugos	4
26341	sighet	4
26342	sighetu	4
26343	marma	4
26344	alexandru	4
26345	feimineach	4
26346	stòthachd	4
26347	corneliu	4
26348	rabaidh	4
26349	llull	4
26350	pumpadh	4
26351	bìorasan	4
26352	peoplepill	4
26353	bith-eòlaichean	4
26354	vort	4
26355	taiwanese	4
26356	frem	4
26357	urn	4
26358	kyivshchyna	4
26359	hetmanshchyna	4
26360	chosagach	4
26361	journall	4
26362	chernihivska	4
26363	ternopilska	4
26364	khersonska	4
26365	opanas	4
26366	slastion	4
26367	velyki	4
26368	zhvanetska	4
26369	kirovohradshchyna	4
26370	oslavy	4
26371	rivnenska	4
26372	borodianka	4
26373	cosagaich	4
26374	popasna	4
26375	uck	4
26376	petrov	4
26377	pidmohylny	4
26378	ghulag	4
26379	moshe	4
26380	novospasivka	4
26381	cdate	4
26382	missinginfocat	4
26383	rounded	4
26384	q-id	4
26385	createicon	4
26386	non-empty	4
26387	comma-separated	4
26388	monolingual	4
26389	qnumber	4
26390	upb	4
26391	lowb	4
26392	getvaluebylang	4
26393	inst	4
26394	instid	4
26395	propvalue	4
26396	fprop	4
26397	ftable	4
26398	qlcode	4
26399	item's	4
26400	qplist	4
26401	q-number	4
26402	examined	4
26403	linkedid	4
26404	be-tarask	4
26405	showdab	4
26406	lèth	4
26407	interfax	4
26408	sharansky	4
26409	franciszek	4
26410	lemberg	4
26411	zwi	4
26412	òrcan	4
26413	h-eilf	4
26414	infobox-image	4
26415	ioma-aonad	4
26416	dmso	4
26417	dealain-dìosal	4
26418	hitachi	4
26419	faclan-luirg	4
26420	adenine	4
26421	tonal	4
26422	authorities	4
26423	mixtape	4
26424	stiùdeo	4
26425	sgeinean-dubha	4
26426	innt	4
26427	leò	4
26428	trams	4
26429	schiemann	4
26430	trackless	4
26431	imbox-license	4
26432	nsstripped	4
26433	draft	4
26434	afterword	4
26435	doi-access	4
26436	asintld	4
26437	conference-url	4
26438	air-date	4
26439	interviewer-link	4
26440	interviewer-mask	4
26441	autumn	4
26442	mdy-all	4
26443	modifier	4
26444	indexes	4
26445	spelled	4
26446	alemannisch	4
26447	valencian	4
26448	kven	4
26449	free-to-read	4
26450	gji	4
26451	message-id	4
26452	unflagged	4
26453	expired	4
26454	info-uri	4
26455	eprint	4
26456	zbmath	4
26457	mathscinet	4
26458	emdash	4
26459	semestral	4
26460	year-initial	4
26461	month-initial	4
26462	month-day-range	4
26463	four-digit	4
26464	archive-dates	4
26465	setup	4
26466	validator	4
26467	calculates	4
26468	non-isxn	4
26469	validates	4
26470	calculated	4
26471	capitalize	4
26472	isindefaultactivenamespace	4
26473	defaultnamespaceskey	4
26474	alphabets	4
26475	checkportals	4
26476	defaultused	4
26477	dupes	4
26478	sdesc	4
26479	list-style-type	4
26480	liststyletype	4
26481	makelist	4
26482	makeinvokefunction	4
26483	alphabetical	4
26484	basketball	4
26485	showmessage	4
26486	makelink	4
26487	addshowlist	4
26488	suppressedbyproperty	4
26489	bahamas	4
26490	upcase	4
26491	firstcolon	4
26492	hasgallery	4
26493	hascategory	4
26494	friendlyns	4
26495	defaultcategory	4
26496	onesearch	4
26497	selecttrackingcat	4
26498	parselink	4
26499	prehash	4
26500	posthash	4
26501	catmissing	4
26502	ifexists	4
26503	margin-right	4
26504	portalmodule	4
26505	logobject	4
26506	article-link	4
26507	list-separator	4
26508	brahms	4
26509	ircam	4
26510	bahn	4
26511	ebidat	4
26512	trimcache	4
26513	cheaptrim	4
26514	lowend	4
26515	endingtagstart	4
26516	dontescape	4
26517	appendtext	4
26518	openbrackets	4
26519	latestobject	4
26520	grouped	4
26521	lime	4
26522	moshlings	4
26523	cluichidhean	4
26524	arteta	4
26525	bhuannaichean	4
26526	t-seusain	4
26527	pasganan	4
26528	caillou	4
26529	sgnames	4
26530	fullscreen	4
26531	darkblue	4
26532	fillcommas	4
26533	searchitem	4
26534	parseshapetypes	4
26535	maptogrid	4
26536	radians	4
26537	dotlabel	4
26538	imagename	4
26539	ppwidth	4
26540	photoimage	4
26541	mlstyle	4
26542	autodottag	4
26543	mark-lat	4
26544	mark-lon	4
26545	dateline	4
26546	nomap	4
26547	nolist	4
26548	shifth	4
26549	border-radius	4
26550	ellipse	4
26551	makelineto	4
26552	getshapetable	4
26553	fill-opacity	4
26554	geoline	4
26555	mapsparql	4
26556	minifile	4
26557	minibh	4
26558	minimap	4
26559	minitop	4
26560	arctext	4
26561	arcradius	4
26562	templon	4
26563	legendline	4
26564	mapstyle	4
26565	minipos	4
26566	useformatstyle	4
26567	arcletter	4
26568	dotgroup	4
26569	captionlist	4
26570	frame-height	4
26571	overlayborder	4
26572	overlayhorizontalalignment	4
26573	overlayverticalalignment	4
26574	overlayhorizontaloffset	4
26575	overlayverticaloffset	4
26576	nonamedcoords	4
26577	shape-inverse	4
26578	namedcoords	4
26579	expandedtemplate	4
26580	coordspatt	4
26581	hasnovalue	4
26582	horizontaloffset	4
26583	verticaloffset	4
26584	containerstyle	4
26585	shouldautorun	4
26586	argsfromauto	4
26587	maskitemlabel	4
26588	hasosmrelationid	4
26589	hasgeoshape	4
26590	forcepoint	4
26591	suppresspoint	4
26592	showmarker	4
26593	zoomed	4
26594	cathrachd	4
26595	murrhardt	4
26596	zdob	4
26597	zdub	4
26598	sunstroke	4
26599	shakira	4
26600	filey	4
26601	h-aistidhean	3
26602	ìsleachadh	3
26603	tiomnaichte	3
26604	seann-ghreugais	3
26605	seem	3
26606	pairc	3
26607	buillsgean	3
26608	matamataichean	3
26609	rianas	3
26610	sinnsirean	3
26611	dh'fhuasgladh	3
26612	matamataige	3
26613	featured	3
26614	owners	3
26615	collective	3
26616	principles	3
26617	potential	3
26618	seek	3
26619	professional	3
26620	peer	3
26621	duty	3
26622	implied	3
26623	sought	3
26624	freely	3
26625	bhith-eòlaiche	3
26626	wife	3
26627	blanking	3
26628	miserable	3
26629	entire	3
26630	edits	3
26631	mandatory	3
26632	saving	3
26633	linking	3
26634	acct	3
26635	accounts	3
26636	agrees	3
26637	oldest	3
26638	userlogin	3
26639	passwords	3
26640	succeeded	3
26641	accordance	3
26642	citing	3
26643	broken	3
26644	cached	3
26645	cancel	3
26646	revert	3
26647	safari	3
26648	yourself	3
26649	illegal	3
26650	developer	3
26651	positives	3
26652	disable	3
26653	estimate	3
26654	transformed	3
26655	remember	3
26656	fileexists	3
26657	successfully	3
26658	whom	3
26659	intl	3
26660	locked	3
26661	requiring	3
26662	logout	3
26663	mainpage	3
26664	everyday	3
26665	latex	3
26666	lexing	3
26667	movepage	3
26668	reul-chriosan	3
26669	innlich	3
26670	h-oifigear	3
26671	dìonaidh	3
26672	engineer	3
26673	mhuiltean	3
26674	ioma-fhillte	3
26675	t-seann-ghàidhlig	3
26676	chunnt	3
26677	sìor-chrìonadh	3
26678	teleg	3
26679	dà-fhoghair	3
26680	fòill	3
26681	còsagail	3
26682	geòlasaich	3
26683	tìr-imrich	3
26684	dùblachadh	3
26685	t-suidhe	3
26686	tchaikovsky	3
26687	kyles	3
26688	buadh	3
26689	iligeas	3
26690	dhealbhas	3
26691	bheartach	3
26692	sumer	3
26693	mheadhanan	3
26694	dhomhain	3
26695	seventeen	3
26696	sixpence	3
26697	fhaighneachd	3
26698	toileachas	3
26699	luchd-dàimh	3
26700	duanairean	3
26701	reothairt	3
26702	conntraigh	3
26703	bhuaireadh	3
26704	l'europe	3
26705	commerce	3
26706	mòr-thaitneach	3
26707	abhaisteach	3
26708	seiche	3
26709	cunntachail	3
26710	ath-st	3
26711	eagaireachd	3
26712	dhleasdanas	3
26713	fheadar	3
26714	maoinichte	3
26715	ceithir-deug	3
26716	t-sianal	3
26717	lochabar	3
26718	previousresults	3
26719	chùise	3
26720	h-inntinne	3
26721	hildegard	3
26722	caitligeachd	3
26723	aquinas	3
26724	kierkegaard	3
26725	leir-suim	3
26726	dhiathan	3
26727	gàirnealaireachd	3
26728	english-gaelic	3
26729	lìonraidhean	3
26730	choimpiutairean	3
26731	bhrabhsadh	3
26732	visitscotland	3
26733	cheanannais	3
26734	soisgeulan	3
26735	tìreachas	3
26736	balkan	3
26737	slògh	3
26738	moselle	3
26739	chlagan	3
26740	ghaisgich	3
26741	chumaidhean	3
26742	dhomhainn	3
26743	cleachdta	3
26744	govan	3
26745	southside	3
26746	anderston	3
26747	hillhead	3
26748	drumchapel	3
26749	shettleston	3
26750	tàin	3
26751	fhaiche	3
26752	reubadh	3
26753	ordo	3
26754	fìleam	3
26755	sheilbheas	3
26756	ghabhaltach	3
26757	gabhaltasan	3
26758	fhuadaich	3
26759	lodaidh	3
26760	galltachd	3
26761	larson	3
26762	bono	3
26763	leighis-inntinn	3
26764	rkiye	3
26765	gnè-sgrìobhaidh	3
26766	satyricon	3
26767	saavedra	3
26768	fear-leasachaidh	3
26769	barabal	3
26770	eneas	3
26771	frangag	3
26772	gràinne	3
26773	slàine	3
26774	sorcha	3
26775	ùna	3
26776	samhailean	3
26777	xandros	3
26778	amhla	3
26779	anndrais	3
26780	aodhag	3
26781	airt	3
26782	arto-r	3
26783	baodan	3
26784	bearach	3
26785	cailbhin	3
26786	camran	3
26787	caomhan	3
26788	cathalan	3
26789	comh	3
26790	connan	3
26791	corc	3
26792	cormag	3
26793	cosgrach	3
26794	cuithbeirt	3
26795	donnach	3
26796	donnchaidh	3
26797	goraidh	3
26798	guirmean	3
26799	lachunn	3
26800	lucais	3
26801	lùcais	3
26802	naomhan	3
26803	sgot	3
26804	sionn	3
26805	sòlas	3
26806	deasachd	3
26807	chomharraicheas	3
26808	chleasaichean	3
26809	murrayfield	3
26810	grange	3
26811	angelina	3
26812	dealbhadairean	3
26813	neo-phàirteil	3
26814	mouse	3
26815	abram	3
26816	caius	3
26817	simeon	3
26818	abstoil	3
26819	etheldreda	3
26820	fabian	3
26821	whitby	3
26822	hubertus	3
26823	innocent	3
26824	eòsaph	3
26825	josephine	3
26826	lazarus	3
26827	aka	3
26828	paschal	3
26829	pio	3
26830	ferrer	3
26831	wilfrid	3
26832	paid	3
26833	champion	3
26834	ion-dhìon	3
26835	peirse	3
26836	buinteanas	3
26837	kana	3
26838	gakken	3
26839	coimeasgachadh	3
26840	mhàthaireil	3
26841	peninsular	3
26842	brùnaigh	3
26843	marquez	3
26844	t-siria	3
26845	judea	3
26846	t-sneachda	3
26847	neo-eisimeil	3
26848	goa	3
26849	karnataka	3
26850	rajasthan	3
26851	nadu	3
26852	tripura	3
26853	jammu	3
26854	kashmir	3
26855	ladakh	3
26856	puducherry	3
26857	bharatiya	3
26858	janta	3
26859	kumar	3
26860	nda	3
26861	orissa	3
26862	taj	3
26863	h-èipheite	3
26864	berber	3
26865	saothraiche	3
26866	duthaich	3
26867	henricus	3
26868	t-acadamh	3
26869	duflo	3
26870	samuelson	3
26871	kantorovich	3
26872	tjalling	3
26873	koopmans	3
26874	bertil	3
26875	ohlin	3
26876	schultz	3
26877	solow	3
26878	fogel	3
26879	heckman	3
26880	kahneman	3
26881	diamond	3
26882	sargent	3
26883	sims	3
26884	cordon	3
26885	sudsverige	3
26886	chlo-bhualadh	3
26887	mharxach	3
26888	dòigh-dhèanaimh	3
26889	cuid-seilbhe	3
26890	chluicheas	3
26891	crainn	3
26892	walpole	3
26893	orford	3
26894	devonshire	3
26895	phortland	3
26896	perceval	3
26897	jenkinson	3
26898	sealadach	3
26899	disraeli	3
26900	campbell-bannerman	3
26901	truss	3
26902	yarra	3
26903	higgins	3
26904	lowe	3
26905	abbott	3
26906	coisdealbha	3
26907	garret	3
26908	bruton	3
26909	cowen	3
26910	varadkar	3
26911	poileataiceach	3
26912	bhfiann	3
26913	chaomh	3
26914	libh	3
26915	inig	3
26916	anocht	3
26917	shinnsear	3
26918	m'a	3
26919	caid	3
26920	cad	3
26921	aym	3
26922	isteach	3
26923	bliain	3
26924	rialtas	3
26925	tìr-mhòir	3
26926	sì	3
26927	ciao	3
26928	ringrazio	3
26929	sono	3
26930	cosa	3
26931	dove	3
26932	capisco	3
26933	ragione	3
26934	torto	3
26935	visigoths	3
26936	almirante	3
26937	patagonia	3
26938	glaodh	3
26939	guacamole	3
26940	pira	3
26941	piranha	3
26942	wallon	3
26943	goodbye	3
26944	border-color	3
26945	chanan	3
26946	enje	3
26947	lice	3
26948	dobry	3
26949	tuislean	3
26950	buinnidh	3
26951	b'iad	3
26952	sòrbaich	3
26953	dok	3
26954	bericht	3
26955	listedeclarations	3
26956	rosgrann	3
26957	iliad	3
26958	pahlavi	3
26959	bhudda	3
26960	buddhism	3
26961	gurmukhi	3
26962	agricola	3
26963	fionn-ungaireach	3
26964	bhruidhnear	3
26965	laidin	3
26966	laimrigean	3
26967	choigreach	3
26968	poileataigeachd	3
26969	diombach	3
26970	nicht	3
26971	sony	3
26972	ràining	3
26973	lur	3
26974	chidsin	3
26975	nynorsk	3
26976	kristiania	3
26977	olaind	3
26978	helsing	3
26979	akademin	3
26980	fhosgaladh	3
26981	banality	3
26982	tome	3
26983	teroarea	3
26984	statul	3
26985	ienesc	3
26986	bhrùideile	3
26987	craonadh	3
26988	neach-fiosrachaidh	3
26989	deachdairean	3
26990	sof	3
26991	mammal	3
26992	mosque	3
26993	tamils	3
26994	tibeit	3
26995	tibeiteach	3
26996	budaich	3
26997	duitseis	3
26998	acht	3
26999	aktion	3
27000	machen	3
27001	nine	3
27002	regen	3
27003	ndebele	3
27004	cheann-cinnidh	3
27005	welkom	3
27006	niet	3
27007	rvid	3
27008	fels	3
27009	baeyer	3
27010	lindqvist	3
27011	brahe	3
27012	fèin-dhealbh	3
27013	wycombe	3
27014	recognition	3
27015	soddy	3
27016	bùth-chungaidhean	3
27017	h-iongantach	3
27018	irène	3
27019	muralto	3
27020	chatailist	3
27021	cherbourg-octeville	3
27022	eastbourne	3
27023	rèidio-beò	3
27024	pregl	3
27025	uimhireil	3
27026	butenandt	3
27027	langmuir	3
27028	deuchainne	3
27029	deuterium	3
27030	lehrbuch	3
27031	hawthorn	3
27032	hevesy	3
27033	batcheller	3
27034	redondo	3
27035	ishpeming	3
27036	sommerfeld	3
27037	pròtain	3
27038	rèidio-charboin	3
27039	helsa	3
27040	natta	3
27041	hodgkin	3
27042	wreyford	3
27043	hassel	3
27044	gables	3
27045	leloir	3
27046	bhuenos	3
27047	randallstown	3
27048	ribonuclease	3
27049	giullachd	3
27050	wittig	3
27051	cresskill	3
27052	herschbach	3
27053	yuan	3
27054	algairim	3
27055	zusamaltheim	3
27056	hartmut	3
27057	huber	3
27058	cech	3
27059	brenner	3
27060	blackpool	3
27061	jozef	3
27062	crutzen	3
27063	floyd	3
27064	brigham	3
27065	skou	3
27066	chuantamach	3
27067	heeger	3
27068	giùlanairean	3
27069	knowles	3
27070	sharpless	3
27071	thrich	3
27072	fenn	3
27073	koichi	3
27074	tanaka	3
27075	northfield	3
27076	airgeid	3
27077	kapital	3
27078	eaconamas	3
27079	dà-shealladh	3
27080	gibht	3
27081	chladaichean	3
27082	fithich	3
27083	coigrich	3
27084	bithibh	3
27085	chluinneas	3
27086	robhas	3
27087	shìth	3
27088	thlachdmhor	3
27089	athaisidh	3
27090	h-eighe	3
27091	a-rìs	3
27092	tàir	3
27093	brahan	3
27094	seer	3
27095	faileasan	3
27096	grànnda	3
27097	daineamaig	3
27098	phròiseasan	3
27099	cogaiseach	3
27100	henryk	3
27101	vadis	3
27102	polemb	3
27103	ambasada	3
27104	rzeczypospolitej	3
27105	berlinie	3
27106	kvikne	3
27107	kris	3
27108	wonderful	3
27109	sully	3
27110	christoph	3
27111	eucken	3
27112	aurich	3
27113	giosuè	3
27114	carducci	3
27115	psychology	3
27116	castries	3
27117	rolland	3
27118	nièvre	3
27119	hauptmann	3
27120	breabadairean	3
27121	housing	3
27122	censuses	3
27123	verner	3
27124	olshammar	3
27125	tessa	3
27126	mcgill	3
27127	bùth-leabhraichean	3
27128	d'honneur	3
27129	allail	3
27130	skedsmo	3
27131	selten	3
27132	oscars	3
27133	adolph	3
27134	sigrid	3
27135	schopenhauer	3
27136	galsworthy	3
27137	rigny	3
27138	orne	3
27139	shen	3
27140	hillsboro	3
27141	agrigento	3
27142	calw	3
27143	measarra	3
27144	gabriela	3
27145	frans	3
27146	byhalia	3
27147	blenheim	3
27148	woodstock	3
27149	oxfordshire	3
27150	hemingway	3
27151	nafn	3
27152	doctor	3
27153	moguer	3
27154	montgomery	3
27155	huntsville	3
27156	saint-john	3
27157	perse	3
27158	travnik	3
27159	anchorage	3
27160	steinbeck	3
27161	denver	3
27162	yasunari	3
27163	kawabata	3
27164	godot	3
27165	enicyn	3
27166	archipelago	3
27167	neruda	3
27168	wichita	3
27169	marcelino	3
27170	lachine	3
27171	taighean-stail	3
27172	mhassachusetts	3
27173	heraklion	3
27174	naidheachdair	3
27175	woethel	3
27176	captains	3
27177	soyinka	3
27178	alton	3
27179	walcott	3
27180	albuquerque	3
27181	harrisburg	3
27182	toni	3
27183	chloe	3
27184	pulitzer	3
27185	uchiko	3
27186	ehime	3
27187	rnik	3
27188	eachaidh	3
27189	rushmore	3
27190	olympia	3
27191	sheòras	3
27192	sopranos	3
27193	mòr-thìrean	3
27194	flòra	3
27195	fauna	3
27196	fredericton	3
27197	saskatoon	3
27198	whitehorse	3
27199	hogan	3
27200	lewes	3
27201	pailte	3
27202	astràlia	3
27203	botany	3
27204	dh'adhlaiceadh	3
27205	inseach	3
27206	amonn	3
27207	fein	3
27208	aikin	3
27209	priestley	3
27210	dharna	3
27211	foillseachain	3
27212	bhriseas	3
27213	ceartaichte	3
27214	teòiric	3
27215	mhaoinich	3
27216	nsted	3
27217	lowry	3
27218	lasadair	3
27219	t-sampla	3
27220	mannheim	3
27221	dupont	3
27222	dhotair-teaghlaich	3
27223	doisy	3
27224	josephus	3
27225	baptiste	3
27226	co-obraiche	3
27227	ehrlich	3
27228	neach-feallsanachd	3
27229	frumkin	3
27230	cheimigich	3
27231	tàthaidhean	3
27232	naomi	3
27233	cahn	3
27234	kekul	3
27235	shussex	3
27236	ìobairt	3
27237	siùbhlach	3
27238	umberto	3
27239	felice	3
27240	primolevi	3
27241	questo	3
27242	uomo	3
27243	lìbhrig	3
27244	dh'arm	3
27245	aitreabhan	3
27246	trom-inntinn	3
27247	historico	3
27248	ailpin	3
27249	dhòmhnall	3
27250	mac-mic	3
27251	chòiseim	3
27252	domnaill	3
27253	ildulb	3
27254	findl	3
27255	gruoch	3
27256	donnchada	3
27257	nickname	3
27258	categorisations	3
27259	density	3
27260	saint-denis	3
27261	disputed	3
27262	sahrawi	3
27263	occupy	3
27264	exclave	3
27265	bhutàin	3
27266	resort	3
27267	afghanistan	3
27268	omàin	3
27269	hejaz	3
27270	sìpreis	3
27271	bunaitean	3
27272	borneo	3
27273	skyline	3
27274	gambir	3
27275	initiative	3
27276	vessels	3
27277	patrol	3
27278	vital	3
27279	locomotive	3
27280	cabin	3
27281	laos	3
27282	filipìonan	3
27283	factbook	3
27284	casach	3
27285	nursultan	3
27286	luchd-fianais	3
27287	dushanbe	3
27288	stòrais	3
27289	fathannan	3
27290	monitor	3
27291	eritrea	3
27292	rubhanda	3
27293	mille	3
27294	bongo	3
27295	spàinnte	3
27296	sluagh-fhianaisean	3
27297	bhotsuana	3
27298	econ	3
27299	madagasgar	3
27300	mhalawi	3
27301	gions	3
27302	territoires	3
27303	d'outre-mer	3
27304	mhòsaimbic	3
27305	publik	3
27306	bàta-iasgaich	3
27307	swaziland	3
27308	thaghaidhean	3
27309	houphou	3
27310	t-boigny	3
27311	gaimbia	3
27312	face	3
27313	senegal	3
27314	h-oifis	3
27315	sheanagail	3
27316	ariannin	3
27317	altiplano	3
27318	waugh	3
27319	sùranam	3
27320	istmo	3
27321	deachdair	3
27322	shon-sa	3
27323	andres	3
27324	tet	3
27325	fìrean	3
27326	bolivariana	3
27327	bonaire	3
27328	sunset	3
27329	beiniseala	3
27330	eachdraidheal	3
27331	politica	3
27332	artaigeil	3
27333	rastafarachd	3
27334	diameuga	3
27335	donalda	3
27336	speuclairean	3
27337	sokr	3
27338	ephesus	3
27339	confucius	3
27340	ultimate	3
27341	wu	3
27342	horn	3
27343	trombaid	3
27344	trombaidean	3
27345	pongan	3
27346	co-chòrdail	3
27347	tiùba	3
27348	balg-sèididh	3
27349	putanan	3
27350	bogsa-piàna	3
27351	phutan	3
27352	giollachadh	3
27353	tollan	3
27354	ribheid	3
27355	siolandair	3
27356	beus-fhìdheall	3
27357	peart	3
27358	teudach	3
27359	chlàrsaichean	3
27360	liora	3
27361	chruit	3
27362	dh'àisia	3
27363	antoinette	3
27364	ceann-chinnidh	3
27365	ruaidhri	3
27366	làmh-chrann	3
27367	chlàrsair	3
27368	shìoda	3
27369	sheinneas	3
27370	ionnstramaid	3
27371	farsaingeach	3
27372	teinne	3
27373	bogsa-fuaime	3
27374	bheòshlaint	3
27375	soilleireachd	3
27376	lathaichean	3
27377	bun-loidhne	3
27378	làmh-sgrìobhaidhean	3
27379	rainnse	3
27380	cabadaich	3
27381	ruitheaman	3
27382	northlink	3
27383	trà	3
27384	vannin	3
27385	columbae	3
27386	deisciobal	3
27387	dunnet	3
27388	omand	3
27389	fàradh	3
27390	dùnrath	3
27391	sùdraichean	3
27392	sutors	3
27393	athfhinn	3
27394	porridge	3
27395	barley	3
27396	giollachais	3
27397	ola-fhrois-lìn	3
27398	chladhaich	3
27399	siapansaigh	3
27400	breizh	3
27401	thescottishsun	3
27402	dealbh-chluiche	3
27403	ath-sgrìobhadh	3
27404	yule	3
27405	afternoon	3
27406	thrusadh	3
27407	bogadh	3
27408	bhiastagan	3
27409	bhana-bhàrd	3
27410	clochar	3
27411	tosg	3
27412	marlon	3
27413	brando	3
27414	connie	3
27415	shire	3
27416	dh'fhilmichean	3
27417	micheal	3
27418	luchd-tòiseachaidh	3
27419	thabhainn	3
27420	thabhann	3
27421	bhuidseach	3
27422	nirvana	3
27423	t-soirbheas	3
27424	consairtean	3
27425	talking	3
27426	diuba	3
27427	pàirte	3
27428	eilean-ranntair	3
27429	especially	3
27430	gniomhacasan	3
27431	quay	3
27432	habhann	3
27433	luadh	3
27434	phasgadh	3
27435	paisgte	3
27436	tilgidh	3
27437	ceangalan	3
27438	muppet	3
27439	beachdair	3
27440	sgùmain	3
27441	ringo	3
27442	mòr-bhaile	3
27443	dheidh	3
27444	kintyre	3
27445	tanca	3
27446	doolish	3
27447	manainneach	3
27448	manninagh	3
27449	t'eh	3
27450	gee	3
27451	nane	3
27452	tuigeadh	3
27453	bertha	3
27454	constant	3
27455	tobias	3
27456	woodrow	3
27457	lange	3
27458	aristide	3
27459	trimble	3
27460	kailash	3
27461	bidhe	3
27462	dmitry	3
27463	saorsainnean	3
27464	beannchar	3
27465	dòrnais	3
27466	clàr-amais	3
27467	cuiribh	3
27468	leughas	3
27469	ghnàthachadh	3
27470	dheasaicheas	3
27471	mearachdan	3
27472	riatanaiche	3
27473	neo-phàirteachd	3
27474	sìobhaltachd	3
27475	t-sionnach	3
27476	mhaigheach	3
27477	fanaidh	3
27478	millteach	3
27479	gràineil	3
27480	fhogharaidh	3
27481	domesticus	3
27482	mucan	3
27483	leisg	3
27484	briod	3
27485	chultaran	3
27486	innealta	3
27487	tasgadh	3
27488	sapporo	3
27489	cortina	3
27490	xviii	3
27491	xxiv	3
27492	xxvii	3
27493	turin	3
27494	ghreenwich	3
27495	thrian	3
27496	aoil	3
27497	mhìn	3
27498	h-àitean	3
27499	tiorma	3
27500	chaoineachadh	3
27501	chuimsich	3
27502	h-aimsir	3
27503	galair	3
27504	buadhar	3
27505	cian-chonaltraidh	3
27506	fhòn	3
27507	telegraf	3
27508	reul-bhadan	3
27509	fearghasdan	3
27510	caileige	3
27511	fhrainge	3
27512	àrd-diùc	3
27513	este	3
27514	gavrilo	3
27515	chathan	3
27516	aineolach	3
27517	bhiorach	3
27518	loinne	3
27519	fhògarraich	3
27520	hallo	3
27521	comain	3
27522	cleachdair	3
27523	faa	3
27524	fear-ciùil	3
27525	bothy	3
27526	farsuinneachd	3
27527	sàbhail	3
27528	mhuncaidh	3
27529	mycobacterium	3
27530	tuberculosis	3
27531	fulangaiche	3
27532	àrainneachdan	3
27533	gobierno	3
27534	bhizkaia	3
27535	barscunes	3
27536	vascones	3
27537	compendio	3
27538	ainm-sluaigh	3
27539	aonaranach	3
27540	aquitania	3
27541	aquitanais	3
27542	fainne	3
27543	fhainne	3
27544	bilbo	3
27545	ghaidhealaich	3
27546	sheanmhar	3
27547	clilstore	3
27548	sgeidsichean	3
27549	chomadaidh	3
27550	adhaltranas	3
27551	clàraich	3
27552	draghannan	3
27553	dheasbad	3
27554	consultation	3
27555	sitewide	3
27556	serious	3
27557	soon	3
27558	helpful	3
27559	manage	3
27560	monty	3
27561	salmo	3
27562	fhìor-uisge	3
27563	leth-bhliadhna	3
27564	fheumadh	3
27565	robhanais	3
27566	boreray	3
27567	hunters	3
27568	peighinnean	3
27569	cleachte	3
27570	fund	3
27571	sùlairean	3
27572	t-sealg	3
27573	jubilee	3
27574	ironside	3
27575	àile-bheathail	3
27576	iom-obrachail	3
27577	dà-atamach	3
27578	funky	3
27579	chuirmean-ciùil	3
27580	disco	3
27581	threasamh	3
27582	wit	3
27583	wyman	3
27584	bhàthaich	3
27585	amar-snàimh	3
27586	cypress	3
27587	ish	3
27588	mi-laghail	3
27589	stri	3
27590	cinneasachadh	3
27591	spreadhach	3
27592	uaireadairean	3
27593	thuigeas	3
27594	rùnaichte	3
27595	fasach	3
27596	man's	3
27597	syne	3
27598	freagarraiche	3
27599	chuileagan	3
27600	coitcheanta	3
27601	eadhair	3
27602	fad-ùine	3
27603	stacan	3
27604	ballard	3
27605	marlyn	3
27606	chart	3
27607	macgoraidh	3
27608	macilleidich	3
27609	rosaidh	3
27610	cèit	3
27611	lèibhe	3
27612	nora	3
27613	ruskell	3
27614	swinburne	3
27615	saorstàit	3
27616	duirt	3
27617	eirri	3
27618	bheannaich	3
27619	kristnitakan	3
27620	worldpopulationreview	3
27621	luck	3
27622	chabhsair	3
27623	discography	3
27624	permanent	3
27625	notify	3
27626	debates	3
27627	estelada	3
27628	explained	3
27629	h-adhbharan	3
27630	yaeli	3
27631	ofir	3
27632	leasbaich	3
27633	tarraingiche	3
27634	shuidheachaidhean	3
27635	dromadair	3
27636	tuairisgeulan	3
27637	spock	3
27638	dà-ghnèitheachd	3
27639	suirgheil	3
27640	grèigis	3
27641	rannachd	3
27642	feòlmhorachd	3
27643	dearmad	3
27644	iomraitiche	3
27645	lucian	3
27646	chàirdeis	3
27647	grave	3
27648	laing	3
27649	t-sìorrachd	3
27650	searbhantan	3
27651	rivendell	3
27652	glice	3
27653	co-cheumnaichte	3
27654	tòiseachd	3
27655	mhordor	3
27656	marcach	3
27657	co-cheumaichte	3
27658	bèistean	3
27659	chaitheadh	3
27660	lothl	3
27661	sìolaichte	3
27662	ghràineil	3
27663	ghuthach	3
27664	dheòidh	3
27665	luais	3
27666	seinne	3
27667	binne	3
27668	beagnaich	3
27669	t-seòrs	3
27670	socraichte	3
27671	aidichte	3
27672	meòmhraichte	3
27673	co-cheòl	3
27674	brosnaichte	3
27675	freagarrachadh	3
27676	t-ùirsgeòil	3
27677	h-israel	3
27678	sleagh	3
27679	ceann-airm	3
27680	chlaidheamh	3
27681	aonarach	3
27682	aghaidheachadh	3
27683	dh'ùraich	3
27684	suirgheach	3
27685	gaolach	3
27686	gnèitheach	3
27687	gilgamesh	3
27688	bìoballach	3
27689	dhem	3
27690	bogachaidhean-brìgh	3
27691	ciallaichidh	3
27692	pàisd	3
27693	ìomaigh	3
27694	cleamhnais	3
27695	kit	3
27696	ducie	3
27697	scudder	3
27698	feuchaidh	3
27699	leannanachd	3
27700	taigh-bàta	3
27701	sgiort	3
27702	sgiorta	3
27703	sgiortan	3
27704	sliasaid	3
27705	deicheid	3
27706	farach	3
27707	sule	3
27708	drùiseil	3
27709	glùcos	3
27710	fuighill	3
27711	bheachdan-smuainealas	3
27712	luchd-comainn	3
27713	fionn-sgeulan	3
27714	n-diugh	3
27715	anastasia	3
27716	bailean	3
27717	deimhinnte	3
27718	fear-cèile	3
27719	strìopaich	3
27720	cuidichean	3
27721	bàrrachd	3
27722	transalbhàine	3
27723	maoinean	3
27724	beul-oideas	3
27725	dràmadach	3
27726	compàirt	3
27727	chràdh	3
27728	duille	3
27729	fheadan	3
27730	mhachlag	3
27731	lùbach	3
27732	sentence	3
27733	secrets	3
27734	rùnan	3
27735	tigh'nn	3
27736	hildesheim	3
27737	binneas	3
27738	mnàthan-seinn	3
27739	samhlachas	3
27740	beachdail	3
27741	fiosrach	3
27742	hodgson	3
27743	sherry	3
27744	cairtean-iùil	3
27745	chlàir-sanais	3
27746	nua-linn	3
27747	fuasgailte	3
27748	uir	3
27749	shàthadh	3
27750	bhraon	3
27751	riain	3
27752	liricean	3
27753	ioma-chuimseach	3
27754	padraig	3
27755	cùl-taic	3
27756	gnìomhachaidhean	3
27757	bardaj	3
27758	ban-dè	3
27759	fuath-bìdh	3
27760	ceannsgalach	3
27761	pcl-moe	3
27762	eagarach	3
27763	itealachadh	3
27764	altrum	3
27765	nathrach	3
27766	seann-sgeulach	3
27767	ethan	3
27768	dla	3
27769	dh'èignich	3
27770	beachd-smuain	3
27771	fand	3
27772	fìrinne	3
27773	siùil	3
27774	dh'àraich	3
27775	shàrachadh	3
27776	ghealladh	3
27777	tirith	3
27778	orthanc	3
27779	bagradh	3
27780	aithreachas	3
27781	lotadh	3
27782	ciomach	3
27783	prìomh-àite	3
27784	dealbh-chunntas	3
27785	meanglan	3
27786	iomarra	3
27787	bòcan	3
27788	rohirris	3
27789	h-inntinn	3
27790	slaoightearan	3
27791	ro-shealladh	3
27792	ionmholta	3
27793	cinneas	3
27794	duin	3
27795	muileach	3
27796	daoine-sìdh	3
27797	scoti	3
27798	ured	3
27799	picts	3
27800	t-eachdraiche	3
27801	dh'eideard	3
27802	rathlin	3
27803	uain	3
27804	sean-fhaclan	3
27805	bearraidh	3
27806	lìge	3
27807	bhogadh	3
27808	gallagher	3
27809	bhriseadh-dùil	3
27810	twice	3
27811	cnàmhach	3
27812	you're	3
27813	winning	3
27814	bhana-chleasaiche	3
27815	nicole	3
27816	sinatra	3
27817	nemo	3
27818	sgor	3
27819	tiùtonach	3
27820	inglis	3
27821	dhualchainntean	3
27822	meagsaganach	3
27823	malaichean	3
27824	dealbhadaireachd	3
27825	tarrang	3
27826	mothachaidhean	3
27827	garga	3
27828	fhìorachais	3
27829	feirge	3
27830	dhiego	3
27831	loisgeach	3
27832	bhàinidh	3
27833	bhrùth	3
27834	tachdadh	3
27835	fosgarra	3
27836	bhàir	3
27837	feyenoord	3
27838	cumhachdaiche	3
27839	chùmhachd	3
27840	ban-phrionnsa	3
27841	feagal	3
27842	còmhraidh	3
27843	t-amadan	3
27844	madeleine	3
27845	albion	3
27846	dòmhnaich	3
27847	duilleag-lìn	3
27848	nannerl	3
27849	theophilus	3
27850	annsan	3
27851	jaume	3
27852	ragolta	3
27853	elpuntavui	3
27854	luamhan	3
27855	eòlas-fradhairc	3
27856	lincolnshire	3
27857	dealg	3
27858	bhreugnachadh	3
27859	luca	3
27860	mhilan	3
27861	smaoineachaidh	3
27862	onarach	3
27863	going	3
27864	officials	3
27865	siol	3
27866	bràthairean	3
27867	fionn-sgeul	3
27868	aeneid	3
27869	dreis	3
27870	hague	3
27871	viv	3
27872	niùclasaich	3
27873	asperger	3
27874	ciechanover	3
27875	hershko	3
27876	ubiquitin	3
27877	karcag	3
27878	grubbs	3
27879	possum	3
27880	chauvin	3
27881	schrock	3
27882	cervidae	3
27883	slios	3
27884	gadan	3
27885	rathaid-iarainn	3
27886	ana-mhòr	3
27887	coincheap	3
27888	leaghta	3
27889	cockenzie	3
27890	truaill-chainnt	3
27891	ionnsaichte	3
27892	thighearnas	3
27893	dìoghrasach	3
27894	charthannais	3
27895	sgìre-chluiche	3
27896	chura	3
27897	sgìre-cluiche	3
27898	fhùirneis	3
27899	uderzo	3
27900	cromleax	3
27901	phrais	3
27902	nuas	3
27903	chòmhlan-chiùil	3
27904	bhranndair	3
27905	ministeir	3
27906	bheòthachadh	3
27907	phroifeiseanta	3
27908	dhamhaidseachd	3
27909	nubia	3
27910	èipheat	3
27911	dhamhaid	3
27912	damhaidairean	3
27913	dhamhaidair	3
27914	margaidheachd	3
27915	thàlantan	3
27916	meadow	3
27917	gandolfini	3
27918	mobstar	3
27919	artie	3
27920	chrìsdein	3
27921	vince	3
27922	anarchism	3
27923	ain-riaghailtich	3
27924	fhuilt	3
27925	dubh-ruadh	3
27926	tuathan	3
27927	sgeig	3
27928	tharrang	3
27929	cùm	3
27930	klimt	3
27931	cadfan	3
27932	kira	3
27933	sein	3
27934	fìora	3
27935	morier	3
27936	shinnsirean	3
27937	chomhairlich	3
27938	domhnallach	3
27939	nicdhomhnaill	3
27940	springsteen	3
27941	rìbhinne	3
27942	claoidh	3
27943	teli	3
27944	phàircean	3
27945	stìopaill	3
27946	naoidheimh	3
27947	luchd-ceàirde	3
27948	annasachd	3
27949	t-àit	3
27950	fhàs-beairt	3
27951	chumha	3
27952	òrail	3
27953	speurach	3
27954	sìoda	3
27955	dualan	3
27956	dh'aisig	3
27957	dìonach	3
27958	h-òigheachd	3
27959	glaste	3
27960	dorais	3
27961	ath-bhualadh	3
27962	h-ùidheil	3
27963	dana	3
27964	grinne	3
27965	foirfeachd	3
27966	rhea	3
27967	dà-ghnèitheach	3
27968	iomagain	3
27969	peacaidhean	3
27970	stiùireadairean	3
27971	greas	3
27972	chaoineadh	3
27973	meagsago-nuadh	3
27974	ainm-baistidh	3
27975	cruces	3
27976	luchd-dùthcha	3
27977	hijos	3
27978	thrèig	3
27979	spàinnich	3
27980	truagha	3
27981	fallaing	3
27982	macleay	3
27983	fhear-gnothaich	3
27984	bhochanan	3
27985	celebrated	3
27986	mhiannaich	3
27987	mèirlich	3
27988	togta	3
27989	mionnachadh	3
27990	innsidh	3
27991	comharraichidh	3
27992	ìomaighean	3
27993	ùidhean	3
27994	liut	3
27995	elton	3
27996	maighstear	3
27997	argyllshire	3
27998	race	3
27999	chiefly	3
28000	taigh-strìopachais	3
28001	dhlùth	3
28002	leth-uair	3
28003	turasaichean-drùise	3
28004	maoir-sìthe	3
28005	truaillte	3
28006	lean-mharbhaichean	3
28007	peinsean	3
28008	ceartachaidhean	3
28009	sgàineadh	3
28010	cheannsail	3
28011	gilla	3
28012	crinan	3
28013	sgannal	3
28014	meadhchill	3
28015	mac-an-duine	3
28016	biadhtach	3
28017	mhailèiria	3
28018	belfast	3
28019	doighean	3
28020	ammad	3
28021	talib	3
28022	dh'èigh	3
28023	quran	3
28024	hijra	3
28025	thogradh	3
28026	beachdadh	3
28027	dh'ìmpireachd	3
28028	ear-mheadhanach	3
28029	signora	3
28030	frau	3
28031	thagradh	3
28032	saor-là	3
28033	taigh-cùirt	3
28034	àrdsgoil	3
28035	dh'fhèisean	3
28036	luachmhòr	3
28037	t-aonta	3
28038	bhuidseachd	3
28039	lovat	3
28040	dh'aoin	3
28041	battery	3
28042	inferno	3
28043	verona	3
28044	an-uiridh	3
28045	dh'oilthighean	3
28046	dhall	3
28047	tiarna	3
28048	ionnanach	3
28049	greig	3
28050	mcavoy	3
28051	theaghach	3
28052	bhogha	3
28053	mì-riaghailteach	3
28054	eu-mealainin	3
28055	dochann	3
28056	mìlean	3
28057	doille	3
28058	ainneimhe	3
28059	sgrìoban	3
28060	tìrichean	3
28061	gentlemen	3
28062	buidhe-dhonn	3
28063	breac-bhallach	3
28064	sop	3
28065	carleton	3
28066	dubh-dhonn	3
28067	cumainte	3
28068	seachdainnean	3
28069	ungairich	3
28070	boillsgeadh	3
28071	fhuigheall	3
28072	bos	3
28073	shorthorn	3
28074	srianan	3
28075	pèist	3
28076	consairt	3
28077	roi	3
28078	bhàn-dhearg	3
28079	presence	3
28080	mealainin	3
28081	mhilis	3
28082	veur	3
28083	whitechapel	3
28084	dh'àrach	3
28085	mhisg	3
28086	fuirich	3
28087	kernowek	3
28088	kernewek	3
28089	kador	3
28090	cathaoir	3
28091	niver	3
28092	peren	3
28093	skol	3
28094	hedhyw	3
28095	heb	3
28096	ioslaim	3
28097	fourier	3
28098	àrdaichte	3
28099	gathachd	3
28100	martian	3
28101	fhrith-thaghadh	3
28102	verum	3
28103	bataichean	3
28104	àbhachdas	3
28105	theresienstadt	3
28106	lester	3
28107	escondido	3
28108	sgrùdairean	3
28109	playboy	3
28110	stockton	3
28111	oraibdsear	3
28112	noch	3
28113	chaol-ghleann	3
28114	cò-labhairt	3
28115	diderot	3
28116	sheasadh	3
28117	figear	3
28118	glèidhidh	3
28119	ioma-chànanach	3
28120	dhuilleagan	3
28121	sabbath	3
28122	priest	3
28123	metal	3
28124	postair	3
28125	lombardo	3
28126	ainmich	3
28127	pepper's	3
28128	dagsbladet	3
28129	àite-suidhe	3
28130	venom	3
28131	dùthaichean	3
28132	techno	3
28133	còmhladh	3
28134	possessed	3
28135	a'deanabh	3
28136	grunt	3
28137	seoladh	3
28138	hardcore	3
28139	enemy	3
28140	dying	3
28141	claran	3
28142	footballer	3
28143	grèis	3
28144	pel	3
28145	luiz	3
28146	thairgse	3
28147	deco	3
28148	xavi	3
28149	maradona	3
28150	cuspairiche	3
28151	h-ìompaire	3
28152	impireachdan	3
28153	nig	3
28154	planet-wissen	3
28155	pìleat	3
28156	cùmhnantach	3
28157	sholair	3
28158	guano	3
28159	tèarmannan	3
28160	tribal	3
28161	silent	3
28162	dwight	3
28163	harz	3
28164	thuringia	3
28165	do-ruigsinneach	3
28166	deirg	3
28167	connsachail	3
28168	equus	3
28169	felis	3
28170	catus	3
28171	taxonomic	3
28172	driscoll	3
28173	domestic	3
28174	pnas	3
28175	beaver	3
28176	felidae	3
28177	cumhachdaile	3
28178	ghenus	3
28179	reconstruction	3
28180	faol	3
28181	lopez	3
28182	còbra	3
28183	crùban-coille	3
28184	davidovich	3
28185	petra	3
28186	pavlo	3
28187	naisgeil	3
28188	noun	3
28189	trusaidh	3
28190	t-alt	3
28191	chat	3
28192	chùisear	3
28193	rosg-rainn	3
28194	verb	3
28195	riochdan	3
28196	cheannaicheas	3
28197	itheas	3
28198	beiridh	3
28199	cluinnidh	3
28200	preposition	3
28201	ceiste	3
28202	roimhearach	3
28203	bhròig	3
28204	suipeir	3
28205	fir-eachdraidh	3
28206	ainmeachaidh	3
28207	àirc	3
28208	leapannan	3
28209	eilean-a-deas	3
28210	kowloon	3
28211	whale	3
28212	glasraichearan	3
28213	homo	3
28214	sapiens	3
28215	bratan	3
28216	cangaru	3
28217	aisean	3
28218	aitheamh	3
28219	sumatranus	3
28220	borneensis	3
28221	ming	3
28222	fau	3
28223	wka	3
28224	skowola	3
28225	daleth	3
28226	vav	3
28227	heth	3
28228	carbad-eiridinn	3
28229	ambulans	3
28230	muineal	3
28231	amar-ionnlaid	3
28232	àbhainn	3
28233	àireamhair	3
28234	bocanach	3
28235	springbok	3
28236	subfamily	3
28237	clachan-chreadha	3
28238	thàthadh	3
28239	aparan	3
28240	saor-chlachairean	3
28241	prunus	3
28242	h-aoine	3
28243	sergey	3
28244	arcan	3
28245	dhèiligeas	3
28246	cladhadh	3
28247	àrdaichear	3
28248	eun-uisge	3
28249	crichton's	3
28250	cailleachan-dubha	3
28251	chailleachan-dubha	3
28252	crioch	3
28253	feansa	3
28254	ceadachadh	3
28255	ainneamhag	3
28256	amar-mùin	3
28257	peile	3
28258	phòsda	3
28259	graveyard	3
28260	sìde-eòlas	3
28261	gailleannan	3
28262	adhbhrann	3
28263	troighe	3
28264	aghastaran	3
28265	francais	3
28266	kopf	3
28267	breadhaig	3
28268	canntainn	3
28269	ghasan	3
28270	eòlas-adhair	3
28271	àrd-aingeal	3
28272	ceithir-chasach	3
28273	ovis	3
28274	casgairte	3
28275	fhionn-sgeul	3
28276	commentarii	3
28277	bhiodhte	3
28278	fliucha	3
28279	fhalamh	3
28280	chluinneadh	3
28281	bannais	3
28282	airgead-beò	3
28283	èiseil	3
28284	greise	3
28285	àirighean	3
28286	h-ìomhaigh	3
28287	ghiùlaineas	3
28288	cùraim	3
28289	carmina	3
28290	gadelica	3
28291	ananas	3
28292	gathach	3
28293	àrd-easbaigean	3
28294	chnàimh	3
28295	sempervirens	3
28296	fiodhach	3
28297	sheargach	3
28298	ceann-a-deas	3
28299	amhainn	3
28300	panorama	3
28301	t-saogail	3
28302	alùmanum	3
28303	alm	3
28304	neo-ghlan	3
28305	dighe	3
28306	aron	3
28307	ierusaleim	3
28308	phàisde	3
28309	masjid	3
28310	almon	3
28311	aphelion	3
28312	vitagliano	3
28313	mòmaid	3
28314	teichidh	3
28315	albedo	3
28316	ais-cheumach	3
28317	corranach	3
28318	bheineas	3
28319	iupatar	3
28320	fadagan	3
28321	saturn	3
28322	satarn	3
28323	uranus	3
28324	ùranais	3
28325	neaptun	3
28326	neiptiùn	3
28327	deimos	3
28328	fadag	3
28329	itheadh	3
28330	vltava	3
28331	republiky	3
28332	seventh	3
28333	gearra-mhuc	3
28334	unicorn	3
28335	sròn-adharcach	3
28336	red-billed	3
28337	penrith	3
28338	communach	3
28339	dimitri	3
28340	largest-cities-in-south-africa	3
28341	isizulu	3
28342	damhan-allaidh	3
28343	damhain-allaidh	3
28344	co-mheatailtean	3
28345	pìoban-uisge	3
28346	prais	3
28347	co-mheatailt	3
28348	charboin	3
28349	chandler	3
28350	obair-mheatailt	3
28351	itsukushima	3
28352	bicycle	3
28353	atmhorachd	3
28354	sùghaidh	3
28355	eacarsaich	3
28356	anta	3
28357	kaj	3
28358	èifeachdach	3
28359	ath-ghnàthachadh	3
28360	bhanana	3
28361	bananathan	3
28362	gros	3
28363	cineal	3
28364	vessel	3
28365	naked-tailed	3
28366	formosa	3
28367	unicinctus	3
28368	fairy	3
28369	nationi	3
28370	hairy	3
28371	villosus	3
28372	vellerosus	3
28373	chlamyphorus	3
28374	hybridus	3
28375	novemcinctus	3
28376	pilosus	3
28377	matacus	3
28378	three-banded	3
28379	zaedyus	3
28380	pichiy	3
28381	overseas	3
28382	cantonais	3
28383	taigh-chùirt	3
28384	braunau	3
28385	mheantor	3
28386	scheubner-richter	3
28387	balabanoff	3
28388	daughters	3
28389	bungay	3
28390	dòrn	3
28391	beanntan-theine	3
28392	claisean	3
28393	vlaanderen	3
28394	aifrinn	3
28395	polonia	3
28396	geocities	3
28397	cràbhadairean	3
28398	comais	3
28399	chàrnadh	3
28400	saoir	3
28401	bhrùchd	3
28402	teannachaidhean	3
28403	h-argantain	3
28404	balgan	3
28405	bèicearachd	3
28406	faoighichean	3
28407	bhalgan	3
28408	roghadal	3
28409	bayerischer	3
28410	ball-airm	3
28411	ball-gineamhainn	3
28412	ball-maise	3
28413	cudeigin	3
28414	bonaid	3
28415	gairn	3
28416	shàl	3
28417	glaodhach	3
28418	nafta	3
28419	bolg	3
28420	chlò-bhuail	3
28421	volunteers	3
28422	nicdhùghaill	3
28423	sapir	3
28424	tuath-cheòl	3
28425	bascaid	3
28426	basgaid-sgudail	3
28427	fleòdraidh	3
28428	bàta-ràmh	3
28429	bàta-smùid	3
28430	stoithe	3
28431	bàta-siùil	3
28432	bàta-tumaidh	3
28433	beach-lann	3
28434	solaradh	3
28435	bealaich	3
28436	luchd-obraich	3
28437	mhaois	3
28438	giudizio	3
28439	universale	3
28440	latha-leum	3
28441	beannag	3
28442	pioban	3
28443	glùinean	3
28444	stèisein-rèile	3
28445	sèirbeach	3
28446	seanachas	3
28447	binid	3
28448	sgriobtair	3
28449	seann-tiomnadh	3
28450	apocruiphia	3
28451	snàth	3
28452	fais	3
28453	biorramaid	3
28454	haj	3
28455	bìrlinn	3
28456	sholas	3
28457	fhosail	3
28458	fhaoillich	3
28459	uire	3
28460	bloinigean-gàrraidh	3
28461	dh'itheas	3
28462	bodach-sneachda	3
28463	bòdhran	3
28464	fèith	3
28465	boglaich	3
28466	ioma-dathach	3
28467	boma-d	3
28468	eurozone	3
28469	dùbhalchd	3
28470	cliseam	3
28471	àirdead	3
28472	babilon	3
28473	neactar	3
28474	sgèil	3
28475	neo-eiseimleachd	3
28476	neasgaid-fala	3
28477	neasgaid	3
28478	fas	3
28479	pàirtidhean	3
28480	bellis	3
28481	perennis	3
28482	fraxinus	3
28483	excelsior	3
28484	swe	3
28485	filmalba	3
28486	gig	3
28487	macrisnidh	3
28488	tuathanachais	3
28489	uiseig	3
28490	t-ugh	3
28491	altaibh	3
28492	ghleus	3
28493	cleibh	3
28494	sgleò	3
28495	pheacadh	3
28496	stoith	3
28497	rachas	3
28498	chùirtean	3
28499	unga	3
28500	pabaigh	3
28501	fhuineadh	3
28502	paidirean	3
28503	làn-aois	3
28504	phost	3
28505	toileachais	3
28506	ruadhag	3
28507	thilgeas	3
28508	buidheagan	3
28509	spaghetti	3
28510	cailce	3
28511	tropaigean	3
28512	puffin	3
28513	cuinneag	3
28514	sativum	3
28515	peasair	3
28516	casan-uisge	3
28517	mustela	3
28518	stoat	3
28519	nivalis	3
28520	crìdhe	3
28521	pheasant	3
28522	rutland	3
28523	thrìpilte	3
28524	guernica	3
28525	dalla	3
28526	giotto	3
28527	ave	3
28528	sancta	3
28529	nunc	3
28530	bealltainne	3
28531	pliùtò	3
28532	monique	3
28533	lùnast	3
28534	marbhan	3
28535	uaireadair-grèine	3
28536	cumhainge	3
28537	dubhghlas	3
28538	uainfheoil	3
28539	monster	3
28540	soay	3
28541	pollachius	3
28542	bone	3
28543	bòrd-dubh	3
28544	iteag	3
28545	strutha	3
28546	sgeith	3
28547	kiwi	3
28548	moa	3
28549	chèic	3
28550	penny	3
28551	tubaisteach	3
28552	pence	3
28553	gruagairean	3
28554	fiaclairean	3
28555	buidsidh	3
28556	canari	3
28557	pin	3
28558	turtais	3
28559	leòmhann-làir	3
28560	platapas	3
28561	ornithorhynchus	3
28562	anatinus	3
28563	echidna	3
28564	geelong	3
28565	lone	3
28566	siompansaidhe	3
28567	aghaidhean	3
28568	goiriola	3
28569	lemur	3
28570	bucknell	3
28571	clàr-àma	3
28572	readhactar	3
28573	buabhall	3
28574	bison	3
28575	fringilla	3
28576	coelebs	3
28577	emberiza	3
28578	ranunculus	3
28579	flock	3
28580	buinneag	3
28581	bhruisealach	3
28582	anneke	3
28583	beukman	3
28584	macintosh	3
28585	lutair	3
28586	smith-stanley	3
28587	bhodley	3
28588	chuimhneachaidh	3
28589	vespasian	3
28590	requiem	3
28591	tiger	3
28592	bhagairt	3
28593	branndaidh	3
28594	burras	3
28595	dealan-dè	3
28596	jenner	3
28597	neach-togail	3
28598	breac-sheunain	3
28599	wagtail	3
28600	cinerea	3
28601	pied	3
28602	breac-òtraich	3
28603	supreme	3
28604	breug	3
28605	brìb	3
28606	sligeachan	3
28607	maighdeag	3
28608	crassostrea	3
28609	marennes-ol	3
28610	slige-chreachainn	3
28611	chreachann	3
28612	mòr-rathaidean	3
28613	cholainn	3
28614	h-ìseal	3
28615	ìnean	3
28616	thoiseachadh	3
28617	romhanaich	3
28618	liuthad	3
28619	mharbhtach	3
28620	sgòrnain	3
28621	abrach	3
28622	sheachdamh	3
28623	lam	3
28624	shop	3
28625	builean	3
28626	t-srutha	3
28627	oracle	3
28628	mhon	3
28629	raon-laighe	3
28630	uidhean	3
28631	wizz	3
28632	eastwood	3
28633	dh'fhosgaileadh	3
28634	crudha	3
28635	sleamhnachadh	3
28636	bruis-pheant	3
28637	buachaillean	3
28638	arain	3
28639	sticearan	3
28640	bun-dealain	3
28641	prise	3
28642	plucan	3
28643	feuman	3
28644	difir	3
28645	sgeilpichean	3
28646	boxwood	3
28647	epiphytes	3
28648	mezmay	3
28649	fagus	3
28650	laminaria	3
28651	liadhag	3
28652	paidhleatan	3
28653	motaran	3
28654	peirceall	3
28655	giall	3
28656	sabhs	3
28657	clàrachadh	3
28658	balley	3
28659	bunscoill	3
28660	ghaelgagh	3
28661	taosgaidh	3
28662	daonn-eòlas	3
28663	yalta	3
28664	taumata	3
28665	truaillidh	3
28666	dà-bheathach	3
28667	muir-thìrich	3
28668	aqua	3
28669	cliùmhor	3
28670	cabhlaich	3
28671	obh	3
28672	pholainn	3
28673	rùp	3
28674	basilica	3
28675	koblenz	3
28676	challdair	3
28677	obann	3
28678	fhiachaibh	3
28679	àrd-choinneamh	3
28680	dictator	3
28681	gearmailteach-aimearaganach	3
28682	fletching	3
28683	dealrach	3
28684	antares	3
28685	leisgeag	3
28686	goodall	3
28687	grazing	3
28688	ionaltradh	3
28689	studios	3
28690	velazquez	3
28691	ghluaiseas	3
28692	newtoin	3
28693	oifigear-riaghlaidh	3
28694	spàl-fànais	3
28695	h-ionadan	3
28696	muideart	3
28697	facal-fhreumhachd	3
28698	eileapsach	3
28699	pòlaichean	3
28700	amb	3
28701	leth-chruinne	3
28702	giollachd	3
28703	dhearbhaidh	3
28704	eas-chruthach	3
28705	grigore	3
28706	masgadh	3
28707	theatha	3
28708	àiteachaidh	3
28709	sgillinnean	3
28710	tionail	3
28711	fhaicill	3
28712	an-abaich	3
28713	chinneis	3
28714	taighean-caoineachaidh	3
28715	cisteachan	3
28716	seoclaid	3
28717	adharcach	3
28718	diofarachadh	3
28719	factaradh	3
28720	menningarsj	3
28721	profs	3
28722	tier	3
28723	d'arc	3
28724	lieu	3
28725	verus	3
28726	killers	3
28727	brandon	3
28728	calpachais	3
28729	làboraich	3
28730	mhìosail	3
28731	alphabet	3
28732	eadar-litreachadh	3
28733	nèamhan	3
28734	rola	3
28735	chronicon	3
28736	vulgate	3
28737	ioel	3
28738	obadiah	3
28739	ionah	3
28740	nahum	3
28741	sephaniah	3
28742	malachi	3
28743	hartford	3
28744	threun	3
28745	àr	3
28746	strìochdadh	3
28747	bhuan	3
28748	bhrus	3
28749	geimhlean	3
28750	saors	3
28751	aigh	3
28752	bhoglach	3
28753	maormores	3
28754	clachairean	3
28755	besides	3
28756	arrive	3
28757	surprised	3
28758	sheòmar	3
28759	clements	3
28760	carabhanaichean	3
28761	myslenice	3
28762	opisy	3
28763	wladyslaw	3
28764	adhraidh	3
28765	h-euslaintich	3
28766	nicholson	3
28767	grenada	3
28768	tuvalu	3
28769	cheàrd	3
28770	severn	3
28771	chrìosdaidhean	3
28772	discipline	3
28773	cairtean-dhealbh	3
28774	anamoch	3
28775	triangulation	3
28776	campasan	3
28777	gilcomstoun	3
28778	dunkeld	3
28779	placenamesofross	3
28780	watsuoft	3
28781	gluasadh	3
28782	chorrag	3
28783	meuran-coise	3
28784	seargadh	3
28785	cnàimhneach	3
28786	cleit	3
28787	antartaigeach	3
28788	australis	3
28789	eigh	3
28790	atlantaig	3
28791	taobh-a-deas	3
28792	fàs-bheartan	3
28793	fafaff	3
28794	beinidictich	3
28795	fiji	3
28796	traighean	3
28797	samotha	3
28798	àinmean-àite	3
28799	rìoghaine	3
28800	rivernithfishings	3
28801	cruinn-eòlaiche	3
28802	dumfstory	3
28803	tolman	3
28804	tionndaidhean	3
28805	h-amannan	3
28806	ruaige	3
28807	tolm	3
28808	talamhan	3
28809	cheitean	3
28810	t-impire	3
28811	ross-shire	3
28812	gordan	3
28813	dalwhinnie	3
28814	chalaidh	3
28815	earballach	3
28816	comet	3
28817	maoim-sneachda	3
28818	deamaichean	3
28819	councillors	3
28820	clachanan	3
28821	west-dunbarton	3
28822	fauldhouse	3
28823	mcletchie	3
28824	guild	3
28825	eadardan	3
28826	cèarnagach	3
28827	wheatley	3
28828	lanarkshire	3
28829	fileantaich	3
28830	rosbroig	3
28831	taigh-cofaidh	3
28832	cabair	3
28833	islamabad	3
28834	ptolemaeus	3
28835	sgriobhaidhean	3
28836	trath	3
28837	fàrach	3
28838	wladfa	3
28839	atlantis	3
28840	ashgabat	3
28841	formally	3
28842	cocos	3
28843	southeastern	3
28844	yangon	3
28845	yerevan	3
28846	manama	3
28847	collectively	3
28848	excluding	3
28849	aventura	3
28850	paso	3
28851	madryn	3
28852	gweler	3
28853	gaèlic	3
28854	oficial	3
28855	siehe	3
28856	sprachen	3
28857	lire	3
28858	galego	3
28859	artigo	3
28860	taal	3
28861	gwladys	3
28862	mhealaboist	3
28863	deannan	3
28864	macpharlain	3
28865	chalanais	3
28866	slabhraidhean	3
28867	eadar-àm	3
28868	geoimeatrach	3
28869	casta	3
28870	eoclaideach	3
28871	marca	3
28872	foillsichidhean	3
28873	bhietnam	3
28874	sicily	3
28875	lamraig	3
28876	mhicnèill	3
28877	leth-mharathon	3
28878	mhapas	3
28879	port-iasgaich	3
28880	obscura	3
28881	ghearraidh	3
28882	poball	3
28883	thursachan	3
28884	smaoineasan	3
28885	slàn-àireamh	3
28886	shlàn-àireamh	3
28887	prìomh-àireamhan	3
28888	eucoimeasta	3
28889	animalia	3
28890	arthropoda	3
28891	ban-righinn	3
28892	haymarket	3
28893	lucht	3
28894	aithbhreac	3
28895	phaidr	3
28896	caoidh	3
28897	muireadhach	3
28898	fiosag	3
28899	eadar-obraichean	3
28900	d'unit	3
28901	bun-aonadan	3
28902	àbhaisteas	3
28903	màs	3
28904	cileagram	3
28905	caighdeanan	3
28906	sgàthanan	3
28907	cit	3
28908	diofarail	3
28909	seasgair	3
28910	thorrach	3
28911	dreagaire	3
28912	cholla	3
28913	thraoghadh	3
28914	cinn-latha	3
28915	tachartan	3
28916	ssel	3
28917	caidreamh	3
28918	leam-leat	3
28919	oifigich	3
28920	dàintean	3
28921	foghlamaichte	3
28922	sgèabost	3
28923	òs	3
28924	result-full	3
28925	dealbh-chluichean	3
28926	quentin	3
28927	churraicealam	3
28928	curraicealam	3
28929	spotlight	3
28930	seicis	3
28931	kampf	3
28932	campaichean-braighdeanais	3
28933	sobib	3
28934	belzec	3
28935	ravensbr	3
28936	pessach	3
28937	duden	3
28938	shathairne	3
28939	uamha	3
28940	tràdaisean	3
28941	h-achaidhean	3
28942	cuthag	3
28943	altruim	3
28944	taigh-beag	3
28945	wolfe	3
28946	trì-cheàrnag	3
28947	shirtwaist	3
28948	rèite	3
28949	meanbh-chuileag	3
28950	mheanbh-chuileag	3
28951	liberton	3
28952	n-inntinn	3
28953	fhigear	3
28954	àrdail	3
28955	co-thionndadh	3
28956	h-iomadachadh	3
28957	h-obrachaidhean	3
28958	bhloighean	3
28959	dh'aonadan	3
28960	roinn-àireamh	3
28961	mheasgaichte	3
28962	shlàn	3
28963	losg	3
28964	fhuiltiche	3
28965	t-seanaid	3
28966	mhailisi	3
28967	tùrail	3
28968	cuimrise	3
28969	dhòighean-obrach	3
28970	abhainne	3
28971	dh'earra-ghàidheal	3
28972	loughran	3
28973	waterhouse	3
28974	ealanlann	3
28975	aibèalach	3
28976	mansfeld	3
28977	museeprotestant	3
28978	jan-hus	3
28979	et-les-guerres-hussites	3
28980	junker	3
28981	àrd-ghearmailtis	3
28982	cailleachan	3
28983	katharina	3
28984	dh'alasdair	3
28985	mhisnich	3
28986	snaidheadh	3
28987	ilves	3
28988	lindgren	3
28989	atmosphere	3
28990	fuair	3
28991	naitridein	3
28992	bridgeton	3
28993	braunschweig	3
28994	hameln	3
28995	eileaps	3
28996	fìrinneachd	3
28997	co-chnuasachd	3
28998	cudromaich	3
28999	saor-stàite	3
29000	poiliteags	3
29001	giorgio	3
29002	prodi	3
29003	fhiosaigiche	3
29004	searmonan	3
29005	clach-cuimhne	3
29006	eugenius	3
29007	ollscoile	3
29008	celtscot	3
29009	fuiling	3
29010	pictures	3
29011	minic	3
29012	fiodh-fillte	3
29013	eileen	3
29014	crann-ola	3
29015	aosmhòr	3
29016	elphinstone	3
29017	phòlannach	3
29018	vella	3
29019	barth	3
29020	bealarus	3
29021	deliblatska	3
29022	sloibhiniach	3
29023	eren	3
29024	herzegovina	3
29025	cuir-ris	3
29026	bunaitich	3
29027	choitcheannas	3
29028	orainsearan	3
29029	bonn-bheactaran	3
29030	ìochdrach	3
29031	uachdrach	3
29032	crìtheol	3
29033	iùgoslaibh	3
29034	skopje	3
29035	bàillidhneachd	3
29036	geàrnsaidh	3
29037	montenegro	3
29038	osàidea	3
29039	pap	3
29040	mhaoraich	3
29041	musselburgh	3
29042	glamaig	3
29043	sligeachain	3
29044	valerii	3
29045	zsu	3
29046	mbovi	3
29047	moskva	3
29048	premiership	3
29049	b'iadsan	3
29050	ath-thaghadh	3
29051	macgillechiar	3
29052	persson	3
29053	fairs	3
29054	hegarty	3
29055	dodds	3
29056	fear-gnothaich	3
29057	wilkie	3
29058	chuairt-deireannach	3
29059	giovanna	3
29060	gassion	3
29061	pital	3
29062	gealbhonn	3
29063	bhana-mhaighstir	3
29064	pigalle	3
29065	elle	3
29066	canamaid	3
29067	sgaoilidheachd	3
29068	leth-ghrùpa	3
29069	mhagma	3
29070	descartes	3
29071	dhens	3
29072	chlubaichean	3
29073	h-oirean	3
29074	bhothain	3
29075	fallaineachd	3
29076	nchengladbach	3
29077	ibrox	3
29078	phoileasaidh	3
29079	teaglach	3
29080	deutsches	3
29081	kaiserreich	3
29082	seapain	3
29083	tùr-cluig	3
29084	seirm	3
29085	sliseagan	3
29086	dov	3
29087	abdul	3
29088	thoughts	3
29089	geàrrta	3
29090	h-abhalon	3
29091	fhradharc	3
29092	morgaine	3
29093	trentino	3
29094	gle	3
29095	fawlty	3
29096	factaran	3
29097	geàrr-sgrìobhadh	3
29098	teòr	3
29099	kura	3
29100	sushi	3
29101	saorsainneachd	3
29102	fhasdadh	3
29103	tuathaiche	3
29104	teòir	3
29105	bheairt	3
29106	dh'aona	3
29107	bheòthail	3
29108	glainne-shìde	3
29109	atm	3
29110	goldbook	3
29111	westmoreland	3
29112	ùr-chruthachadh	3
29113	reiseamaid	3
29114	athraichean	3
29115	uile-gu-lèir	3
29116	jay	3
29117	bacillus	3
29118	anthracis	3
29119	iomall-bhaile	3
29120	barain	3
29121	fisherman's	3
29122	tavern	3
29123	device	3
29124	eorpa	3
29125	citymayors	3
29126	zwingli	3
29127	theiss	3
29128	scalar	3
29129	gniomh	3
29130	cliabhair	3
29131	thanaig	3
29132	shuidhicheas	3
29133	rianail	3
29134	ceart-cheàrnachail	3
29135	cheudameatair	3
29136	chartesaich	3
29137	sorcaireach	3
29138	telecommunication	3
29139	socialist	3
29140	dluthad	3
29141	taigh-cluich	3
29142	bonna	3
29143	daingnich	3
29144	baroc	3
29145	gesetz	3
29146	gyration	3
29147	halliday	3
29148	fhairge	3
29149	aleksandrowka	3
29150	institiuidean	3
29151	bogha-froise	3
29152	bhuadhaich	3
29153	niemeyer	3
29154	hanyu	3
29155	kaohsiung	3
29156	coiria	3
29157	craic	3
29158	deireadh-seachdain	3
29159	kyrgyzstan	3
29160	curitiba	3
29161	paran	3
29162	durch	3
29163	ribbeck	3
29164	peuran	3
29165	co-chuideam	3
29166	gearasdain	3
29167	dràsta	3
29168	ciùba	3
29169	gruzinski	3
29170	bris	3
29171	l'empire	3
29172	aztèque	3
29173	couvertes	3
29174	ghuatamala	3
29175	tikal	3
29176	nicaragua	3
29177	tegucigalpa	3
29178	belmopan	3
29179	dharien	3
29180	dominicana	3
29181	wikiquote	3
29182	bheinn-teine	3
29183	grenadines	3
29184	fhasgaidh	3
29185	co-chomharra	3
29186	luathas	3
29187	spàsan	3
29188	ortogònach	3
29189	iomlaideachadh	3
29190	briseadh-latha	3
29191	chorra	3
29192	làirne-màireach	3
29193	shìde	3
29194	an-iar	3
29195	ghunnaichean	3
29196	battles	3
29197	fhalmhachadh	3
29198	saba	3
29199	nieves	3
29200	rìoghaich	3
29201	glòrmhoir	3
29202	lme	3
29203	naomh-chobhan	3
29204	doile	3
29205	charbaid	3
29206	drumair	3
29207	bhuannaicheas	3
29208	h-ingearach	3
29209	phoileagain	3
29210	cuillin	3
29211	blà	3
29212	inaccessible	3
29213	baisteir	3
29214	banachdach	3
29215	shligean	3
29216	còirneal	3
29217	dhòmhnallaich	3
29218	politician	3
29219	cusbainn	3
29220	ponaidhean	3
29221	experienced	3
29222	helping	3
29223	modena	3
29224	liostaig	3
29225	dhijbouti	3
29226	sgealbag	3
29227	minimus	3
29228	meur-coise	3
29229	chnàmhan	3
29230	torf-einarsson	3
29231	co-èifeachdach	3
29232	t-atharrachadh	3
29233	shuarach	3
29234	oei	3
29235	sii	3
29236	entrega	3
29237	iberamericanos	3
29238	shantiago	3
29239	mèin	3
29240	t-sluic	3
29241	h-altachadh	3
29242	fhosgaileadh	3
29243	mìn-choirce	3
29244	samhraidhean	3
29245	chosgaisean	3
29246	dh'aimearaga	3
29247	bostoin	3
29248	luchd-mailisich	3
29249	leònte	3
29250	mailisidh	3
29251	charlestown	3
29252	ghluasadh	3
29253	dorchadais	3
29254	bhermont	3
29255	aimeireagaidh	3
29256	savannah	3
29257	nòs-ùr	3
29258	atolan	3
29259	continent	3
29260	chumhang	3
29261	chaillinn	3
29262	leanaibh	3
29263	gàirdeachas	3
29264	airgead-cinn	3
29265	greannach	3
29266	t-iongnadh	3
29267	fhaigheadh	3
29268	sheachdainean	3
29269	camelot	3
29270	mhallachd	3
29271	rode	3
29272	sang	3
29273	chros	3
29274	ormonde	3
29275	dh'fhir	3
29276	b'òige	3
29277	fhionghuin	3
29278	tulaich-bhàrdain	3
29279	mortair	3
29280	gunnaichean-mòra	3
29281	poilinèis	3
29282	bora-bora	3
29283	choirce	3
29284	yaren	3
29285	sunda	3
29286	batavia	3
29287	aimearaganaich	3
29288	ete	3
29289	alofi	3
29290	vailima	3
29291	smeartan	3
29292	loidhneach	3
29293	chaiseid	3
29294	paraimeatair	3
29295	khigali	3
29296	rioghail	3
29297	teas-meadhan	3
29298	bhreatainneach	3
29299	pauli	3
29300	hooke	3
29301	dias	3
29302	douala	3
29303	leadan	3
29304	alles	3
29305	shnuadh	3
29306	naoidhein	3
29307	buachaill	3
29308	àille	3
29309	geburt	3
29310	shlànaighear	3
29311	o'n	3
29312	loinn	3
29313	webcam	3
29314	lamy	3
29315	mhalabo	3
29316	principe	3
29317	raidiannan	3
29318	radii	3
29319	fo-roinn	3
29320	co-leasachail	3
29321	bhayuda	3
29322	casablanca	3
29323	mosgan	3
29324	co-chasach	3
29325	mhaseru	3
29326	decanewton	3
29327	formulae	3
29328	south-africa	3
29329	mauritania	3
29330	scarecrow	3
29331	venedig	3
29332	treinte	3
29333	christianitytoday	3
29334	bloc	3
29335	tìr-m	3
29336	rosalind	3
29337	thogal	3
29338	mochi	3
29339	foileag	3
29340	brùth	3
29341	ghais	3
29342	tsàile	3
29343	tonne	3
29344	liberia	3
29345	notre-dame	3
29346	holley	3
29347	làidireachd	3
29348	a'bhbc	3
29349	stùird	3
29350	fhaireachdainn	3
29351	lobamba	3
29352	pàpanach	3
29353	sìneag	3
29354	umhail	3
29355	thugam	3
29356	sheinneadairean	3
29357	isa	3
29358	uetersen	3
29359	dhuilich	3
29360	kilwinning	3
29361	bhun-smuain	3
29362	masovian	3
29363	prògramadh	3
29364	oichdhe	3
29365	eòlas-sìde	3
29366	ung	3
29367	shìl	3
29368	peregrinus	3
29369	sgiathail	3
29370	feet	3
29371	h-àl	3
29372	uinneagan	3
29373	swift	3
29374	ceanna	3
29375	cuculus	3
29376	proposed	3
29377	iomanaichte	3
29378	fhèin-riaghlach	3
29379	comharraich	3
29380	fado	3
29381	pica	3
29382	seanfhacal	3
29383	leigheasach	3
29384	bacaidh	3
29385	ayer	3
29386	afganastain	3
29387	airgiod	3
29388	phairt	3
29389	tasdan	3
29390	tango	3
29391	statue	3
29392	wadi	3
29393	easbaigeachas	3
29394	bratan-ùrlair	3
29395	orient	3
29396	colonial	3
29397	caldwell	3
29398	fukuyama	3
29399	h-oilthighe	3
29400	chiste-dhlùthaidh	3
29401	thoireadh	3
29402	cuideach	3
29403	magalh	3
29404	benz	3
29405	traoghadh	3
29406	pheatroil	3
29407	amm	3
29408	cabral	3
29409	chuairt-iùil	3
29410	buntainneach	3
29411	h-altan	3
29412	nat	3
29413	bhancaichean	3
29414	faoileag	3
29415	università	3
29416	studi	3
29417	abstolach	3
29418	bundoora	3
29419	cranbourne	3
29420	croydon	3
29421	doncaster	3
29422	kew	3
29423	opendocument	3
29424	gaothan	3
29425	dealan-spèid	3
29426	teileagram	3
29427	so-seolaichte	3
29428	fhraoch	3
29429	sholarachadh	3
29430	ardea	3
29431	slèibh	3
29432	luingearachd	3
29433	platyrhynchos	3
29434	aurelian	3
29435	cùl-mhùtaireachd	3
29436	fontenoy	3
29437	co-là	3
29438	oort	3
29439	constantius	3
29440	sniaul	3
29441	thilgte	3
29442	pak	3
29443	leal	3
29444	gallobha	3
29445	springboks	3
29446	mhozuku	3
29447	tiugha	3
29448	fìon-geur	3
29449	coli	3
29450	havana	3
29451	roseau	3
29452	reacord	3
29453	sòighea	3
29454	romani	3
29455	sèiste	3
29456	sauchieburn	3
29457	naoidheanan	3
29458	ghuiana	3
29459	argentino	3
29460	spainntis	3
29461	goldsmith	3
29462	buinneagan	3
29463	sheòirsea	3
29464	coimiseanair	3
29465	compa	3
29466	shackleton	3
29467	càball	3
29468	srian	3
29469	spade	3
29470	ordini	3
29471	cavalcare	3
29472	stoban	3
29473	beauvoir	3
29474	paca	3
29475	cog	3
29476	chollaidh	3
29477	airdrieonians	3
29478	arbroath	3
29479	fyvie	3
29480	àrd-stiùbhard	3
29481	choisichean	3
29482	levern	3
29483	alloway	3
29484	simpsons	3
29485	bhun-sgoiltean	3
29486	boghall	3
29487	bhathgate	3
29488	procession	3
29489	atkinson	3
29490	brechin	3
29491	cuthaige	3
29492	tuaidh	3
29493	gnàthasan-cainnt	3
29494	eadar-theangaichean	3
29495	saidhbhir	3
29496	eadar-theangaidhean	3
29497	thiodhlaic	3
29498	selkirk	3
29499	mofad	3
29500	annandaleway	3
29501	sanquhar	3
29502	southernuplandway	3
29503	upland	3
29504	seaweedsb	3
29505	ghlasag	3
29506	etienne	3
29507	anaraineachd	3
29508	fallainn	3
29509	t-acras	3
29510	fradharc	3
29511	aidhiodain	3
29512	sgiathaich	3
29513	duilisg	3
29514	ghiullachd	3
29515	quincy	3
29516	bowdoin	3
29517	grover	3
29518	dicky	3
29519	sovietaich	3
29520	carbohaidreatan	3
29521	sheachdainnean	3
29522	hein	3
29523	noeditsection	3
29524	preserves	3
29525	modifications	3
29526	manuals	3
29527	saying	3
29528	refers	3
29529	ethical	3
29530	front-cover	3
29531	back-cover	3
29532	automatic	3
29533	produced	3
29534	translates	3
29535	endorsements	3
29536	exchange	3
29537	reasonably	3
29538	onto	3
29539	accessible	3
29540	chance	3
29541	leas-phrìomhaire	3
29542	coitchinn	3
29543	hertford	3
29544	evelyn	3
29545	morley	3
29546	fhoglaim	3
29547	harrow	3
29548	bogie	3
29549	deathain	3
29550	gairbheach	3
29551	cheith	3
29552	tobermory	3
29553	carnoustie	3
29554	sidmouth	3
29555	lincoln's	3
29556	appleby	3
29557	hatfield	3
29558	eagrachas	3
29559	pocket	3
29560	chumhnant	3
29561	compact	3
29562	altachaidh	3
29563	carrbridge	3
29564	luka	3
29565	rusia	3
29566	herashchenko	3
29567	tenant	3
29568	h-abaid	3
29569	victory	3
29570	stella	3
29571	houmets	3
29572	deep	3
29573	sampson	3
29574	crevichon	3
29575	piece	3
29576	judgement	3
29577	pierres	3
29578	lecq	3
29579	louie	3
29580	embrace	3
29581	premier	3
29582	ober	3
29583	linz	3
29584	styria	3
29585	tyrol	3
29586	burgen	3
29587	co-roinn	3
29588	biadhan	3
29589	industry	3
29590	albertus	3
29591	lise	3
29592	meitner	3
29593	machlainn	3
29594	maghlinn	3
29595	kinds	3
29596	cuimreis	3
29597	tadeusz	3
29598	tuarastal	3
29599	phatagòinia	3
29600	chihuahuan	3
29601	kavir	3
29602	mhojave	3
29603	lud	3
29604	dobre	3
29605	jako	3
29606	nasz	3
29607	lestwo	3
29608	nasze	3
29609	niebie	3
29610	kej	3
29611	imi	3
29612	daj	3
29613	leopard	3
29614	iaguar	3
29615	dingo	3
29616	stony	3
29617	sturt	3
29618	danakil	3
29619	richtersveld	3
29620	farafra	3
29621	bàta-aiseag	3
29622	muirneag	3
29623	ranger	3
29624	gourock	3
29625	tuscany	3
29626	bardenas	3
29627	reales	3
29628	articol	3
29629	thabernas	3
29630	danos	3
29631	sechura	3
29632	ert	3
29633	ahr	3
29634	tihamah	3
29635	shonaidean	3
29636	hendry	3
29637	iomadh-fhillte	3
29638	rainn	3
29639	chinneasaich	3
29640	badain	3
29641	dzoosotoyn	3
29642	elisen	3
29643	ordos	3
29644	bealadair	3
29645	ballater	3
29646	cràbhaich	3
29647	sturgis	3
29648	bois	3
29649	thràill	3
29650	mhàireach	3
29651	deò	3
29652	ecser	3
29653	utca	3
29654	prìomh-rathaid	3
29655	fìorghlan	3
29656	lorca	3
29657	neo-thorrach	3
29658	cluaintean	3
29659	fear-siubhail	3
29660	fhearrann	3
29661	dùn-gainmhich	3
29662	swinney	3
29663	manaidsireachd	3
29664	h-eaconomaidh	3
29665	chapaill	3
29666	neach-casaid	3
29667	quits	3
29668	cho-cheannard	3
29669	bunessan	3
29670	modh-sgrùdaidh	3
29671	creator	3
29672	reporting	3
29673	cholm	3
29674	maccormaic	3
29675	nicgilleathain	3
29676	taigh-samhraidh	3
29677	eachdraidheachd	3
29678	mhionaideach	3
29679	bhancùbhair	3
29680	eadar-theangairean	3
29681	phoit	3
29682	foss	3
29683	àrd-achaidh	3
29684	dùbhaich	3
29685	chladhachadh	3
29686	aol-clach	3
29687	caves	3
29688	cristean-macmhicheil	3
29689	ning	3
29690	fòram	3
29691	ceimig	3
29692	ens	3
29693	sgoiltean-àraich	3
29694	padding-left	3
29695	tràchd	3
29696	goal	3
29697	andalucia	3
29698	junta	3
29699	minorca	3
29700	magazin	3
29701	tìodhlagaidh	3
29702	bhruthainn	3
29703	ghlòrmhoir	3
29704	weekly	3
29705	omh-oifig	3
29706	themas	3
29707	statbel	3
29708	fgov	3
29709	czso	3
29710	nep	3
29711	resultats-regionaux	3
29712	caicos	3
29713	fut	3
29714	repartition	3
29715	comd	3
29716	pitcairn	3
29717	daolag	3
29718	machinery	3
29719	brodick	3
29720	thràigh	3
29721	cabildo	3
29722	chuck	3
29723	muilne	3
29724	rathaidean-siubhail	3
29725	limerick	3
29726	sealink	3
29727	seaghan	3
29728	laoghaire	3
29729	abergwaun	3
29730	ilein	3
29731	asgaig	3
29732	speaker	3
29733	yisrael	3
29734	hmen	3
29735	concentration	3
29736	windy	3
29737	kannada	3
29738	silicon	3
29739	visit-a-place	3
29740	navarone	3
29741	royalist	3
29742	emerita	3
29743	lex	3
29744	spùinneadairean-mara	3
29745	stàball	3
29746	cheadachas	3
29747	aviemore	3
29748	grid	3
29749	èildear	3
29750	fearaibh	3
29751	thom	3
29752	dh'urras	3
29753	elan	3
29754	eigg	3
29755	neach-spòrs	3
29756	askival	3
29757	pilgrim	3
29758	recorded	3
29759	wealthy	3
29760	talisker	3
29761	stail	3
29762	chloichrigh	3
29763	thaigh-staile	3
29764	àrd-chabhsairean	3
29765	ladybank	3
29766	asgrab	3
29767	isay	3
29768	islayinfo	3
29769	lorg-phoileas	3
29770	cròlainneach	3
29771	tuiteamach	3
29772	peter's	3
29773	sodhaigh	3
29774	cearbanan	3
29775	sùbhan	3
29776	ornsay	3
29777	dhiarmaid	3
29778	rathad-mòr	3
29779	fhrithealas	3
29780	famousfirst	3
29781	bowmore	3
29782	malt	3
29783	bheinn-theine	3
29784	t-oban	3
29785	siosta	3
29786	leverhulme	3
29787	cunntasairean	3
29788	urrasan	3
29789	dhragh	3
29790	mckean	3
29791	eòl	3
29792	a's	3
29793	preasantairean	3
29794	freepages	3
29795	rootsweb	3
29796	overture	3
29797	ristol	3
29798	caochlaidh	3
29799	ceapan	3
29800	bhuic	3
29801	seanganan	3
29802	sheilleanan	3
29803	callaidean	3
29804	òrduigh	3
29805	dìomhain	3
29806	chìrean	3
29807	cuplachadh	3
29808	leumaidh	3
29809	bittern	3
29810	iaruinn	3
29811	ghràdh	3
29812	cheannaiche	3
29813	sùgradh	3
29814	coillteach	3
29815	sgamhanan	3
29816	feall-fhalach	3
29817	macilleathainn	3
29818	mhàrsail	3
29819	dh'albainn	3
29820	shùl	3
29821	maccreamhain	3
29822	athais	3
29823	chòmhraig	3
29824	aitreabh	3
29825	daingnichean	3
29826	brataich	3
29827	dùghlasach	3
29828	marmaduke	3
29829	luchd-sleagha	3
29830	farsainn	3
29831	onair	3
29832	cheannairceach	3
29833	dhìt	3
29834	taobh-duilleig	3
29835	kolbein	3
29836	plymouth	3
29837	teaninich	3
29838	xenophon	3
29839	aristophanes	3
29840	fhearg	3
29841	coirbteachd	3
29842	subhailcean	3
29843	meanbha	3
29844	ainmhidh	3
29845	keal	3
29846	eòrsa	3
29847	orsay	3
29848	tràighe	3
29849	crag	3
29850	gualann	3
29851	pictou	3
29852	neach-tasgaidh	3
29853	clàraichean	3
29854	chàrnaich	3
29855	comhan	3
29856	braveheart	3
29857	piond	3
29858	rgas	3
29859	struthadh	3
29860	dh'fhaodar	3
29861	monifieth	3
29862	fhìnealt	3
29863	rachainn	3
29864	cladh-abhainn	3
29865	h-eirbhe	3
29866	grùdaireachd	3
29867	mhuileann	3
29868	gleneagles	3
29869	gip	3
29870	jekyll	3
29871	osbourne	3
29872	curach	3
29873	nights	3
29874	còrd	3
29875	h-iongnadh	3
29876	skink	3
29877	aberchirder	3
29878	fountain	3
29879	sàmi	3
29880	carswell	3
29881	orchy	3
29882	ardlui	3
29883	crianlarich	3
29884	faclaireachd	3
29885	synthesis	3
29886	ibhe	3
29887	mìneachail	3
29888	gruyter	3
29889	dh'àite	3
29890	biling	3
29891	daonnaire	3
29892	kippen	3
29893	mocholmaig	3
29894	selectedlevelid	3
29895	areatext	3
29896	radiolayer	3
29897	actionname	3
29898	clearareas	3
29899	areaid	3
29900	chalasraid	3
29901	dhughlais	3
29902	prior's	3
29903	cambuskenneth	3
29904	mhicphàrlain	3
29905	mèirle	3
29906	shawcross	3
29907	ochiltree	3
29908	waterside	3
29909	mound	3
29910	nhat	3
29911	phu	3
29912	quoc	3
29913	nhon	3
29914	mau	3
29915	chu	3
29916	seoul-incheon	3
29917	guangzhou	3
29918	gearraidhean	3
29919	bhangor	3
29920	ijsl	3
29921	iar-ogha	3
29922	creidmhich	3
29923	chladhach	3
29924	coylton	3
29925	cairidh	3
29926	macailein	3
29927	guilin	3
29928	kinlochbervie	3
29929	invergordon	3
29930	qin	3
29931	vatersay	3
29932	leaghadair-almain	3
29933	chruinneachaidhean	3
29934	ratharsaidh	3
29935	spaideile	3
29936	ionad-margaidh	3
29937	cicerone	3
29938	liagan	3
29939	seachdaine	3
29940	milngavie	3
29941	beds	3
29942	crazy	3
29943	breakfast	3
29944	grapefruit	3
29945	canail	3
29946	ùtraidean	3
29947	minimum	3
29948	dròbhairean	3
29949	bhanbhaidh	3
29950	banavie	3
29951	carbeth	3
29952	rvusz	3
29953	parvusz	3
29954	kiss	3
29955	szeged	3
29956	saami	3
29957	arppa	3
29958	carlyle	3
29959	dancing	3
29960	schotland	3
29961	fìor-mhath	3
29962	moser	3
29963	karik	3
29964	ilyich	3
29965	minot	3
29966	corneille	3
29967	florey	3
29968	ant	3
29969	krebs	3
29970	dickinson	3
29971	ochoa	3
29972	carew	3
29973	bloch	3
29974	godfrey	3
29975	samuelsson	3
29976	vane	3
29977	hitchings	3
29978	nurse	3
29979	mansfield	3
29980	satoshi	3
29981	gregg	3
29982	beath	3
29983	ici	3
29984	clootie	3
29985	bharraich	3
29986	cidheachan	3
29987	chlìbric	3
29988	h-iris	3
29989	spruis	3
29990	chailbhidh	3
29991	chnoic	3
29992	rosemarkie	3
29993	abbot	3
29994	tuille	3
29995	gràis	3
29996	às-dèidh	3
29997	bheachd-sa	3
29998	beannachadh	3
29999	judah	3
30000	mhic-an-duine	3
30001	thubaistean	3
30002	aoireann	3
30003	briathrach	3
30004	signature	3
30005	farjeon	3
30006	bana-chleasaiche	3
30007	dachaidh	3
30008	laoidheadair	3
30009	dearrsadh	3
30010	forgaill	3
30011	rop	3
30012	tarruing	3
30013	anglican	3
30014	seanadairean	3
30015	chanain	3
30016	fhiodhaich	3
30017	lossiemouth	3
30018	findhorn	3
30019	luz	3
30020	humanidad	3
30021	muri	3
30022	pero	3
30023	orillas	3
30024	formidable	3
30025	verdad	3
30026	ense	3
30027	findochty	3
30028	fachabair	3
30029	campuzano	3
30030	fiùghantach	3
30031	cairteil	3
30032	shaoire	3
30033	fhiùdalaich	3
30034	origen	3
30035	mhalairte	3
30036	luchd-malairte	3
30037	velarde	3
30038	ferrocarril	3
30039	toiseachaidh	3
30040	colombian	3
30041	wiener	3
30042	alpujarra	3
30043	cion-cosnaidh	3
30044	crudhtan	3
30045	bun-nòsan	3
30046	chomainn-shòisealta	3
30047	geographical	3
30048	primavera	3
30049	chathaireil	3
30050	t-ospadal	3
30051	dailyrecord	3
30052	seach-rathad	3
30053	spey	3
30054	chnocaidh	3
30055	fidheall	3
30056	àilid	3
30057	comrie	3
30058	feàrnan	3
30059	abèidh	3
30060	victims	3
30061	invergowrie	3
30062	cheannmhoir	3
30063	kenmore	3
30064	maothail	3
30065	spittal	3
30066	letham	3
30067	buddhach	3
30068	bhuddhach	3
30069	sgapta	3
30070	cowie	3
30071	craiglockhart	3
30072	màthaireachd	3
30073	nynorn	3
30074	dechmont	3
30075	brìch	3
30076	cloiche-guail	3
30077	phìobairean	3
30078	lautaro	3
30079	laguia	3
30080	adhbharaich	3
30081	arjona	3
30082	ctor	3
30083	cobo	3
30084	chanail	3
30085	product	3
30086	fhrangais	3
30087	holl	3
30088	harley	3
30089	eilthirich	3
30090	dirleton	3
30091	lìteann	3
30092	boswells	3
30093	airchill	3
30094	coldstream	3
30095	ancrum	3
30096	eyemouth	3
30097	longphort	3
30098	mhacais	3
30099	lammermoor	3
30100	choatbridge	3
30101	obair-iarainn	3
30102	nutabes	3
30103	cairngorm	3
30104	krzeszowice	3
30105	czes	3
30106	osz	3
30107	historii	3
30108	chuith-raing	3
30109	abercrombie	3
30110	mhorton	3
30111	mucadaidh	3
30112	cer	3
30113	aimhreiteach	3
30114	taigh-cràbhaidh	3
30115	elcolombiano	3
30116	thàillear	3
30117	cuentos	3
30118	dspace	3
30119	poemas	3
30120	libro	3
30121	arenales	3
30122	udea	3
30123	undergrad	3
30124	medellin	3
30125	unal	3
30126	sitio	3
30127	viejo	3
30128	textos	3
30129	luchd-taistealachd	3
30130	reachdair	3
30131	caecilia	3
30132	itagui	3
30133	nutabe	3
30134	tìdsearan	3
30135	vallenato	3
30136	bhuadh	3
30137	carsphairn	3
30138	carrsa	3
30139	bagraidh	3
30140	theglenkens	3
30141	about-the-glenkens	3
30142	the-glenkens-villages	3
30143	èataine	3
30144	roberta	3
30145	tuckfield	3
30146	tourist	3
30147	vaup	3
30148	àireamh-sluiagh	3
30149	humberto	3
30150	afro-coloimbianach	3
30151	poballaiche	3
30152	ier	3
30153	sreapadair	3
30154	rèisimeidean	3
30155	barblae	3
30156	gateway	3
30157	halls	3
30158	newcastleton	3
30159	lochmaben	3
30160	colombia-sa	3
30161	foto	3
30162	pleàna	3
30163	bocas	3
30164	bhunsgoil	3
30165	poirt	3
30166	thornhill	3
30167	buccleuch	3
30168	twynholm	3
30169	arv	3
30170	ciadan	3
30171	rafareyes	3
30172	quinine	3
30173	às-mhalairte	3
30174	phàrtaigh	3
30175	rdenas	3
30176	iasdan	3
30177	ùpraidean	3
30178	lethcheud	3
30179	bhantrach	3
30180	busby	3
30181	loudspeaker	3
30182	atlantico	3
30183	snowy	3
30184	dh'èirigh	3
30185	fhithich	3
30186	ghreim	3
30187	teàrainteachd	3
30188	solanum	3
30189	borda	3
30190	mùirean	3
30191	slamannan	3
30192	siorap	3
30193	triangular	3
30194	bàsmhorachd	3
30195	guadalbull	3
30196	dayan	3
30197	tablas	3
30198	pliny	3
30199	às-mhalairt	3
30200	jaen	3
30201	alcazar	3
30202	castillosnet	3
30203	sabhail	3
30204	chathair-eaglaise	3
30205	tecnologia	3
30206	catedral	3
30207	arquitectura	3
30208	orfebrer	3
30209	olas	3
30210	calpe	3
30211	galav	3
30212	confederaci	3
30213	maco	3
30214	deogracias	3
30215	cuartas	3
30216	primero	3
30217	bhuga	3
30218	bheairtiche	3
30219	t-ògmhìos	3
30220	onomastica	3
30221	standburn	3
30222	tochladh	3
30223	leas-ceann-suidhe	3
30224	thaghaich	3
30225	eusebia	3
30226	phasto	3
30227	thunja	3
30228	angulo	3
30229	pante	3
30230	coauthors	3
30231	dokumenty	3
30232	moravia	3
30233	aranda	3
30234	mòr-dhail	3
30235	bhoyac	3
30236	dhearbhachadh	3
30237	sarmiento	3
30238	phàipearan-naidheachd	3
30239	azuero	3
30240	consal	3
30241	triana	3
30242	chreidmheach	3
30243	monopolaidh	3
30244	àrd-sheanailear	3
30245	riz	3
30246	sancho	3
30247	seraf	3
30248	tapia	3
30249	jor	3
30250	pascual	3
30251	carballo	3
30252	palmero	3
30253	segismundo	3
30254	moret	3
30255	mendieta	3
30256	dato	3
30257	iradier	3
30258	lerroux	3
30259	casares	3
30260	quiroga	3
30261	giral	3
30262	bahamonde	3
30263	navarro	3
30264	quijano	3
30265	suid	3
30266	chaich	3
30267	àrd-neach-lagha	3
30268	mhìnicheas	3
30269	poder	3
30270	todaslasartes	3
30271	obrames	3
30272	greiseagan	3
30273	sgianach	3
30274	santaf	3
30275	militar	3
30276	leòin	3
30277	pardo	3
30278	iragorri	3
30279	reiceadair	3
30280	camacho	3
30281	dh'ath-leasaich	3
30282	olimpo	3
30283	riascos	3
30284	memorias	3
30285	pinz	3
30286	dhìonadair	3
30287	co-aonachadh	3
30288	neach-dùbhlain	3
30289	taigh-cìse	3
30290	oilthigheach	3
30291	cabrera	3
30292	melanie	3
30293	choinn	3
30294	nbcnews	3
30295	luchd-fulaing	3
30296	mànran	3
30297	mckenzie	3
30298	twentieth	3
30299	braon	3
30300	paramadairean	3
30301	thrèanaichean	3
30302	shilesia	3
30303	làmhachas-làidir	3
30304	ùpraideach	3
30305	dòrainn	3
30306	neach-ionaid	3
30307	h-abhainne	3
30308	t-eàrlas	3
30309	dèidhinn	3
30310	chopar	3
30311	raidigich	3
30312	horacio	3
30313	serpa	3
30314	liberales	3
30315	economia	3
30316	econom	3
30317	dhiosg	3
30318	fònaichean-làimhe	3
30319	diosgaichean	3
30320	fhealla-dhà	3
30321	fir-rannsachaidh	3
30322	revues	3
30323	fhaicsinnich	3
30324	bhean-nighe	3
30325	bhròin	3
30326	gàbhaidh	3
30327	cunnairt	3
30328	shiubhladh	3
30329	cockburnspath	3
30330	verne	3
30331	scientifiction	3
30332	amazing	3
30333	progress	3
30334	clute	3
30335	orbit	3
30336	aldous	3
30337	saibeir-punc	3
30338	blade	3
30339	opra-fànais	3
30340	ogilvie	3
30341	broughton	3
30342	leyden	3
30343	cho-cheangailte	3
30344	kalba	3
30345	hermitage	3
30346	ochach	3
30347	cheàrnaidh	3
30348	mìlsean	3
30349	speyer	3
30350	troimh-chèile	3
30351	dìonachd	3
30352	turmequ	3
30353	quezada	3
30354	bristeadh	3
30355	tisquesusa	3
30356	smachdail	3
30357	caradh	3
30358	gryffe	3
30359	bhearchain	3
30360	cucuta	3
30361	dheichead	3
30362	dhàil	3
30363	soisgeulachd	3
30364	vald	3
30365	t-sluagh-ghairm	3
30366	sealbhadaireachd	3
30367	lochwinnoch	3
30368	sgaraidh	3
30369	sengoidelc	3
30370	duil-belrai	3
30371	soldat	3
30372	taighean-cràbhaidh	3
30373	kilbarchan	3
30374	barreiro	3
30375	stàitirean	3
30376	comann-sòisealta	3
30377	chico	3
30378	trinitaria	3
30379	phàrant	3
30380	dleastanais	3
30381	chiapas	3
30382	juncan	3
30383	aporrea	3
30384	ferreira	3
30385	esguerra	3
30386	fhiosta	3
30387	an-dè	3
30388	vive	3
30389	fondo	3
30390	luchd-mhalairt	3
30391	loighnichean	3
30392	quint	3
30393	nieto	3
30394	personajes	3
30395	notas	3
30396	càinidhean	3
30397	a'mhòr-chuid	3
30398	manga	3
30399	offa	3
30400	sùbh-craoibh	3
30401	narino	3
30402	darkgray	3
30403	plaid	3
30404	ndorfi	3
30405	hebe	3
30406	creidmheach	3
30407	tuaigh	3
30408	cìomaid	3
30409	choco	3
30410	collmbia	3
30411	remolino	3
30412	naples	3
30413	crithean-talmhainn	3
30414	gheòlasach	3
30415	weser	3
30416	sticerd	3
30417	casereport	3
30418	ausstellungen	3
30419	comuneros	3
30420	arturo	3
30421	carrizosa	3
30422	cubano	3
30423	liberaci	3
30424	hernando	3
30425	londo	3
30426	enz	3
30427	banco	3
30428	chiquinquir	3
30429	nowy	3
30430	badaig	3
30431	glasbaidh	3
30432	connspaidiche	3
30433	chacha	3
30434	coinnlearan	3
30435	tèarainte	3
30436	dh'fhaodamaid	3
30437	soisgeulaichean	3
30438	institiudan	3
30439	blasad	3
30440	mehmet	3
30441	jake	3
30442	wilsede	3
30443	mhàir	3
30444	ecology	3
30445	ionnan	3
30446	kirkhill	3
30447	geanainn	3
30448	tyrone	3
30449	horst	3
30450	gaelsc	3
30451	bantrach	3
30452	messe	3
30453	zwickau	3
30454	plauen	3
30455	vogtland	3
30456	nei	3
30457	saor-baile	3
30458	erzgebirge	3
30459	elbsandsteingebirge	3
30460	elster	3
30461	thietmar	3
30462	sorb	3
30463	hochschule	3
30464	wirtschaft	3
30465	acta	3
30466	diplomaticus	3
30467	antigonish	3
30468	bhàsair	3
30469	soillearachaidh	3
30470	pali	3
30471	dharma	3
30472	bun-os-cionn	3
30473	viewfulldataset	3
30474	instanceselection	3
30475	productid	3
30476	datasetinstanceid	3
30477	startcolumn	3
30478	numberofcolumns	3
30479	containerareaid	3
30480	exeter	3
30481	aberfal	3
30482	t-sir	3
30483	aberporth	3
30484	angelo	3
30485	concesio	3
30486	phius	3
30487	dìneasair	3
30488	ichthyosaur	3
30489	fhlòdaigearraidh	3
30490	schwarzenegger	3
30491	dh'eabhraig	3
30492	kazan	3
30493	streetcar	3
30494	desire	3
30495	bogart	3
30496	chaplin	3
30497	martins	3
30498	pop-r	3
30499	chrzan	3
30500	kemper	3
30501	cary	3
30502	concise	3
30503	lìonaidh	3
30504	bràghaid	3
30505	luchd-sgrìobhaidh	3
30506	bunsgoilshleite	3
30507	teasgasg	3
30508	bhàta-slaodaidh	3
30509	anglian	3
30510	sonar	3
30511	peic	3
30512	bàta-smuid	3
30513	gogarth	3
30514	tudno	3
30515	stèisein	3
30516	naturalisme	3
30517	tharraingeadh	3
30518	avec	3
30519	deux	3
30520	regard	3
30521	dàm	3
30522	fìoras	3
30523	honore-de-balzac	3
30524	peau	3
30525	chagrin	3
30526	comedia	3
30527	cho-chomainn	3
30528	dachaigheil	3
30529	proust	3
30530	t-solas	3
30531	ghuy	3
30532	laure	3
30533	poittevin	3
30534	lannsa	3
30535	tretat	3
30536	mhargaid	3
30537	cruinn-shneachda	3
30538	obair-crèadha	3
30539	chriostal	3
30540	mhargaidhean	3
30541	seòclaid	3
30542	frankfurter	3
30543	reise	3
30544	actes	3
30545	sheachain	3
30546	colet	3
30547	dhise	3
30548	tlachdmhor	3
30549	gueuloir	3
30550	beò-ghlacadh	3
30551	frasadh	3
30552	clachan-meallain	3
30553	antoninus	3
30554	pàipeir-naidheachd	3
30555	susbainteach	3
30556	impidh	3
30557	bombet	3
30558	peinture	3
30559	mhì-shealbhach	3
30560	swa	3
30561	philosophique	3
30562	visitvoltaire	3
30563	ro-ruithear	3
30564	armand	3
30565	speculaas	3
30566	speculum	3
30567	antonie	3
30568	statcounter	3
30569	brabhsairean	3
30570	choimhearnsachd	3
30571	en-us	3
30572	guia	3
30573	jade-vertrag	3
30574	nwzonline	3
30575	preussen-in-wilhelmshaven	3
30576	liddell	3
30577	etymologisches	3
30578	rterbuch	3
30579	rnberger	3
30580	ghath	3
30581	chantadh	3
30582	còinneach	3
30583	cuairt-loidhne	3
30584	cairigh	3
30585	gentle	3
30586	herodote	3
30587	spices	3
30588	rinc	3
30589	mairie	3
30590	hanse	3
30591	caput	3
30592	proto-cheiltis	3
30593	sandhi	3
30594	hrung	3
30595	ladar	3
30596	sèimheachaidh	3
30597	leurbost	3
30598	athair-cèile	3
30599	fo-thaghadh	3
30600	siorrach	3
30601	alpes	3
30602	campania	3
30603	cagliari	3
30604	rafferty	3
30605	kermanshah	3
30606	chidorf	3
30607	zio	3
30608	h-òraidean	3
30609	esu	3
30610	naoidhnear	3
30611	clàr-ama	3
30612	studien	3
30613	uni-jena	3
30614	freidrich	3
30615	schott	3
30616	forollhogna	3
30617	tableandchart	3
30618	sundy	3
30619	scheldt	3
30620	rhin	3
30621	basel-landschaft	3
30622	lucerne	3
30623	vierwaldst	3
30624	ttersee	3
30625	thimi	3
30626	vatn	3
30627	syddanmark	3
30628	perepis	3
30629	aaaaff	3
30630	neva	3
30631	petrograd	3
30632	veshenskaya	3
30633	rostov	3
30634	krai	3
30635	ouest	3
30636	chercher	3
30637	garonne	3
30638	dolno	3
30639	peaks	3
30640	liguria	3
30641	espagne	3
30642	olive	3
30643	hispalis	3
30644	rba	3
30645	iar-thuatha	3
30646	baden-wuerttemberg	3
30647	heston	3
30648	niven	3
30649	rvi	3
30650	lefigaro	3
30651	artfig	3
30652	lauderdale	3
30653	squad	3
30654	lago	3
30655	bleu	3
30656	gamal	3
30657	abdel	3
30658	michele	3
30659	cincinnati	3
30660	vostok	3
30661	shawnee	3
30662	lven	3
30663	bjo	3
30664	pomorskie	3
30665	eceurope	3
30666	zentrale	3
30667	dh'ath-cheannsaich	3
30668	shaor-bhaile	3
30669	cuairtich	3
30670	h-net	3
30671	biz	3
30672	bront	3
30673	h-uachdaranan	3
30674	bedo	3
30675	ghnàthas	3
30676	choinneamhan	3
30677	gaga	3
30678	jamshog	3
30679	chepstow	3
30680	trellech	3
30681	traeth	3
30682	villeneuve	3
30683	rale	3
30684	rotaru	3
30685	fij	3
30686	rada	3
30687	kin	3
30688	srònachadh	3
30689	gceann	3
30690	neo-eachdraidheil	3
30691	bun-fhuaim	3
30692	pointe	3
30693	pitre	3
30694	eras	3
30695	gallia	3
30696	picard	3
30697	bellaghy	3
30698	nalis	3
30699	ius	3
30700	nev	3
30701	sancti	3
30702	plustry	3
30703	broin	3
30704	fhliuch	3
30705	o-o	3
30706	dhèanainn	3
30707	sheapain	3
30708	mapsofworld	3
30709	kansai	3
30710	mitxelena	3
30711	rate	3
30712	kanagawa	3
30713	oliva	3
30714	tarraconense	3
30715	lusitana	3
30716	montes	3
30717	puertos	3
30718	conocidas	3
30719	nuestros	3
30720	kor	3
30721	qorteba	3
30722	cale	3
30723	provincial	3
30724	bhilbao	3
30725	sèolta	3
30726	onyar	3
30727	ell	3
30728	ciutatdegirona	3
30729	ilerda	3
30730	aquae	3
30731	xli	3
30732	biscay	3
30733	ciallachdh	3
30734	cronos	3
30735	localidades	3
30736	paginas	3
30737	meadheanach	3
30738	kaste	3
30739	annn	3
30740	luchd-rannschaidh	3
30741	bheach	3
30742	àite-obrach	3
30743	cant	3
30744	asamblea	3
30745	maxtor	3
30746	meudon	3
30747	petite	3
30748	història	3
30749	l'art	3
30750	seunta	3
30751	deilbhidh	3
30752	ncu	3
30753	glenkiln	3
30754	grahams	3
30755	fear-ealain	3
30756	minerva	3
30757	cungaidhean-leighis	3
30758	mòdach	3
30759	gearrain	3
30760	guitart	3
30761	congost	3
30762	staidhrichean	3
30763	seòmar-suidhe	3
30764	cnogan	3
30765	ìoc-shlàintean	3
30766	jocs	3
30767	florals	3
30768	stocainn	3
30769	t-sloinneadh	3
30770	bhruthadh	3
30771	h-eòlaiche	3
30772	iv-tr	3
30773	spreigearra	3
30774	ceòs	3
30775	tina	3
30776	peppa	3
30777	astley	3
30778	players	3
30779	beanncharaidh	3
30780	lèithean	3
30781	aboyne	3
30782	dìseart	3
30783	gronn	3
30784	craobh-iubhair	3
30785	fhartairchill	3
30786	fàis	3
30787	ireach	3
30788	chuineag	3
30789	pollaidh	3
30790	bheòshlainte	3
30791	grade	3
30792	camping	3
30793	bradhan	3
30794	tàillear	3
30795	chùlag	3
30796	chataich	3
30797	lighe	3
30798	uwe	3
30799	neach-gleidhidh	3
30800	torvalds	3
30801	ceo	3
30802	shares	3
30803	notation	3
30804	ultimahora	3
30805	iturbe	3
30806	guair	3
30807	hijo	3
30808	bald	3
30809	hasta	3
30810	isean	3
30811	lived	3
30812	attended	3
30813	neach-dèanadais	3
30814	spoth	3
30815	teacs	3
30816	dgeec	3
30817	encarnaci	3
30818	beatriz	3
30819	t-ùghdair	3
30820	sonia	3
30821	planeta	3
30822	colinas	3
30823	sufro	3
30824	t-irisleabhar	3
30825	anticuario	3
30826	gaztelugatxe	3
30827	olatu	3
30828	sailor	3
30829	druidheil	3
30830	ilce	3
30831	cusco	3
30832	scrabble	3
30833	elazowa	3
30834	gnìomhasan	3
30835	tinvaal	3
30836	chòrnailear	3
30837	cead-siubhail	3
30838	this-day-in-history	3
30839	tion	3
30840	bin	3
30841	roinnean-tìde	3
30842	greenwichmeantime	3
30843	tampa	3
30844	lila	3
30845	taigh-chalman	3
30846	verdun	3
30847	l'arm	3
30848	port-joinville	3
30849	pas-de-calais	3
30850	destination	3
30851	quirze	3
30852	parco	3
30853	nazionale	3
30854	sejm	3
30855	kochanowski	3
30856	fed	3
30857	jewishgen	3
30858	moduleid	3
30859	neckar	3
30860	schwarzwald	3
30861	bheartaiche	3
30862	monuments	3
30863	landmarks	3
30864	taighean-gnìomhachas	3
30865	rburg	3
30866	historisches-lexikon-bayerns	3
30867	reichsstadt	3
30868	entwicklung	3
30869	jewishencyclopedia	3
30870	stannard	3
30871	herbs	3
30872	bhayern	3
30873	fakten	3
30874	wirral	3
30875	datum	3
30876	borbetomagus	3
30877	burgundi	3
30878	bistum	3
30879	ioma-phòsadh	3
30880	catalogue	3
30881	rfi	3
30882	gaddafi	3
30883	dh'uchd-mhacaich	3
30884	shaighdearachd	3
30885	pan-arabas	3
30886	tribune	3
30887	cne	3
30888	holmer	3
30889	fieldwork	3
30890	leathach	3
30891	electronic	3
30892	roibeard	3
30893	researchers	3
30894	duisburg	3
30895	biografisk	3
30896	phonemic	3
30897	buske	3
30898	endangered	3
30899	ollscoil	3
30900	thròndairnis	3
30901	sulimierski	3
30902	walewski	3
30903	innych	3
30904	owia	3
30905	skich	3
30906	walewskiego	3
30907	carnie	3
30908	co-chàradh	3
30909	nicfhraingein	3
30910	notae	3
30911	uidhist	3
30912	mieszko	3
30913	ainmeach	3
30914	dziedzictwo	3
30915	phosen	3
30916	grossherzogtum	3
30917	mickiewicz	3
30918	nilsson	3
30919	elazo	3
30920	kujawsko-pomorskie	3
30921	h-easbaigeachd	3
30922	masuren	3
30923	berichte	3
30924	titel	3
30925	leasaiche	3
30926	klif	3
30927	open-source	3
30928	orbis	3
30929	piotrowice	3
30930	brzeg	3
30931	memo	3
30932	wiedzy	3
30933	boles	3
30934	harrassowitz	3
30935	bhitheantas	3
30936	jahrgang	3
30937	client	3
30938	slavischen	3
30939	twenty	3
30940	clèirich	3
30941	ille-bhàin	3
30942	fhrithealaich	3
30943	remote	3
30944	iar-cheum	3
30945	bella	3
30946	mhicshimidh	3
30947	nicphaidein	3
30948	vad	3
30949	history-switzerland	3
30950	timeline-switzerlands-history	3
30951	friburg	3
30952	basilea	3
30953	appenzello	3
30954	rhodes	3
30955	danielou	3
30956	roh	3
30957	kwe	3
30958	storico	3
30959	chantun	3
30960	deswitzerland-cities	3
30961	la-chaux-de-fonds	3
30962	phròsdanach	3
30963	curry	3
30964	bodensee	3
30965	h-alp	3
30966	frauen	3
30967	lombard	3
30968	leadership	3
30969	statistikdaten	3
30970	klee	3
30971	staatsanzeiger	3
30972	rotte	3
30973	yevhen	3
30974	vasili	3
30975	shield	3
30976	chuibheasaich	3
30977	torrachais	3
30978	tamall	3
30979	ciad-ghin	3
30980	oecd	3
30981	demokratischen	3
30982	dyfed	3
30983	narbonne	3
30984	haus	3
30985	zbab	3
30986	lci	3
30987	smi	3
30988	taigh-fhoillseachaidh	3
30989	ghil	3
30990	sampall	3
30991	steitz	3
30992	venkatraman	3
30993	ramakrishnan	3
30994	yonath	3
30995	chidambaram	3
30996	chalfie	3
30997	osamu	3
30998	antwerppen	3
30999	traidisein	3
31000	enso	3
31001	morvern	3
31002	chroàisia	3
31003	beevor	3
31004	akal	3
31005	madaidhean-allaidh	3
31006	vosges	3
31007	ei-ichi	3
31008	tar-chuplachaidh	3
31009	selecci	3
31010	tertulia	3
31011	chih	3
31012	propagating	3
31013	easbaige	3
31014	fayette	3
31015	roch	3
31016	bharbhais	3
31017	diversity	3
31018	slatan	3
31019	macaca	3
31020	tamaiseach	3
31021	gibraltar	3
31022	leibheil	3
31023	àrainn-lìn	3
31024	jaime	3
31025	morningside	3
31026	hollscoile	3
31027	jmurray	3
31028	blackseaoverview	3
31029	interviews	3
31030	kaye	3
31031	ceilt-ìbeiris	3
31032	ebro	3
31033	argent	3
31034	procadair	3
31035	mothtain	3
31036	sìnis	3
31037	hiteach	3
31038	siwan	3
31039	oireach	3
31040	eadar-phearsanta	3
31041	dugald	3
31042	discours	3
31043	comme	3
31044	foix	3
31045	gisela	3
31046	shaoranach	3
31047	motion	3
31048	scottishgaelicawards	3
31049	phane	3
31050	hollande	3
31051	drian	3
31052	farpaisich	3
31053	carwyn	3
31054	studii	3
31055	instituci	3
31056	samurai	3
31057	throne	3
31058	èigneachail	3
31059	oibseact	3
31060	buill-eisimpleir	3
31061	d'fhàg	3
31062	hind	3
31063	responsibility	3
31064	prusik	3
31065	udain	3
31066	asa	3
31067	seabhag	3
31068	ogh	3
31069	fiar	3
31070	lismore	3
31071	reducing	3
31072	withers	3
31073	rruri	3
31074	elcorreo	3
31075	correo	3
31076	cathail	3
31077	outdoors	3
31078	pilot	3
31079	sgoil-pharaiste	3
31080	eadar-theangaire	3
31081	taigh-feachd	3
31082	dh'iarras	3
31083	amtliche	3
31084	snìomhadair	3
31085	stiùdio	3
31086	inktpotgenootschap	3
31087	activiteiten	3
31088	dominee-klaas-hendrikse-over-kerk-geloof-en-ongelooff	3
31089	inkpotgenootschaft	3
31090	ece	3
31091	staat	3
31092	enrick	3
31093	verdi	3
31094	vincenzo	3
31095	nelahozeves	3
31096	thorradh	3
31097	exigua	3
31098	brusca	3
31099	isopoda	3
31100	fhaoighiche	3
31101	mactv	3
31102	germans	3
31103	mhìr	3
31104	leifear	3
31105	dhomhnaill	3
31106	perrot	3
31107	beil	3
31108	taigh-leughaidh	3
31109	churchofscotland	3
31110	clàr-leughaidh	3
31111	humphrys	3
31112	bagenal	3
31113	leice	3
31114	lagaich	3
31115	cathain	3
31116	imeacht	3
31117	niarla	3
31118	wort	3
31119	schottisch-g	3
31120	feabhal	3
31121	cycling	3
31122	stornowaygazette	3
31123	shandwick	3
31124	charraidh	3
31125	cadboll	3
31126	chathail	3
31127	giolla	3
31128	vestey	3
31129	thairg	3
31130	sitheann	3
31131	achieve	3
31132	associates	3
31133	assessment	3
31134	fica	3
31135	tableviewer	3
31136	tableview	3
31137	csoi	3
31138	cumhuriyet	3
31139	halk	3
31140	oxforddnb	3
31141	tiptop	3
31142	chonail	3
31143	teinnteach	3
31144	paragneiss	3
31145	triùr	3
31146	schedule	3
31147	bhige	3
31148	kirkintilloch	3
31149	maree	3
31150	sleaghach	3
31151	conchobhair	3
31152	coirib	3
31153	ira	3
31154	tone	3
31155	riach	3
31156	offaly	3
31157	gile	3
31158	mhuirthead	3
31159	mokyr	3
31160	developments	3
31161	chaisil	3
31162	ròba	3
31163	osi	3
31164	primary-schools	3
31165	tòin	3
31166	hinse	3
31167	iorrais	3
31168	eanaigh	3
31169	cheallaigh	3
31170	ardach-cluain	3
31171	fearna	3
31172	ceanannas	3
31173	kilkenny	3
31174	monaghan	3
31175	ochtaracha	3
31176	bearta	3
31177	tipperary	3
31178	inse	3
31179	fhearghais	3
31180	geogindx	3
31181	protectedsites	3
31182	sacselection	3
31183	eucode	3
31184	ochtair	3
31185	gow	3
31186	deas-ghnathan	3
31187	crabhach	3
31188	buntanas	3
31189	cuhk	3
31190	kendal	3
31191	tèile	3
31192	eml	3
31193	chamber	3
31194	seanbhaile	3
31195	mhuc-àird	3
31196	mhèinneadair	3
31197	cusano	3
31198	reubalaich	3
31199	bolinaga	3
31200	igo	3
31201	nowtilus	3
31202	ibhinn	3
31203	dhoibh	3
31204	fascismo	3
31205	dhiùilteadh	3
31206	mykines	3
31207	roinneachd	3
31208	chalpachais	3
31209	fiùdalachd	3
31210	eps	3
31211	speisealta	3
31212	publico	3
31213	prionnsan	3
31214	alunos	3
31215	uefs	3
31216	protesto	3
31217	ufmg	3
31218	mec	3
31219	unidades	3
31220	abril	3
31221	belo	3
31222	unidade	3
31223	contagem	3
31224	acessado	3
31225	celso	3
31226	suckow	3
31227	folio	3
31228	dèir	3
31229	làn-duilleige	3
31230	meanbh-choltas	3
31231	tarròs	3
31232	finestres	3
31233	sàpiens	3
31234	todopueblos	3
31235	carme	3
31236	ballester	3
31237	funds	3
31238	deth	3
31239	bliadhnaichean-leum	3
31240	cherif	3
31241	cuaderno	3
31242	wake	3
31243	psoe	3
31244	àrd-rùnaire	3
31245	telo	3
31246	cebreros	3
31247	ntgen	3
31248	peinnsean	3
31249	bhochdainn	3
31250	hmi	3
31251	fiosan	3
31252	episodes	3
31253	adm	3
31254	fear-iomairt	3
31255	fakty	3
31256	desio	3
31257	skinner	3
31258	comunedigenga	3
31259	bhreatunnaich	3
31260	adriaticach	3
31261	eadar-th	3
31262	aithghearr	3
31263	santiebeati	3
31264	dettaglio	3
31265	sena	3
31266	midi	3
31267	urbanus	3
31268	shagairt	3
31269	chàirdineal	3
31270	zac	3
31271	sunderland	3
31272	youth	3
31273	theaghalach	3
31274	portacomaro	3
31275	fabio	3
31276	gaidhleach	3
31277	campbells	3
31278	osborne	3
31279	wad	3
31280	piemontais	3
31281	alessandria	3
31282	joey	3
31283	orme	3
31284	letterman	3
31285	androchaid	3
31286	zensus	3
31287	ghlacas	3
31288	braille	3
31289	luciano	3
31290	beverly	3
31291	portolà	3
31292	mcnbiografias	3
31293	app-bio	3
31294	ebert	3
31295	infoplease	3
31296	t-actair	3
31297	datenbank	3
31298	landau	3
31299	winters	3
31300	tosceach	3
31301	valoda	3
31302	freaslainnis	3
31303	balcain-ròmanach	3
31304	bareli	3
31305	shòisealach-maladaibh	3
31306	wne	3
31307	peoplegroups	3
31308	groupdetails	3
31309	peid	3
31310	tol	3
31311	orsa	3
31312	beairtiche	3
31313	tè-poileataigs	3
31314	hamn	3
31315	taland	3
31316	largest-cities-in-sweden	3
31317	coinmheadh	3
31318	celebrations	3
31319	gulfport	3
31320	larbert	3
31321	ath-fhosglaidh	3
31322	charing	3
31323	mhòire	3
31324	lunds	3
31325	morf-eòlas	3
31326	varsinais-suomen	3
31327	tilastotietoa	3
31328	largest-cities-in-finland	3
31329	sakala	3
31330	laht	3
31331	vytautas	3
31332	adem	3
31333	safjar	3
31334	groot	3
31335	traiectum	3
31336	ideal	3
31337	onderzoek	3
31338	projecten	3
31339	catharina	3
31340	longman	3
31341	mondriaan	3
31342	schrieke	3
31343	moma	3
31344	westchester	3
31345	kleinkunstacademie	3
31346	kristel	3
31347	emmanuelle	3
31348	spinoza	3
31349	uv	3
31350	loona	3
31351	gul	3
31352	margaretha	3
31353	frìoslann	3
31354	limburgs	3
31355	marinetraffic	3
31356	leiderdorp	3
31357	theaterschool	3
31358	beumer	3
31359	maarten	3
31360	isin	3
31361	indi	3
31362	cach	3
31363	tucad	3
31364	aith	3
31365	huisman	3
31366	margot	3
31367	martenszoon	3
31368	fashionmodeldirectory	3
31369	schistean	3
31370	sreath-leanmhainn	3
31371	chuairtean	3
31372	t-suirbhidh	3
31373	mapadh	3
31374	foremost	3
31375	unravelling	3
31376	erected	3
31377	yfke	3
31378	daphne	3
31379	hollands	3
31380	diep	3
31381	neach-dèiligidh	3
31382	ahead	3
31383	vogt	3
31384	eyes	3
31385	rainbirds	3
31386	healing	3
31387	killer	3
31388	devotion	3
31389	gone	3
31390	salvation	3
31391	mensch	3
31392	travis	3
31393	playing	3
31394	lola	3
31395	farro	3
31396	bonnefanten	3
31397	neo-bheò	3
31398	rinne	3
31399	jarrett	3
31400	tinte	3
31401	farraige	3
31402	ecstasy	3
31403	bhuannaig	3
31404	macgilliosa	3
31405	st-andrews	3
31406	nieuwe	3
31407	luchd-seilbh	3
31408	èipheit-eòlaiche	3
31409	salomon	3
31410	fhear-malairt	3
31411	rijksstudio	3
31412	pieter-jansz-saenredam	3
31413	samsam	3
31414	westerscheldetunnel	3
31415	repository	3
31416	heer	3
31417	rogallery	3
31418	guys-biography	3
31419	getty	3
31420	geschiedenis	3
31421	roelofs	3
31422	voc	3
31423	bhòidsean	3
31424	dram	3
31425	diary	3
31426	nabokov	3
31427	belle	3
31428	fury	3
31429	queneau	3
31430	sagan	3
31431	choice	3
31432	styron	3
31433	hadley	3
31434	assyntcrofters	3
31435	dblock	3
31436	chàileachd	3
31437	solicitor	3
31438	ex-treasurer	3
31439	maccrimmon	3
31440	soutar	3
31441	aulay	3
31442	eugen	3
31443	eug-samhail	3
31444	aodhaga	3
31445	goibhnean-dubha	3
31446	peanasan	3
31447	rihanna	3
31448	sua	3
31449	historica	3
31450	theòirig	3
31451	struve	3
31452	diofarach	3
31453	h-uimhir	3
31454	saoranach	3
31455	jump	3
31456	leabhar-clàr	3
31457	adler	3
31458	olga	3
31459	civile	3
31460	sistine	3
31461	fuaimreige	3
31462	kobilka	3
31463	warshel	3
31464	geodha	3
31465	bhlaeu	3
31466	mhicdhiarmaid	3
31467	ùr-nòsachas	3
31468	macdhiarmid	3
31469	thread	3
31470	gorman	3
31471	rimbaud	3
31472	electricscotland	3
31473	cliathaich	3
31474	lunnan	3
31475	froelich	3
31476	inneal-bualaidh	3
31477	blaumut	3
31478	turista	3
31479	ceithir-cuibhleachd	3
31480	cholaisde	3
31481	neach-tomhais	3
31482	meikle	3
31483	festschrift	3
31484	handsupfortrad	3
31485	scholarship	3
31486	gràinean	3
31487	min-bhuidhe	3
31488	inneal-fogharaidh	3
31489	basan	3
31490	dòigh-litreachaidh	3
31491	sìobhortaich	3
31492	torcuil	3
31493	suidhisnis	3
31494	anggun	3
31495	artiste	3
31496	chanson	3
31497	thabo	3
31498	southafrica	3
31499	coleman	3
31500	bhloemfontein	3
31501	bennet	3
31502	volkswagen	3
31503	sabar	3
31504	comhaireachd	3
31505	dil	3
31506	gibl	3
31507	oll	3
31508	samh	3
31509	cuni	3
31510	univerzita	3
31511	karlova	3
31512	praze	3
31513	shobhiatach	3
31514	seic-slòbhac	3
31515	mharcas	3
31516	leighrayment	3
31517	chruidhe	3
31518	renwick	3
31519	dunscore	3
31520	seann-chuimris	3
31521	iar-dheis	3
31522	reader's	3
31523	calmain	3
31524	stèidheadh	3
31525	bòcain	3
31526	barscobe	3
31527	glencaple	3
31528	forecasts	3
31529	mhicthòmais	3
31530	chttphandler	3
31531	timetables	3
31532	siebengebirge	3
31533	anum	3
31534	newble	3
31535	carrutherstown	3
31536	nursery	3
31537	chluig	3
31538	eat	3
31539	leadhills	3
31540	eskdale	3
31541	observatory	3
31542	stèidhichear	3
31543	dercongal	3
31544	prior	3
31545	motte	3
31546	local-news	3
31547	closeburn	3
31548	feannadh	3
31549	douglashistory	3
31550	phoca	3
31551	costachan	3
31552	screen	3
31553	halichoerus	3
31554	caise	3
31555	buildingsatrisk	3
31556	luchd-dìon	3
31557	dubhras	3
31558	ebooks	3
31559	ghàrraidh	3
31560	carronbridge	3
31561	choll	3
31562	dkirkton	3
31563	farrar	3
31564	tigers	3
31565	afraig-manachainn	3
31566	luchd-togail	3
31567	macdhunleibhe	3
31568	rammerscales	3
31569	iarsiadar	3
31570	chapelknowe	3
31571	sgeulachdan-goirid	3
31572	dosan	3
31573	aristoteles	3
31574	inneal-stotha	3
31575	comlongon	3
31576	dh'òladh	3
31577	ncavo	3
31578	duncow	3
31579	charrainn	3
31580	àide	3
31581	criminal	3
31582	heyman	3
31583	campa-cogaidh	3
31584	croladh	3
31585	nationalsozialistische	3
31586	bundeswehr	3
31587	tuathachanas	3
31588	mhearcair	3
31589	iomairt-taghaidh	3
31590	saimeant	3
31591	coimeirsealta	3
31592	buadhmhoire	3
31593	olsson	3
31594	arisaig	3
31595	shalainn	3
31596	sanndraigh	3
31597	narrows	3
31598	alive	3
31599	washabuck	3
31600	r-chuid	3
31601	prìomhadail	3
31602	lìrean	3
31603	manzarek	3
31604	tatamagouche	3
31605	farar	3
31606	glencoe	3
31607	exit	3
31608	rounding	3
31609	minus	3
31610	non-string	3
31611	ensures	3
31612	similarly	3
31613	receives	3
31614	matchestitle	3
31615	specifically	3
31616	precedence	3
31617	mergeargs	3
31618	tidiedval	3
31619	donepairs	3
31620	newindex	3
31621	translatenext	3
31622	overflow	3
31623	moduletitle	3
31624	newrawmessage	3
31625	decdeg	3
31626	multiplier	3
31627	pog	3
31628	specialparams	3
31629	sanity	3
31630	mtemplateinvocation	3
31631	subpageno	3
31632	subpageonly	3
31633	talkpage	3
31634	shows	3
31635	ustringlower	3
31636	avoids	3
31637	absent	3
31638	addkey	3
31639	cfgvaluetype	3
31640	uncomment	3
31641	behave	3
31642	customisation	3
31643	determining	3
31644	listtoset	3
31645	loops	3
31646	concatenates	3
31647	algorithm	3
31648	appending	3
31649	removeduplicates	3
31650	affixnums	3
31651	preserving	3
31652	whereas	3
31653	efficient	3
31654	allowblankparams	3
31655	hascategories	3
31656	invalidtypeerror	3
31657	issubstituted	3
31658	smalltext	3
31659	imagecheckblank	3
31660	shortcut	3
31661	divs	3
31662	overlap	3
31663	mbox-image-div	3
31664	mbox-text	3
31665	hide-when-compact	3
31666	reach	3
31667	detecting	3
31668	inclusion	3
31669	typical	3
31670	aberdyfi	3
31671	abergwili	3
31672	grabhar	3
31673	pontarddulais	3
31674	uplands	3
31675	caswel	3
31676	special-landscapes	3
31677	protected-landscape	3
31678	sssis	3
31679	current-sssis-in-wales	3
31680	gwefan	3
31681	cyngor	3
31682	gwlad	3
31683	bellach	3
31684	cyfoeth	3
31685	naturiol	3
31686	llanhiledd	3
31687	cyncoed	3
31688	pentyrch	3
31689	rhiwbeina	3
31690	sblot	3
31691	crosskeys	3
31692	rhydri	3
31693	ynys-ddu	3
31694	llanfaches	3
31695	pillgwenlli	3
31696	cwmllynfell	3
31697	creunant	3
31698	penbryn	3
31699	garmon	3
31700	curig	3
31701	llangernyw	3
31702	mochdre	3
31703	clynnog	3
31704	corris	3
31705	llanfihangel-y-pennant	3
31706	llanrug	3
31707	maentwrog	3
31708	pant	3
31709	cribwr	3
31710	caersws	3
31711	caereinion	3
31712	llandysilio	3
31713	llangynllo	3
31714	llansilin	3
31715	cynog	3
31716	trefaldwyn	3
31717	clas-ar-wy	3
31718	llwytgoed	3
31719	rhigos	3
31720	cilgerran	3
31721	clunderwen	3
31722	maenclochog	3
31723	nanhyfer	3
31724	solfach	3
31725	templeton	3
31726	offa's	3
31727	sulien	3
31728	llandegla	3
31729	llangynhafal	3
31730	madog	3
31731	neach-eòlas-nàdair	3
31732	neach-cruinn-eòlas	3
31733	llan-non	3
31734	llanboidy	3
31735	llanfihangel-ar-arth	3
31736	llanpumsaint	3
31737	llansadwrn	3
31738	llanwinio	3
31739	talyllychau	3
31740	tre-lech	3
31741	chwitffordd	3
31742	whitford	3
31743	llaneurgain	3
31744	ysceifiog	3
31745	croesyceiliog	3
31746	pontnewydd	3
31747	coed-poeth	3
31748	esclusham	3
31749	flint	3
31750	pen-y-cae	3
31751	llanbadrig	3
31752	llanddaniel	3
31753	llaneilian	3
31754	llanfachraeth	3
31755	rhoscolyn	3
31756	bocsa-ciuil	3
31757	rodach	3
31758	communis	3
31759	shior-uaine	3
31760	suber	3
31761	caorunn	3
31762	about-naturescot	3
31763	access-information-and-services	3
31764	faclan-nadair	3
31765	populus	3
31766	critheann	3
31767	racine	3
31768	hilo	3
31769	divination	3
31770	criosdaidheachd	3
31771	ghnàthaicheas	3
31772	tomaid	3
31773	ceardaich	3
31774	undergraduate	3
31775	nodaway	3
31776	mhion-shlògh	3
31777	mhion-shluaghan	3
31778	fad-beatha	3
31779	lochy	3
31780	prehistoric	3
31781	arfordir	3
31782	gobhainn	3
31783	t-seipeil	3
31784	carmarthenshire	3
31785	tròigh	3
31786	alexandrina	3
31787	calum's	3
31788	h-artaigilean	3
31789	dì-armachadh	3
31790	establishment	3
31791	mercator	3
31792	quarry	3
31793	earbsachd	3
31794	iomrallachd	3
31795	còmhstrì	3
31796	bhain	3
31797	farcharson	3
31798	typographia	3
31799	scoto-gadelica	3
31800	clach-aoil	3
31801	mòr-thubaist	3
31802	foireann-ciùil	3
31803	stronsaigh	3
31804	glims	3
31805	copinsay	3
31806	pharay	3
31807	graemsay	3
31808	finstown	3
31809	crithinn	3
31810	pubescens	3
31811	atrocinera	3
31812	leargaidhean	3
31813	suso	3
31814	walls	3
31815	litla	3
31816	trondra	3
31817	lighthouselibrary	3
31818	bigga	3
31819	tla	3
31820	wales-coast-path	3
31821	marloes	3
31822	improvement	3
31823	leabhraichean-iùil	3
31824	slightly	3
31825	strumble	3
31826	pwllgwaelod	3
31827	boraraigh	3
31828	soaigh	3
31829	chas-cheum	3
31830	shuttle	3
31831	lingey	3
31832	balta	3
31833	flugga	3
31834	eilean-tràghaidh	3
31835	bac-gainmhich	3
31836	urie	3
31837	helliar	3
31838	doreen	3
31839	kist	3
31840	chrombail	3
31841	danna	3
31842	dùin-ghainmhich	3
31843	creigean	3
31844	làthach	3
31845	enys	3
31846	breyer	3
31847	keow	3
31848	elidius	3
31849	bàta-siolastair	3
31850	gisborne	3
31851	christchurch	3
31852	topographical	3
31853	leumadairean	3
31854	sgrab	3
31855	cathag	3
31856	documentary	3
31857	fallen	3
31858	man-made	3
31859	adornment	3
31860	exquisite	3
31861	reaction	3
31862	taigh-càine	3
31863	fodhpa	3
31864	eryr	3
31865	contrast	3
31866	myrddin	3
31867	sluganan	3
31868	presidency	3
31869	sepoys	3
31870	nabaidhean	3
31871	leagh	3
31872	teintean-ealain	3
31873	aquisgranum	3
31874	editore	3
31875	karlspreis	3
31876	werth	3
31877	rotorua	3
31878	kapiti	3
31879	wera	3
31880	otaki	3
31881	alford	3
31882	wolfville	3
31883	gaspereau	3
31884	ponticum	3
31885	sissiboo	3
31886	censla	3
31887	còmhdhailean	3
31888	pascal	3
31889	fragments	3
31890	judique	3
31891	oktogon	3
31892	eilge	3
31893	dagger	3
31894	nictaux	3
31895	afraic	3
31896	cairnwater	3
31897	dealan-uisgeach	3
31898	morrell	3
31899	coruisk	3
31900	arrived	3
31901	fog	3
31902	tidnish	3
31903	t-sìthidh	3
31904	arbha	3
31905	cumhagaidh	3
31906	taigh-seilg	3
31907	gillaroo	3
31908	trout	3
31909	morven	3
31910	airbles	3
31911	greenfaulds	3
31912	chuilinn	3
31913	duibhleitir	3
31914	t-seanchas	3
31915	donnlaich	3
31916	barnard	3
31917	cur-seachad	3
31918	sgritheall	3
31919	arnasdal	3
31920	ratagan	3
31921	charolina	3
31922	strathglass	3
31923	fàgar	3
31924	maccodrum	3
31925	dynasty	3
31926	ane	3
31927	tale	3
31928	poulter	3
31929	brew	3
31930	lab	3
31931	casual	3
31932	holoman	3
31933	muillion	3
31934	raon-chàraichean	3
31935	dolina	3
31936	julie-anne	3
31937	millen	3
31938	nicnìll	3
31939	callan	3
31940	nicamhlaigh	3
31941	hamill	3
31942	schools-departments	3
31943	literatures-languages-cultures	3
31944	celtic-scottish-studies	3
31945	nicfhionnlaigh	3
31946	chuimeanach	3
31947	nicgilleìosa	3
31948	nicmhaolain	3
31949	nicasgaill	3
31950	morse	3
31951	macillfhinnein	3
31952	dòmhnall-iain	3
31953	macqueen	3
31954	garrowhill	3
31955	càrdanros	3
31956	cardross	3
31957	revealed	3
31958	crìonan	3
31959	sandbank	3
31960	aithris-bhideo	3
31961	orchard	3
31962	gardenstown	3
31963	muasdal	3
31964	mhicdhuibh	3
31965	taighean-dubha	3
31966	spiritual	3
31967	hainan	3
31968	ùraidh	3
31969	luichart	3
31970	almond	3
31971	dhos	3
31972	shubenacadie	3
31973	mersey	3
31974	rossignol	3
31975	ticamp	3
31976	ugie	3
31977	aisne	3
31978	allier	3
31979	aups	3
31980	digne-les-bains	3
31981	ardèche	3
31982	ardennes	3
31983	ari	3
31984	charente	3
31985	charente-maritime	3
31986	corrèze	3
31987	corse-du-sud	3
31988	creuse	3
31989	deux-sèvres	3
31990	essonne	3
31991	chartres	3
31992	gers	3
31993	colmar	3
31994	garona	3
31995	haute-loire	3
31996	haute-marne	3
31997	haute-sa	3
31998	hautes-alpes	3
31999	gap	3
32000	hautes-pyr	3
32001	rault	3
32002	landes	3
32003	loir-et-cher	3
32004	loiret	3
32005	lot-et-garonne	3
32006	laval	3
32007	mans	3
32008	toulon	3
32009	centre-val	3
32010	etimolog	3
32011	castellae	3
32012	trevi	3
32013	artehistoria	3
32014	pozuelo	3
32015	ghilleasbaig	3
32016	anchuras	3
32017	introducci	3
32018	clachach	3
32019	aache	3
32020	aragòin	3
32021	galm	3
32022	blasones	3
32023	trofeos	3
32024	siostam-riaghlaidh	3
32025	na-diugh	3
32026	briga	3
32027	oria	3
32028	terol	3
32029	rac	3
32030	samar	3
32031	parma	3
32032	umbria	3
32033	abruzzo	3
32034	milford	3
32035	barbhas	3
32036	bhanks	3
32037	ghartain	3
32038	àbhaidh	3
32039	acc	3
32040	packs	3
32041	webs	3
32042	continued	3
32043	ardgay	3
32044	mhuigh	3
32045	scrabster	3
32046	liabost	3
32047	ghròta	3
32048	co-aoisean	3
32049	aspotogan	3
32050	casgradh	3
32051	mhionnan	3
32052	aoigheachd	3
32053	bhreug	3
32054	protestants	3
32055	marc-innis	3
32056	guglielmo	3
32057	aidhin	3
32058	ios	3
32059	puisteal	3
32060	jenners	3
32061	balgreen	3
32062	craigentinny	3
32063	curriehill	3
32064	huna	3
32065	holden	3
32066	bearghdal	3
32067	langwell	3
32068	moraireachd	3
32069	skirza	3
32070	duncansby	3
32071	braigh	3
32072	lonachan	3
32073	suiridhe	3
32074	saorach	3
32075	arp	3
32076	mealt	3
32077	liuravay	3
32078	fhridhein	3
32079	mute	3
32080	uilebheistean	3
32081	nua-bhàrdachd	3
32082	gulladuff	3
32083	phrìomh-loch	3
32084	effie	3
32085	bhàna	3
32086	nasomaculatus	3
32087	lichtenstein	3
32088	t-earball	3
32089	saint-hilaire	3
32090	tora	3
32091	swayne's	3
32092	etosha	3
32093	coke's	3
32094	damaliscus	3
32095	naturelle	3
32096	gacela	3
32097	lajita	3
32098	antilope	3
32099	cervicapra	3
32100	bennettii	3
32101	chinkara	3
32102	thomsonii	3
32103	hunter's	3
32104	cults	3
32105	dunure	3
32106	fisherton	3
32107	piseag	3
32108	mofhèige	3
32109	lesmahagow	3
32110	priòireachd	3
32111	loanhead	3
32112	moirfin	3
32113	neuenhagen	3
32114	wer	3
32115	steffi-line	3
32116	luise	3
32117	ursula	3
32118	leaving	3
32119	counts	3
32120	declare	3
32121	duplication	3
32122	purports	3
32123	second-level	3
32124	immediately	3
32125	wiki-linked	3
32126	lorig	3
32127	interwiki-links	3
32128	sequences	3
32129	ext-link-access-signal	3
32130	kerning	3
32131	typewriter	3
32132	ikisource	3
32133	short-form	3
32134	usable	3
32135	trans-periodical	3
32136	quoted-title	3
32137	ignores	3
32138	identifies	3
32139	maybe	3
32140	handles	3
32141	desirable	3
32142	apostrophes	3
32143	bytes	3
32144	bump	3
32145	presumed	3
32146	surnames	3
32147	belong	3
32148	subtract	3
32149	compares	3
32150	haven't	3
32151	sr-ec	3
32152	sr-el	3
32153	categorized	3
32154	equivalents	3
32155	extensions	3
32156	spellings	3
32157	volume-like	3
32158	abbreviations	3
32159	reassembling	3
32160	author-maskn	3
32161	hyphenated	3
32162	restoring	3
32163	editor-lastn	3
32164	editor-firstn	3
32165	xxxxor	3
32166	locators	3
32167	j-page	3
32168	pp-prefix	3
32169	snapshot	3
32170	saves	3
32171	zero-fill	3
32172	older	3
32173	transmap	3
32174	scriptmap	3
32175	chapterurlaccess	3
32176	chapterformat	3
32177	seriesnum	3
32178	archive-format	3
32179	extracted	3
32180	xlated	3
32181	forced	3
32182	predefined	3
32183	avm	3
32184	interviewers	3
32185	articlenumber	3
32186	idcommon	3
32187	nonenumerated	3
32188	skips	3
32189	sandboxpath	3
32190	shuidheas	3
32191	sithidh	3
32192	statistik-mv	3
32193	landesportal	3
32194	mia	3
32195	dte	3
32196	alten	3
32197	platd	3
32198	strelitz	3
32199	legifrance	3
32200	euslaint-inntinn	3
32201	kohlhammer	3
32202	prìosain	3
32203	historiesajten	3
32204	lomax	3
32205	monarchie	3
32206	verfassung	3
32207	shagsainn-lauenburg	3
32208	kinglistseurope	3
32209	altervista	3
32210	ailpeannan	3
32211	rheinbund	3
32212	austerlitz	3
32213	phressburg	3
32214	strucair	3
32215	diet	3
32216	dhìoladh	3
32217	arenbergfoundation	3
32218	teutschen	3
32219	buchhandlung	3
32220	lenzie	3
32221	txtarea	3
32222	orden	3
32223	orte	3
32224	chòradh	3
32225	tilsit	3
32226	birstein	3
32227	mediatisierung	3
32228	sagsainn-weimar	3
32229	mhormhaich	3
32230	chòinneachain	3
32231	nicneacail	3
32232	ceathreamhnan	3
32233	corbettsandmunros	3
32234	corporal	3
32235	cornel	3
32236	championships	3
32237	fhàilnich	3
32238	carn-eige	3
32239	dossiers	3
32240	choinich	3
32241	dessau-ro	3
32242	theora	3
32243	brothersridge	3
32244	thigear	3
32245	easaich	3
32246	sgurrnanconbhairean	3
32247	rothaid	3
32248	ballachan-dìona	3
32249	katzenelnbogen	3
32250	darmstadtium	3
32251	wappen	3
32252	thar-aiseag	3
32253	cheann-dearg	3
32254	leanar	3
32255	madoc	3
32256	h-inuit	3
32257	volution	3
32258	bastille	3
32259	geschichte-abitur	3
32260	grundung	3
32261	abitur	3
32262	konzentrationslager	3
32263	rheinische	3
32264	kloster	3
32265	karin	3
32266	striopan	3
32267	zerfall	3
32268	flanagan	3
32269	leansgeul	3
32270	held	3
32271	taigh-cùraim	3
32272	goilidh	3
32273	ccel	3
32274	gesellschaft	3
32275	ucp	3
32276	romaine	3
32277	lenard	3
32278	diderik	3
32279	laue	3
32280	bragg	3
32281	purcell	3
32282	segrè	3
32283	goeppert-mayer	3
32284	penzias	3
32285	sheldon	3
32286	logsdon	3
32287	fitch	3
32288	schawlow	3
32289	kilby	3
32290	blairquhan	3
32291	mhàlagain	3
32292	thesaddle	3
32293	kosovo	3
32294	kosov	3
32295	zara	3
32296	ideòlach	3
32297	iar-theachdaire	3
32298	paidhreachadh	3
32299	tibor	3
32300	korai	3
32301	ioso-top	3
32302	mhèinnean	3
32303	elek	3
32304	klu	3
32305	zelen	3
32306	st-and	3
32307	mheilich	3
32308	dheataich	3
32309	harghita	3
32310	t-susbaint	3
32311	chian-aimsir	3
32312	tiùbaichean	3
32313	strontian	3
32314	carmichaelwatson	3
32315	lobez	3
32316	obzie	3
32317	clach-platanum	3
32318	grìob	3
32319	meataloighd	3
32320	phuinnseanach	3
32321	fìobhaich	3
32322	glass	3
32323	neach-dhealbh	3
32324	instagram	3
32325	pan-cheilteach	3
32326	brannd	3
32327	herve	3
32328	datazone	3
32329	dànachd	3
32330	dearc	3
32331	ghrèigis	3
32332	avant-garde	3
32333	musical	3
32334	lasairean	3
32335	crios-chartachaidh	3
32336	fiannaidh	3
32337	dùmhail	3
32338	krona	3
32339	attachment	3
32340	aill	3
32341	floinn	3
32342	barait	3
32343	beiste	3
32344	thitanium	3
32345	ticl	3
32346	fo-dhearg	3
32347	fosfaran	3
32348	eileagtronach	3
32349	actanaich	3
32350	iohannes	3
32351	sicut	3
32352	l'harmattan	3
32353	moilibdeanait	3
32354	latham	3
32355	duatharach	3
32356	frisa	3
32357	springholm	3
32358	puo	3
32359	spo	3
32360	àsaig	3
32361	macphàidein	3
32362	nighean-bhràthar	3
32363	caraichean	3
32364	fea-geograph	3
32365	sandyhills	3
32366	colvendchurch	3
32367	bargrennan	3
32368	balmaghie	3
32369	kirkbean-burn	3
32370	a-nist	3
32371	calpachd	3
32372	teòirigean	3
32373	chomannachd	3
32374	ida	3
32375	orphir	3
32376	nock	3
32377	àibheiseach	3
32378	seagaraidh	3
32379	hellia	3
32380	hudaman	3
32381	didimium	3
32382	inspectionandreview	3
32383	primsec	3
32384	coryell	3
32385	argoin	3
32386	bonn-chuimhne	3
32387	langen	3
32388	rogh	3
32389	by-hugh-venables	3
32390	brèibhig	3
32391	by-alan-reid	3
32392	chreutairean	3
32393	ainur	3
32394	nicgillìosa	3
32395	uria	3
32396	aalge	3
32397	coltraichean	3
32398	carnan	3
32399	eòrasdail	3
32400	mhendelevium	3
32401	physrevlett	3
32402	armbruster	3
32403	nzenberg	3
32404	cliad	3
32405	solas-bhriseadh	3
32406	ogsaiclòraid	3
32407	dubnium	3
32408	bhohrium	3
32409	chopernicium	3
32410	dh'òr	3
32411	fhlerovium	3
32412	moerner	3
32413	ibm	3
32414	betzig	3
32415	maicreosgop	3
32416	allard	3
32417	rippon	3
32418	freihung	3
32419	fiosaigeach-teicnigeach	3
32420	artemisinin	3
32421	lindahl	3
32422	modrich	3
32423	sancar	3
32424	comhchruinneacha	3
32425	marburg	3
32426	hove	3
32427	sealgairean-tionail	3
32428	flannach	3
32429	enacted	3
32430	barden	3
32431	lacasdal	3
32432	gallegos	3
32433	anita	3
32434	fce	3
32435	sica	3
32436	chateaubriand	3
32437	promisi	3
32438	artes	3
32439	beinneag	3
32440	chiquinchir	3
32441	phatran	3
32442	meadhan-ficheadan	3
32443	aoise	3
32444	bhrìgheil	3
32445	dh'ear	3
32446	conquered	3
32447	onlinelibrary	3
32448	menarche	3
32449	feudalism	3
32450	northwestern	3
32451	h-impire	3
32452	angla-shasannach	3
32453	inbhidheachd	3
32454	mhì-mhìsnich	3
32455	t-àireamh	3
32456	ghiorraich	3
32457	cinneachdach	3
32458	moch-ficheadan	3
32459	fadalach-deugan	3
32460	samantha	3
32461	dois	3
32462	gortan	3
32463	iùilia	3
32464	nma	3
32465	insight	3
32466	accuweather	3
32467	coxx	3
32468	ar-amach	3
32469	d-fhad	3
32470	sàilean	3
32471	melvich	3
32472	edc	3
32473	òmhain	3
32474	nacion	3
32475	phumarejo	3
32476	laigsean	3
32477	aineort	3
32478	lasdistancias	3
32479	friend	3
32480	bernd	3
32481	àrd-ruigh	3
32482	spanishrailway	3
32483	ferrier	3
32484	ais-ghairme	3
32485	shieldmuir	3
32486	idepaweb	3
32487	cifras	3
32488	sheadhna	3
32489	summerston	3
32490	iupac-is-naming-the-four-new-elements-nihonium-moscovium-tennessine-and-oganesson	3
32491	moscovium	3
32492	tennessine	3
32493	oganesson	3
32494	ballantyne	3
32495	brodie	3
32496	chainnich	3
32497	rosie	3
32498	kane	3
32499	fhìorachas	3
32500	adhbhraich	3
32501	cuevas	3
32502	pobladores	3
32503	alfons	3
32504	estaticos	3
32505	celia	3
32506	brigadas	3
32507	halcro	3
32508	roddick	3
32509	scanlon	3
32510	gwen	3
32511	marged	3
32512	goodman	3
32513	devereux	3
32514	mansell	3
32515	lougher	3
32516	langford	3
32517	rhydderch	3
32518	dyer	3
32519	iolo	3
32520	llangrannog	3
32521	cotton	3
32522	maddox	3
32523	pring	3
32524	wingfield	3
32525	preece	3
32526	berwyn	3
32527	duane	3
32528	llangynwyd	3
32529	morgans	3
32530	wilding	3
32531	trevelyan	3
32532	goldsworthy	3
32533	reese	3
32534	ceredig	3
32535	lyne	3
32536	job	3
32537	maddock	3
32538	spiller	3
32539	locke	3
32540	winifred	3
32541	jones-davies	3
32542	cowan	3
32543	selwyn	3
32544	llanfairpwllgwyngyll	3
32545	morgan-owen	3
32546	childs	3
32547	gibbs	3
32548	horton	3
32549	trystan	3
32550	pugsley	3
32551	lloyd-jones	3
32552	groves	3
32553	manning	3
32554	havard	3
32555	cedric	3
32556	felindre	3
32557	shea	3
32558	jennings	3
32559	ossie	3
32560	llew	3
32561	dilys	3
32562	weale	3
32563	marquand	3
32564	baynham	3
32565	daniels	3
32566	poole	3
32567	myfanwy	3
32568	gwynfor	3
32569	glover	3
32570	weaver	3
32571	sheppard	3
32572	cledwyn	3
32573	brayley	3
32574	squire	3
32575	beasley	3
32576	osmond	3
32577	walley	3
32578	philp	3
32579	gwyther	3
32580	sybil	3
32581	hauser	3
32582	cour	3
32583	gerwyn	3
32584	hardy	3
32585	denzil	3
32586	robins	3
32587	radford	3
32588	muriel	3
32589	fenton	3
32590	temple-morris	3
32591	dafis	3
32592	sloane	3
32593	rodon	3
32594	simons	3
32595	ollie	3
32596	nerys	3
32597	ogwen	3
32598	kinnock	3
32599	reece	3
32600	draper	3
32601	simmons	3
32602	ifans	3
32603	frankie	3
32604	caryl	3
32605	cerith	3
32606	jill	3
32607	dacey	3
32608	pickering	3
32609	darran	3
32610	burnell	3
32611	palfrey	3
32612	bale	3
32613	heledd	3
32614	panteg	3
32615	gwenno	3
32616	katie	3
32617	holgate	3
32618	ffion	3
32619	garyn	3
32620	gemma	3
32621	isis	3
32622	percentage	3
32623	treis	3
32624	existenz	3
32625	erz	3
32626	daniela	3
32627	heft	3
32628	aussee	3
32629	world-europe	3
32630	mba	3
32631	theoretical	3
32632	mea	3
32633	fsitelink	3
32634	grabhair	3
32635	fionnlasdan	3
32636	almeida	3
32637	marbhaig	3
32638	hosie	3
32639	zavaroni	3
32640	dougray	3
32641	adger	3
32642	wardrop	3
32643	denham	3
32644	thewliss	3
32645	siaras	3
32646	rodain	3
32647	colquhoun	3
32648	ofan	3
32649	glas-maol	3
32650	borl	3
32651	nge	3
32652	lardalen	3
32653	malardalen-university	3
32654	jock's	3
32655	northlanarkshire	3
32656	condorrat	3
32657	earra-ghàidheil	3
32658	sgoil-ealaine	3
32659	svart	3
32660	seabhag-mh	3
32661	rusticolus	3
32662	glowscotland	3
32663	navid	3
32664	cosla	3
32665	artiklar	3
32666	axzz	3
32667	bellmanpriset	3
32668	cartoon	3
32669	allhems	3
32670	wallander	3
32671	persona	3
32672	sydow	3
32673	nfbe	3
32674	ruineberg	3
32675	kruse	3
32676	friherre	3
32677	tanmaan	3
32678	olofpalme	3
32679	biografiska-notiser	3
32680	stmanlands	3
32681	storsj	3
32682	sgian-achlais	3
32683	arkiv	3
32684	luyken	3
32685	nordiska	3
32686	megiella	3
32687	sju	3
32688	historisk	3
32689	halmstads	3
32690	tiden	3
32691	gyllene	3
32692	biodiversity	3
32693	nska	3
32694	ngen	3
32695	rfattare	3
32696	tennis	3
32697	paper	3
32698	chòmhdhalach	3
32699	visakademien	3
32700	purge	3
32701	tatars	3
32702	droch-bhuaidh	3
32703	boitnia	3
32704	aland	3
32705	marmaris	3
32706	eguga	3
32707	darya	3
32708	casu	3
32709	marzu	3
32710	stemurl	3
32711	errinvalid	3
32712	localization	3
32713	mhìosa	3
32714	sortit	3
32715	numstr	3
32716	sorttag	3
32717	stannardan	3
32718	emptyargs	3
32719	enclosed	3
32720	helplink	3
32721	addtrackingcategory	3
32722	curns	3
32723	missingtargetcat	3
32724	quotationmarks	3
32725	quoteleft	3
32726	quoteright	3
32727	for-see	3
32728	mformatlink	3
32729	stringification	3
32730	searchdisp	3
32731	stringifies	3
32732	alternate	3
32733	conjlist	3
32734	forseedefaultoptions	3
32735	punctuationcollapse	3
32736	defaulting	3
32737	list's	3
32738	unit-code	3
32739	hva	3
32740	innis-mharannan	3
32741	mìosachain	3
32742	tar-ghabhail	3
32743	mholamaid	3
32744	github	3
32745	ionad-tasgaidh	3
32746	staoinebrig	3
32747	terre	3
32748	gto	3
32749	iom-thàirnge	3
32750	ròineabhal-geograph	3
32751	kaufman	3
32752	hairtebhagh	3
32753	visindavefur	3
32754	svar	3
32755	pòlarachadh	3
32756	convertdate	3
32757	delimiter	3
32758	unparsed	3
32759	tempday	3
32760	globo	3
32761	tar-chur	3
32762	mcgraw-hill	3
32763	rotation	3
32764	mheudachaidh	3
32765	pholasaidhean	3
32766	o-d	3
32767	ytomierz	3
32768	ucranais	3
32769	textdata	3
32770	nomenclature	3
32771	claye-souilly	3
32772	denic	3
32773	villefranche-sur-saone	3
32774	aythya	3
32775	lancet	3
32776	freumhachadh	3
32777	luchd-caitheimh	3
32778	luchd-breith	3
32779	riihim	3
32780	eòlaiche-comainn	3
32781	beachdaireachd	3
32782	cars	3
32783	burbank	3
32784	mikoshi	3
32785	chobhan	3
32786	kamaidhean	3
32787	cora	3
32788	hauts-de-france	3
32789	beilgeach	3
32790	lignes	3
32791	moulinsart	3
32792	òstail	3
32793	taghan	3
32794	boycott	3
32795	shìneas	3
32796	parnell	3
32797	aoraisge	3
32798	anti-stuth	3
32799	miaire	3
32800	traverse	3
32801	histories	3
32802	fòrladh	3
32803	nehemiah	3
32804	bailtean-cèile	3
32805	guards	3
32806	feringa	3
32807	staidean	3
32808	uatha	3
32809	shìorruidh	3
32810	ghràs	3
32811	plouzan	3
32812	plath	3
32813	vimeo	3
32814	branta	3
32815	cruinn-eòlach	3
32816	kast	3
32817	argiz	3
32818	ncara	3
32819	bhatista	3
32820	boff-fidel-castro-je-nosio-kri	3
32821	be-na-grudima	3
32822	fhidel	3
32823	cùl-gnothaich	3
32824	dh'eaglais	3
32825	ortodoxo	3
32826	conc	3
32827	teusas	3
32828	oleh	3
32829	stròc	3
32830	warheroes	3
32831	kov	3
32832	vesti	3
32833	komsomol	3
32834	prunariu	3
32835	popov	3
32836	icelandic	3
32837	yar	3
32838	brass	3
32839	tìoran	3
32840	rhodesia	3
32841	stìomrabhadh	3
32842	oidhreachd	3
32843	culrain	3
32844	invershin	3
32845	kinbrace	3
32846	droman	3
32847	còdan	3
32848	lak	3
32849	bhiasdail	3
32850	swarthmore	3
32851	gaelic-language	3
32852	aims	3
32853	participation	3
32854	creating	3
32855	residence	3
32856	organisations	3
32857	continues	3
32858	gaiseadh	3
32859	taigh-obrach	3
32860	hunger	3
32861	we'll	3
32862	fharair	3
32863	allangrange	3
32864	ileadh	3
32865	bragaid	3
32866	tutankhaten	3
32867	rìoghrachas	3
32868	aten	3
32869	naoidh	3
32870	rìghreachas	3
32871	nebkheperure	3
32872	amenhotep	3
32873	ath-shlànachadh	3
32874	chnàmha	3
32875	tiye	3
32876	mas-fhìor	3
32877	feun-cogaidh	3
32878	t-àrc-eòlaiche	3
32879	slànachaidh	3
32880	ath-riochdachadh	3
32881	noted	3
32882	ciste-laighe	3
32883	buried	3
32884	hints	3
32885	ankheperure	3
32886	gogaireachd	3
32887	ascension	3
32888	sìmplidhe	3
32889	mom	3
32890	sod	3
32891	coig	3
32892	chleachdaiche	3
32893	birthday	3
32894	chrith-talmhainn	3
32895	runs	3
32896	astaroid	3
32897	zaan	3
32898	biografischportaal	3
32899	lus-eòlaiche	3
32900	ieo	3
32901	voz	3
32902	glasraicheachd	3
32903	dh'aontaidh	3
32904	laptop	3
32905	mhoireabh	3
32906	hausbrunn	3
32907	labem	3
32908	hrady	3
32909	hradeck	3
32910	liberec	3
32911	databases	3
32912	olm	3
32913	niggr	3
32914	explosia	3
32915	masaryk	3
32916	hodon	3
32917	lana	3
32918	litomy	3
32919	paucal	3
32920	planned	3
32921	addfallback	3
32922	cframe	3
32923	getlabelwithlang	3
32924	femininegender	3
32925	globe-coordinate	3
32926	roundprecision	3
32927	myglobe	3
32928	dimension	3
32929	expstr	3
32930	intervals	3
32931	printerror	3
32932	consists	3
32933	inferred	3
32934	snakidx	3
32935	tableparameters	3
32936	preformat	3
32937	whitelisted	3
32938	rankmap	3
32939	valuea	3
32940	valueb	3
32941	getparentvalues	3
32942	lastlabel	3
32943	expand	3
32944	delinkreversepipetrick	3
32945	grab	3
32946	iteration	3
32947	hasprop	3
32948	fixes	3
32949	non-blank	3
32950	specifies	3
32951	hence	3
32952	constructing	3
32953	dataa	3
32954	dependsuffix	3
32955	ignoreblank	3
32956	bheasantianach	3
32957	vu	3
32958	chanonry	3
32959	nlar	3
32960	dailysabah	3
32961	bursa-first-capital-of-the-ottoman-empire	3
32962	diyanet	3
32963	apostle	3
32964	hanedan	3
32965	osmain	3
32966	caps	3
32967	co-th	3
32968	e-t	3
32969	tayy	3
32970	manaidsearachd	3
32971	kemalizm	3
32972	kemalas	3
32973	everett	3
32974	tius	3
32975	osmanli-padisahlari	3
32976	orhan-bey	3
32977	umi	3
32978	masters	3
32979	necdet	3
32980	sakao	3
32981	tunlar	3
32982	hasekiler	3
32983	nefendiler	3
32984	sultanefendiler	3
32985	airmeinianaich	3
32986	bozda	3
32987	epidemics	3
32988	quataert	3
32989	finkel	3
32990	osman's	3
32991	mhehmed	3
32992	rek	3
32993	nhan	3
32994	favorites	3
32995	urmia	3
32996	grùthain	3
32997	whitham	3
32998	outcomes	3
32999	planning	3
33000	bawcutt	3
33001	ghnàthasan	3
33002	patronage	3
33003	brathadh	3
33004	giuistear	3
33005	baranach	3
33006	re-formed	3
33007	t-seann-bheurla	3
33008	monasticism	3
33009	underwent	3
33010	reforms	3
33011	reformed	3
33012	expanding	3
33013	resulted	3
33014	conducted	3
33015	representatives	3
33016	innovations	3
33017	sessions	3
33018	attend	3
33019	educated	3
33020	attached	3
33021	seems	3
33022	emphasis	3
33023	closed	3
33024	separately	3
33025	lectures	3
33026	hired	3
33027	equipped	3
33028	accompanied	3
33029	received	3
33030	burntisland	3
33031	crowns	3
33032	guard	3
33033	mercenaries	3
33034	extensive	3
33035	artillery	3
33036	anglo-scots	3
33037	cavalry	3
33038	okazu	3
33039	ochd-chasaich	3
33040	co-ionnannachdan	3
33041	maicrosgopaidh	3
33042	dubochet	3
33043	castellaneta	3
33044	searmonachaidh	3
33045	colours	3
33046	gheneva	3
33047	ligo	3
33048	workshops	3
33049	canavan	3
33050	stepps	3
33051	getcatforid	3
33052	miscellaneous	3
33053	identifiants	3
33054	allant	3
33055	sudoc	3
33056	rkdartists	3
33057	reqs	3
33058	wikidataids	3
33059	elementscats	3
33060	orphancat	3
33061	getabovebelowcolspan	3
33062	abovebelow	3
33063	minimize	3
33064	imageleftstyle	3
33065	groupclass	3
33066	oddstyle	3
33067	evenstyle	3
33068	childargs	3
33069	haschildargs	3
33070	styleratio	3
33071	readargs	3
33072	mòr-dhàlach	3
33073	tasglainn	3
33074	melania	3
33075	aguila	3
33076	tuvic	3
33077	announce	3
33078	fundraiser	3
33079	applicable	3
33080	candidates	3
33081	spi	3
33082	translating	3
33083	ziko	3
33084	pxparlez	3
33085	caismeachdan	3
33086	cleòca	3
33087	fhallaing	3
33088	dhromanach	3
33089	weasley	3
33090	dirichlet	3
33091	salad	3
33092	leadaige	3
33093	lalanne	3
33094	maidhc	3
33095	fhìdhlear	3
33096	peantaireachd	3
33097	docamaideadh	3
33098	dh'iosrael	3
33099	ragadair	3
33100	msgkey	3
33101	newval	3
33102	columnname	3
33103	saarc	3
33104	legends	3
33105	sgàilein	3
33106	leas-rùnaire	3
33107	sveinsson	3
33108	goodenough	3
33109	yoshino	3
33110	whittingham	3
33111	eyjafj	3
33112	akureyrarkirkja	3
33113	mosfell	3
33114	egils	3
33115	egil	3
33116	llur	3
33117	bhinghamton	3
33118	angbrandur	3
33119	hjalti	3
33120	neach-tuineachaidh	3
33121	hofi	3
33122	synir	3
33123	orvaldur	3
33124	holar	3
33125	orbj	3
33126	erlendsson	3
33127	frettabladid	3
33128	neach-cleachdaidh	3
33129	luchd-dùbhain	3
33130	hins	3
33131	vegager	3
33132	skalla-gr	3
33133	phrionnsapal	3
33134	fòraman	3
33135	lmur	3
33136	iar-cheumnach	3
33137	forseti	3
33138	edda	3
33139	bean-taighe	3
33140	tèatar	3
33141	ismus	3
33142	sunnlendingafj	3
33143	jou	3
33144	vopnafjar	3
33145	orkell	3
33146	nmaa	3
33147	stod	3
33148	hamrahl	3
33149	stjornarra	3
33150	verzlunarsk	3
33151	flugfreyjuf	3
33152	orsteinn	3
33153	hilmar	3
33154	baldvinsson	3
33155	verkl	3
33156	dsbla	3
33157	meadhann	3
33158	lùtaitreach	3
33159	bildung	3
33160	diagraman	3
33161	chàir	3
33162	maths	3
33163	ragnhei	3
33164	cho-bhannan	3
33165	neodrachd	3
33166	labanki	3
33167	shèomar	3
33168	labanka	3
33169	rhallsd	3
33170	slendinga	3
33171	còrra	3
33172	vala	3
33173	eadar-mheadhanach	3
33174	phroifeasanta	3
33175	staitistig	3
33176	fianaisean	3
33177	fòirneartach	3
33178	h-institiudan	3
33179	co-ionannachd	3
33180	chùrsa-beatha	3
33181	gummisteingrims	3
33182	amannaf	3
33183	lags	3
33184	tafj	3
33185	sgìre-bhaile	3
33186	hrappsson	3
33187	fjar	3
33188	vigd	3
33189	sorbonne	3
33190	stèidheachd	3
33191	bhacteria	3
33192	chosmaig	3
33193	tarnovo	3
33194	wikt	3
33195	thùrnaig	3
33196	juneteenth	3
33197	banc	3
33198	austronèis	3
33199	eas-aonta	3
33200	imap	3
33201	vmap	3
33202	omap	3
33203	quoted	3
33204	nocache	3
33205	valkey	3
33206	rawsep	3
33207	gfuncs	3
33208	tentsmuir	3
33209	ath-chuinge	3
33210	ath-thriallach	3
33211	crispr	3
33212	jayanti	3
33213	chnatain	3
33214	zurbar	3
33215	makeerror	3
33216	pollach	3
33217	orchestra	3
33218	npath	3
33219	multilanguage	3
33220	sectionverseorparagraph	3
33221	typeofreference	3
33222	subjectnamedas	3
33223	aliasesq	3
33224	getproperty	3
33225	getqualifiers	3
33226	getalias	3
33227	getbadge	3
33228	ranktable	3
33229	isvalueintable	3
33230	qualifierids	3
33231	qualifieridsandvalues	3
33232	flagbest	3
33233	flagrank	3
33234	flagperiod	3
33235	singleclaim	3
33236	getglobalsiteid	3
33237	movseparator	3
33238	puncmark	3
33239	anylanguage	3
33240	getediticon	3
33241	text-top	3
33242	edit-on-wikidata	3
33243	parsewikidataurl	3
33244	ceil	3
33245	latconv	3
33246	lonconv	3
33247	latsecsym	3
33248	lonsecsym	3
33249	unknown-data-type	3
33250	getsinglerawqualifier	3
33251	snakequalsvalue	3
33252	snakvalue	3
33253	processflag	3
33254	replacespecialchars	3
33255	issourced	3
33256	callhook	3
33257	citetypes	3
33258	additionalprocessedproperties	3
33259	referenceempty	3
33260	raw-value-params	3
33261	thispropertypriority	3
33262	thisparamprioritization	3
33263	gotrequired	3
33264	literal	3
33265	tweaking	3
33266	establishcommands	3
33267	commandfunc	3
33268	non-existent	3
33269	mandatory-params	3
33270	potentially	3
33271	e-tech	3
33272	algarve	3
33273	portim	3
33274	barcelona-catalunya	3
33275	montmel	3
33276	shingeapòr	3
33277	dhràibhearan	3
33278	làn-chùrsa	3
33279	phandemic	3
33280	daniil	3
33281	kvyat	3
33282	point-bwt	3
33283	lkenberg	3
33284	eif	3
33285	dell'emilia	3
33286	criadhach	3
33287	tie	3
33288	goodreads	3
33289	ghobhain	3
33290	sheisein	3
33291	lec	3
33292	gio	3
33293	tsu	3
33294	oco	3
33295	maz	3
33296	rangaichte	3
33297	hyndland	3
33298	patterton	3
33299	faidead	3
33300	asbestos	3
33301	marsha	3
33302	geidh	3
33303	mojang	3
33304	kia	3
33305	bhruidhinneas	3
33306	kalifa	3
33307	restauration	3
33308	plomb	3
33309	groupugo	3
33310	inntinn-eòlach	3
33311	chabert	3
33312	lèon	3
33313	picaresca	3
33314	àrd-shagart	3
33315	araucana	3
33316	dàn-mòr	3
33317	reinos	3
33318	stoiridh	3
33319	fuenteovejuna	3
33320	o-e	3
33321	bccbbaa	3
33322	toboso	3
33323	pimlico	3
33324	t-inca	3
33325	fhernando	3
33326	conquista	3
33327	andujar	3
33328	integraci	3
33329	duxa	3
33330	cluicheadair-piàna	3
33331	chonsairtean	3
33332	castilleja	3
33333	cuesta	3
33334	donie	3
33335	a'ghearmailt	3
33336	kaarst	3
33337	alemanni	3
33338	gearastanachadh	3
33339	kramer	3
33340	nationalsozialismus	3
33341	mcnab	3
33342	solingen	3
33343	wupper	3
33344	levy	3
33345	chumhachaile	3
33346	ghlasaibh	3
33347	kruszewnia	3
33348	zboi	3
33349	ortodogsach	3
33350	nescu	3
33351	arge	3
33352	osmanische	3
33353	principatul	3
33354	sgeadaich	3
33355	politic	3
33356	curtea	3
33357	veche	3
33358	dumbr	3
33359	vioara	3
33360	aiud	3
33361	mogo	3
33362	oaia	3
33363	eminescu	3
33364	gorj	3
33365	ilfov	3
33366	teleki	3
33367	ilor	3
33368	gesta	3
33369	dobruja	3
33370	themes	3
33371	plèanaichean-cogaidh	3
33372	revolu	3
33373	vasile	3
33374	nae	3
33375	tiin	3
33376	ungairianach	3
33377	zotmar	3
33378	lugosi	3
33379	lugas	3
33380	agora	3
33381	tatarach	3
33382	brauner	3
33383	dumitru	3
33384	ealantach	3
33385	scu	3
33386	partial	3
33387	lucre	3
33388	filosofia	3
33389	ràdio	3
33390	tiolpadh	3
33391	gadaiche	3
33392	uidsianàguidsidh	3
33393	aghaidh-thogalaich	3
33394	velocipede	3
33395	job-profiles	3
33396	careers	3
33397	ayewhithorn	3
33398	dyke-white	3
33399	aye	3
33400	ainneil	3
33401	fiosaigichean	3
33402	baictear-eòlaichean	3
33403	lofs	3
33404	ngur	3
33405	titrandi	3
33406	lor	3
33407	elte	3
33408	hjem	3
33409	gav	3
33410	taganrog	3
33411	khabarovsk	3
33412	oleksandr	3
33413	pinned	3
33414	kharkivshchyna	3
33415	holodomormuseum	3
33416	istoriia-holodomoru	3
33417	zhytomyrshchyna	3
33418	lvivska	3
33419	ternopillia	3
33420	kyiveach	3
33421	poltavshchyna	3
33422	pholtavshchyna	3
33423	buh	3
33424	serhii	3
33425	vasylkivsky	3
33426	skorokhod	3
33427	dovidka	3
33428	oblasti	3
33429	zakarpatska	3
33430	voroshilov	3
33431	zuzanna	3
33432	gearmailteach-sobhietach	3
33433	live-news	3
33434	volodymyrivna	3
33435	nko	3
33436	sòbhieteach	3
33437	campaichean-dùmhlachaidh	3
33438	kobzar	3
33439	moryntsi	3
33440	lesya	3
33441	motar	3
33442	dnipropetrovsk	3
33443	bhàsaicheadh	3
33444	comrade	3
33445	purgadaireachd	3
33446	rybakov	3
33447	mk-personal-details	3
33448	betar	3
33449	herut	3
33450	ceòl-sgrìobhaichean	3
33451	koval	3
33452	neda	3
33453	computing	3
33454	berda	3
33455	osipenko	3
33456	sgoil-itealanachd	3
33457	tikhonov	3
33458	anatoliy	3
33459	fedorovitch	3
33460	editonwikidata	3
33461	entity-ids	3
33462	approximately	3
33463	clip	3
33464	microformat	3
33465	disambiguated	3
33466	lprefix	3
33467	artitle	3
33468	redirecttarget	3
33469	let's	3
33470	assembles	3
33471	ubl	3
33472	hasdisplay	3
33473	langlabel	3
33474	toggles	3
33475	parttbl	3
33476	vlist	3
33477	vallist	3
33478	getpreferredvalue	3
33479	getcoords	3
33480	getqualifiervalue	3
33481	fval	3
33482	qargs	3
33483	wikibase-entity	3
33484	getvaluebyrefsource	3
33485	getqualifierids	3
33486	getawardcat	3
33487	getintersectcat	3
33488	pvalid	3
33489	emptycell	3
33490	getglobe	3
33491	globeid	3
33492	getlink	3
33493	getat	3
33494	getaliases	3
33495	checkblacklist	3
33496	disallowed	3
33497	emptyor	3
33498	getlang	3
33499	findlanguage	3
33500	getqid	3
33501	category's	3
33502	mctid	3
33503	be-x-old	3
33504	projid	3
33505	formatnumber	3
33506	examine	3
33507	getwebsite	3
33508	getalllabels	3
33509	getalldescriptions	3
33510	getallaliases	3
33511	shownolinks	3
33512	checkvalidity	3
33513	getentityfromtitle	3
33514	getdateprecision	3
33515	burman	3
33516	simphnigeach	3
33517	simphnidh	3
33518	databox	3
33519	valuestokeys	3
33520	allwikidataimages	3
33521	bestwikidataimages	3
33522	valuecount	3
33523	geojson	3
33524	bilyashivskyj	3
33525	yatsenyuk	3
33526	kunis	3
33527	iùdach	3
33528	siouzana	3
33529	gorin	3
33530	operissimo	3
33531	riding	3
33532	reichsrat	3
33533	radioband	3
33534	glickman	3
33535	krasnow	3
33536	taighe-cluiche	3
33537	manainnise	3
33538	manainnis	3
33539	seanchaidheachd	3
33540	mhorgoth	3
33541	eabhrac	3
33542	dealanachadh	3
33543	traicsean	3
33544	uic	3
33545	alt-cheangal	3
33546	truca	3
33547	stadler	3
33548	tseoil	3
33549	seangan	3
33550	tar-iadhach	3
33551	thymine	3
33552	atemajac	3
33553	ernaux	3
33554	trobe	3
33555	àrachas	3
33556	ionad-bhùthan	3
33557	fanadh	3
33558	durres	3
33559	clothing	3
33560	sorttable	3
33561	fhaobhar	3
33562	sprogain	3
33563	thubaisteach	3
33564	chaisein-uchd	3
33565	iomlaideach	3
33566	aist	3
33567	fùirneis	3
33568	bus-troilidh	3
33569	wires	3
33570	elektromote	3
33571	transportation	3
33572	experiment	3
33573	mbox-small-left	3
33574	nsprocessed	3
33575	hassubpages	3
33576	article-number	3
33577	mailing	3
33578	nowrapping	3
33579	book-title	3
33580	contribution-url	3
33581	section-url	3
33582	conference-format	3
33583	mailing-list	3
33584	map-url	3
33585	template-doc-demo	3
33586	orig-year	3
33587	origyear	3
33588	script-journal	3
33589	script-magazine	3
33590	script-newspaper	3
33591	script-website	3
33592	script-work	3
33593	series-number	3
33594	time-caption	3
33595	subject-first	3
33596	subject-given	3
33597	subject-last	3
33598	subject-surname	3
33599	subject-mask	3
33600	contributor-first	3
33601	contributor-given	3
33602	contributor-last	3
33603	contributor-surname	3
33604	contributor-link	3
33605	contributor-mask	3
33606	interviewer-first	3
33607	interviewer-given	3
33608	interviewer-last	3
33609	interviewer-surname	3
33610	builds	3
33611	latn	3
33612	robot	3
33613	sub-year	3
33614	groupings	3
33615	overwrites	3
33616	acceptable	3
33617	local-language	3
33618	organized	3
33619	adult	3
33620	faf	3
33621	blackfoot	3
33622	ilocano	3
33623	hokkien	3
33624	cyrillic	3
33625	alemannic	3
33626	interproject	3
33627	incipit	3
33628	microbiology	3
33629	instances	3
33630	bibcode-access	3
33631	hdl-access	3
33632	osti-access	3
33633	ssrn-access	3
33634	usenetid	3
33635	validating	3
33636	unlike	3
33637	inserts	3
33638	non-enumerated	3
33639	determined	3
33640	month-day-year-range	3
33641	fails	3
33642	identifying	3
33643	auto-linking	3
33644	todays	3
33645	multiply	3
33646	bibcodes	3
33647	six-digit	3
33648	suffixed	3
33649	case-insensitive	3
33650	technically	3
33651	positioned	3
33652	ocm	3
33653	ocn	3
33654	ocolc	3
33655	access-level	3
33656	accesses	3
33657	atitle	3
33658	appendmultiple	3
33659	getexplicitpagetype	3
33660	getdefaultpagetype	3
33661	irregularplurals	3
33662	subpagetext	3
33663	preparetext	3
33664	templatefound	3
33665	nadefault	3
33666	defaultnsall	3
33667	defaultnsextended	3
33668	extendednamespaces	3
33669	localisation	3
33670	lower-case	3
33671	a-class	3
33672	thispage	3
33673	existingportals	3
33674	portaltitle	3
33675	fillbox	3
33676	addbreak	3
33677	minportals	3
33678	portalimage	3
33679	getallimagetable	3
33680	displayall	3
33681	namedargs	3
33682	setcat	3
33683	wdesc	3
33684	listtypes	3
33685	renderlist	3
33686	listtag	3
33687	startnum	3
33688	itemstyle	3
33689	isdeprecated	3
33690	discard	3
33691	skipped	3
33692	nuvola	3
33693	redlinkcat	3
33694	makelinks	3
33695	getquals	3
33696	sublinks	3
33697	resolvedqid	3
33698	unsuppressed	3
33699	stripp	3
33700	vprop	3
33701	makesections	3
33702	hidelabelwhenalone	3
33703	html-like	3
33704	endswith	3
33705	getboolean	3
33706	font-style	3
33707	nsqid	3
33708	titleobject	3
33709	testing-only	3
33710	qidnstext	3
33711	hasgalleryconsistent	3
33712	hascategoryconsistent	3
33713	getcommons	3
33714	getgalleryorcategory	3
33715	getgalleryandcategory	3
33716	gallerygood	3
33717	categorygood	3
33718	firstlink	3
33719	gallerytrackingcats	3
33720	merror	3
33721	maybeitalicize	3
33722	shoulditalicize	3
33723	missingargerror	3
33724	parsedtarget	3
33725	labelled	3
33726	labelform	3
33727	sparsepages	3
33728	labelledlist	3
33729	navbar-brackets	3
33730	mw-collapsed	3
33731	navbox-image	3
33732	navbox-list	3
33733	listclass	3
33734	box-sizing	3
33735	border-box	3
33736	redirecttitle	3
33737	targettitle	3
33738	formattedredirect	3
33739	categorytable	3
33740	side-box	3
33741	side-box-abovebelow	3
33742	side-box-text	3
33743	operas	3
33744	sandwich	3
33745	legislatures	3
33746	mw-empty-elt	3
33747	scopus	3
33748	wikidata-externalid-url	3
33749	waterfall	3
33750	pagine	3
33751	lexm	3
33752	idlen	3
33753	consume	3
33754	includeonly	3
33755	nextcloser	3
33756	endingtag	3
33757	sides	3
33758	boundlen	3
33759	handlearginput	3
33760	spare	3
33761	activeobjects	3
33762	scannedcontent	3
33763	hndis	3
33764	letter-number	3
33765	misguess	3
33766	utho	3
33767	adobe	3
33768	flash	3
33769	nintendo	3
33770	jetsons	3
33771	gunners	3
33772	leftarm	3
33773	rightarm	3
33774	socks	3
33775	eadar-bhailtean	3
33776	plumstead	3
33777	bastin	3
33778	sheusan	3
33779	labhrais	3
33780	adidas	3
33781	standan	3
33782	gorm-dhorcha	3
33783	puma	3
33784	visiblelinks	3
33785	hardred	3
33786	beigeground	3
33787	previewmsg	3
33788	convertcoords	3
33789	makelinkbox	3
33790	linkboxname	3
33791	shapefile	3
33792	mlgap	3
33793	defval	3
33794	unnumbered	3
33795	assigntradstyleshape	3
33796	shapeheight	3
33797	letter-spacing	3
33798	checkcolors	3
33799	mark-image	3
33800	convertcoordstrad	3
33801	label-offset-x	3
33802	label-offset-y	3
33803	nolabel	3
33804	shiftv	3
33805	maketriangle	3
33806	rulea	3
33807	makeclippath	3
33808	max-content	3
33809	linkoffset	3
33810	nolink	3
33811	getmapframecontent	3
33812	map-data	3
33813	map-data-heavy	3
33814	map-data-light	3
33815	mini-locator	3
33816	makefullscreenitem	3
33817	itemtitle	3
33818	titleheight	3
33819	ddots	3
33820	fullscreenlist	3
33821	stroke-colour	3
33822	framecoordinates	3
33823	framelatitude	3
33824	framelongitude	3
33825	frame-align	3
33826	wikidatacoord	3
33827	nocoords	3
33828	affirmedwords	3
33829	affirmed	3
33830	declinedwords	3
33831	declined	3
33832	paramalias	3
33833	matchesparam	3
33834	isaffirmed	3
33835	inputtitle	3
33836	extractcoordtemplates	3
33837	parsecoords	3
33838	throws	3
33839	coordtemplates	3
33840	wdcoords	3
33841	bearing	3
33842	tagattribs	3
33843	titleoutput	3
33844	inlineoutput	3
33845	swicther	3
33846	thumnail	3
33847	switcherhtml	3
33848	horizontalalignment	3
33849	verticalalignment	3
33850	containerfloatclass	3
33851	displayintitle	3
33852	switchparamvalue	3
33853	switchlist	3
33854	haswikidataproperty	3
33855	idtype	3
33856	onbydefault	3
33857	fixedname	3
33858	unprefixed	3
33859	parsecustomwikitext	3
33860	yesnoout	3
33861	viewport	3
33862	switching	3
33863	maxzoom	3
33864	minzoom	3
33865	autorun	3
33866	tingbach	3
33867	biolbo	3
33868	mhurr	3
33869	khamenei	3
33870	bzikebi	3
33871	barbu	3
33872	gordienko	3
33873	monadh-neagrach	3
33874	igua	3
33875	athchuingean	2
33876	trid-shoilleir	2
33877	sassanach	2
33878	gearradh-sìos	2
33879	tackle	2
33880	buannaichidh	2
33881	chaochlaidh	2
33882	cho-dhùnaidh	2
33883	phongalachd	2
33884	sean-greugaich	2
33885	wish	2
33886	advised	2
33887	necessarily	2
33888	reviewed	2
33889	accurate	2
33890	reliable	2
33891	vandalized	2
33892	altered	2
33893	mercilessly	2
33894	shortly	2
33895	appearance	2
33896	gratuitously	2
33897	contract	2
33898	sister	2
33899	imply	2
33900	agents	2
33901	organizers	2
33902	personality	2
33903	respective	2
33904	informational	2
33905	contemplated	2
33906	licensing	2
33907	affiliated	2
33908	violation	2
33909	jurisdiction	2
33910	viewing	2
33911	encourage	2
33912	herein	2
33913	anyway	2
33914	advice	2
33915	licensed	2
33916	erroneous	2
33917	fitness	2
33918	regarding	2
33919	spending	2
33920	enjoy	2
33921	generelle	2
33922	forbehold	2
33923	odpowiedzialno	2
33924	unprotected	2
33925	a-mhain	2
33926	haggis	2
33927	duesten	2
33928	skin	2
33929	permissions	2
33930	aboutpage	2
33931	aboutwikipedia	2
33932	accesskey-compareselectedversions	2
33933	accesskey-minoredit	2
33934	accesskey-preview	2
33935	accesskey-save	2
33936	accesskey-search	2
33937	accmailtext	2
33938	accmailtitle	2
33939	throttle	2
33940	actioncomplete	2
33941	addedwatch	2
33942	addedwatchtext	2
33943	bolded	2
33944	sidebar	2
33945	addsection	2
33946	affirmation	2
33947	affirm	2
33948	allmessages	2
33949	allmessagestext	2
33950	allpages	2
33951	alphaindexline	2
33952	alreadyloggedin	2
33953	alreadyrolled	2
33954	ancientpages	2
33955	anontalk	2
33956	anontalkpagetext	2
33957	confusion	2
33958	articleexists	2
33959	articlepage	2
33960	asksql	2
33961	asksqltext	2
33962	considerable	2
33963	sparingly	2
33964	autoblocker	2
33965	badarticleerror	2
33966	badfilename	2
33967	badfiletype	2
33968	badipaddress	2
33969	badquery	2
33970	badly	2
33971	badquerytext	2
33972	badretype	2
33973	badtitle	2
33974	badtitletext	2
33975	blanknamespace	2
33976	blockedtext	2
33977	blockedtitle	2
33978	blockip	2
33979	blockipsuccesssub	2
33980	blockipsuccesstext	2
33981	blocks	2
33982	blockiptext	2
33983	username	2
33984	blocklink	2
33985	blocklistline	2
33986	blocklogentry	2
33987	blocklogpage	2
33988	blocklogtext	2
33989	booksourcetext	2
33990	businesses	2
33991	brokenredirects	2
33992	brokenredirectstext	2
33993	bugreports	2
33994	bugreportspage	2
33995	bureaucratlog	2
33996	bureaucratlogentry	2
33997	bureaucrattext	2
33998	bureaucrattitle	2
33999	bydate	2
34000	byname	2
34001	bysize	2
34002	cachederror	2
34003	cannotdelete	2
34004	cantrollback	2
34005	categoryarticlecount	2
34006	changepassword	2
34007	clearyourcache	2
34008	commentedit	2
34009	compareselectedversions	2
34010	confirmcheck	2
34011	confirmdelete	2
34012	confirmdeletetext	2
34013	intend	2
34014	confirmprotect	2
34015	confirmprotecttext	2
34016	confirmunprotect	2
34017	confirmunprotecttext	2
34018	contextchars	2
34019	contextlines	2
34020	contribslink	2
34021	contribsub	2
34022	copyrightpage	2
34023	copyrightpagename	2
34024	copyrightwarning	2
34025	couldntremove	2
34026	createaccount	2
34027	createaccountmail	2
34028	creditspage	2
34029	currentevents	2
34030	currentrev	2
34031	databaseerror	2
34032	dberrortext	2
34033	blockquote	2
34034	dberrortextcl	2
34035	deadendpages	2
34036	defemailsubject	2
34037	deletecomment	2
34038	deletedarticle	2
34039	deletedtext	2
34040	deletions	2
34041	deleteimg	2
34042	deletepage	2
34043	deletesub	2
34044	deletethispage	2
34045	deletionlog	2
34046	dellogpage	2
34047	dellogpagetext	2
34048	developerspheading	2
34049	developertext	2
34050	developertitle	2
34051	disambiguations	2
34052	disambiguationspage	2
34053	disambiguationstext	2
34054	disclaimerpage	2
34055	doubleredirects	2
34056	doubleredirectstext	2
34057	editcomment	2
34058	editconflict	2
34059	editcurrent	2
34060	edithelp	2
34061	edithelppage	2
34062	editingold	2
34063	editsection	2
34064	editthispage	2
34065	emailflag	2
34066	emailforlost	2
34067	enables	2
34068	forget	2
34069	emailfrom	2
34070	emailmessage	2
34071	emailpage	2
34072	emailpagetext	2
34073	recipient	2
34074	reply	2
34075	emailsend	2
34076	emailsent	2
34077	emailsenttext	2
34078	emailsubject	2
34079	emailto	2
34080	emailuser	2
34081	enterlockreason	2
34082	errorpagetitle	2
34083	exbeforeblank	2
34084	exblank	2
34085	excontent	2
34086	explainconflict	2
34087	exportcuronly	2
34088	exporttext	2
34089	faqpage	2
34090	feedlinks	2
34091	filecopyerror	2
34092	filedeleteerror	2
34093	filedesc	2
34094	filenotfound	2
34095	filerenameerror	2
34096	filesource	2
34097	filestatus	2
34098	fileuploaded	2
34099	formerror	2
34100	fromwikipedia	2
34101	getimagelist	2
34102	googlesearch	2
34103	logos	2
34104	guesstimezone	2
34105	helppage	2
34106	hidetoc	2
34107	histlegend	2
34108	historywarning	2
34109	ignorewarning	2
34110	ilshowmatch	2
34111	ilsubmit	2
34112	embedded	2
34113	imagelinks	2
34114	imagelisttext	2
34115	imagepage	2
34116	imagereverted	2
34117	imgdelete	2
34118	imgdesc	2
34119	imghistlegend	2
34120	imghistory	2
34121	imglegend	2
34122	importfailed	2
34123	importhistoryconflict	2
34124	importnotext	2
34125	importsuccess	2
34126	importtext	2
34127	disk	2
34128	internalerror	2
34129	ipaddress	2
34130	ipb	2
34131	ipbexpiry	2
34132	ipbreason	2
34133	ipbsubmit	2
34134	ipusubmit	2
34135	ipusuccess	2
34136	iteminvalidname	2
34137	largefile	2
34138	lastmodified	2
34139	lastmodifiedby	2
34140	lineno	2
34141	linklistsub	2
34142	linkshere	2
34143	linkstoimage	2
34144	linktrail	2
34145	listadmins	2
34146	listform	2
34147	listusers	2
34148	loadhist	2
34149	loadingrev	2
34150	localtime	2
34151	lockbtn	2
34152	lockconfirm	2
34153	lockdb	2
34154	lockdbsuccesssub	2
34155	lockdbsuccesstext	2
34156	lockdbtext	2
34157	locknoconfirm	2
34158	loginend	2
34159	loginerror	2
34160	loginpagetitle	2
34161	loginproblem	2
34162	loginprompt	2
34163	loginreqtext	2
34164	loginreqtitle	2
34165	loginsuccess	2
34166	loginsuccesstitle	2
34167	logouttext	2
34168	logouttitle	2
34169	lonelypages	2
34170	longpages	2
34171	longpagewarning	2
34172	kilobytes	2
34173	approaching	2
34174	breaking	2
34175	mailerror	2
34176	mailmypassword	2
34177	mailnologin	2
34178	mailnologintext	2
34179	mainpagedocfooter	2
34180	mainpagetext	2
34181	maintenancebacklink	2
34182	maintnancepagetext	2
34183	handy	2
34184	tend	2
34185	makesysop	2
34186	makesysopfail	2
34187	makesysopname	2
34188	makesysopok	2
34189	makesysopsubmit	2
34190	makesysoptext	2
34191	bureaucrats	2
34192	makesysoptitle	2
34193	matchtotals	2
34194	tmpdir	2
34195	notexvc	2
34196	configure	2
34197	minlength	2
34198	minoredit	2
34199	minoreditletter	2
34200	mispeelings	2
34201	misspellings	2
34202	mispeelingspage	2
34203	mispeelingstext	2
34204	missingarticle	2
34205	missingimage	2
34206	missinglanguagelinks	2
34207	missinglanguagelinksbutton	2
34208	missinglanguagelinkstext	2
34209	moredotdotdot	2
34210	movearticle	2
34211	movenologin	2
34212	movenologintext	2
34213	movepagebtn	2
34214	movepagetalktext	2
34215	buadhannan	2
34216	aibhseach	2
34217	freumh-fhacal	2
34218	fhreagaireas	2
34219	smeaton	2
34220	teicniuil	2
34221	rathaidean-iarrainn	2
34222	phroifeasan	2
34223	ghoidhealach	2
34224	lowland	2
34225	chudromaich	2
34226	mòr-àireamh	2
34227	thathaich	2
34228	mì-leasan	2
34229	a-seo	2
34230	mì	2
34231	chèin	2
34232	propagation	2
34233	pòcaid	2
34234	ài	2
34235	eà	2
34236	eò	2
34237	ìo	2
34238	diùlt	2
34239	òi	2
34240	ùi	2
34241	consain	2
34242	for-chòsagail	2
34243	cogail	2
34244	leamhain	2
34245	t-alltan	2
34246	bràid	2
34247	culapoll	2
34248	ghnìomhachasan	2
34249	luinneach	2
34250	h-eachdraidh	2
34251	athad	2
34252	leth-eileanan	2
34253	omhanaich	2
34254	treubhail	2
34255	in-riaghaladh	2
34256	pein	2
34257	lagh-eòlas	2
34258	siobhalta	2
34259	cuirt	2
34260	reachdadh	2
34261	bun-ìre	2
34262	litreachasail	2
34263	labhairteach	2
34264	t-eadar-lìon	2
34265	eileagtronaigeach	2
34266	cuilthionn	2
34267	calbharaigh	2
34268	aige-san	2
34269	geur-mhothachail	2
34270	riaslach	2
34271	donne	2
34272	àilleachd	2
34273	dhrùidhteach	2
34274	gluaisibh	2
34275	diabhlaidh	2
34276	sligean	2
34277	alamein	2
34278	goil	2
34279	fèin-sgrùdadh	2
34280	gaoir	2
34281	aomadh	2
34282	co-fhaireachdainn	2
34283	t-saothair	2
34284	rig	2
34285	mì-shealbhach	2
34286	guthro	2
34287	freumh-cinnich	2
34288	dh'àrainneachd	2
34289	neonach	2
34290	crann-eich	2
34291	eu-biadhachd	2
34292	cloimhe	2
34293	ministearachd	2
34294	àiteachas-croitearachd	2
34295	co-òrdanachadh	2
34296	neo-roinneil	2
34297	ath-stèidhicheadh	2
34298	suidhidh	2
34299	ionnstramaidean	2
34300	bùthan-obrach	2
34301	modghlaschu	2
34302	neo-làthaireachd	2
34303	ain-diadhach	2
34304	beachd-smaointean	2
34305	sgrùdas	2
34306	doirbhe	2
34307	inntinn-eòlas	2
34308	phàistean	2
34309	eucoireachd	2
34310	brosnachaidh	2
34311	fàidheantas	2
34312	tràidisean	2
34313	sufi	2
34314	beòshlainte	2
34315	bhìobuill	2
34316	muinntirean	2
34317	co-theacs	2
34318	sunnd	2
34319	hypertext	2
34320	iomlanachd	2
34321	illyrian	2
34322	eathraichean	2
34323	massalia	2
34324	cheann-tìre	2
34325	clasaigich	2
34326	chlogaid	2
34327	ceann-deiridh	2
34328	ceàrdan-umha	2
34329	spealg	2
34330	dh'aithneach	2
34331	glèidhear	2
34332	slisean	2
34333	xu	2
34334	bhriothannais	2
34335	ceanntighearna	2
34336	kentigern	2
34337	garscadden	2
34338	scotstounhill	2
34339	mhòr-rathad	2
34340	chuailgne	2
34341	chù-chulainn	2
34342	sualtaim	2
34343	dìochuimhneachadh	2
34344	chaman	2
34345	mionach	2
34346	arsa	2
34347	phylum	2
34348	familia	2
34349	lamarck	2
34350	seann-phàrantan	2
34351	co-oghaichean	2
34352	eilbh	2
34353	croite	2
34354	gabhaltais	2
34355	bun-phrionnsabal	2
34356	hopetoun	2
34357	fuadaich	2
34358	ro-aithnichte	2
34359	fhasanta	2
34360	sheachnaich	2
34361	acairean	2
34362	siorramachdan	2
34363	dhealbhan-abhachdais	2
34364	bite	2
34365	phadruig	2
34366	seorsaichean	2
34367	cion-faireachdain	2
34368	lèigh-eòlas	2
34369	fhionnlann	2
34370	neo-phàirteach	2
34371	cije	2
34372	cumhuriyeti	2
34373	aegean	2
34374	romanaich	2
34375	apuleius	2
34376	d'thug	2
34377	speis	2
34378	armunn	2
34379	ficsein	2
34380	fantasachd	2
34381	inntinniche	2
34382	cosmopolitan	2
34383	nobhailichean	2
34384	karenina	2
34385	tolstoy's	2
34386	est-europ	2
34387	ennes	2
34388	printemps-et	2
34389	slavists	2
34390	neo-làn	2
34391	kazaki	2
34392	cosacaich	2
34393	eug-samhailean	2
34394	additions	2
34395	caoimhe	2
34396	diorbhail	2
34397	diorbhàil	2
34398	deòiridh	2
34399	deònaid	2
34400	dolaidh	2
34401	gormal	2
34402	iseabal	2
34403	meadhbh	2
34404	silis	2
34405	adamah	2
34406	dhanan	2
34407	dhanag	2
34408	albho	2
34409	amhladh	2
34410	angan	2
34411	allbabynames	2
34412	babyname	2
34413	edan	2
34414	aodhann	2
34415	harja	2
34416	walda	2
34417	haral	2
34418	g-ios	2
34419	bàncho	2
34420	baoithein	2
34421	bearchan	2
34422	bearnard	2
34423	beatan	2
34424	heri	2
34425	bhàtar	2
34426	basileios	2
34427	branan	2
34428	brendanus	2
34429	carbadair	2
34430	caluman	2
34431	quintinus	2
34432	cuintean	2
34433	caoidhean	2
34434	caomhainn	2
34435	carthach	2
34436	cathel	2
34437	càrdadh	2
34438	cahal	2
34439	cet	2
34440	ceallagh	2
34441	ceallag	2
34442	ceasag	2
34443	ceasan	2
34444	ciric	2
34445	cliamain	2
34446	conghal	2
34447	ineag	2
34448	cairell	2
34449	caireall	2
34450	caorall	2
34451	caoral	2
34452	cuirealan	2
34453	columbanus	2
34454	comhghan	2
34455	connull	2
34456	comhnall	2
34457	cù-seilge	2
34458	gràdhadair	2
34459	con-seilge	2
34460	conchubhar	2
34461	conchar	2
34462	carmaig	2
34463	cormaig	2
34464	coscrach	2
34465	criomthann	2
34466	cuithbeart	2
34467	beorht	2
34468	cùithbeirt	2
34469	cùithbhreith	2
34470	cuithbrig	2
34471	curadan	2
34472	dàidh	2
34473	seòrus	2
34474	diarmad	2
34475	drostan	2
34476	dubhagan	2
34477	duibhne	2
34478	imhear	2
34479	gillebrìde	2
34480	gillecrìosd	2
34481	goiridh	2
34482	gòrdon	2
34483	guaire	2
34484	manachan	2
34485	muireach	2
34486	ninnidh	2
34487	raonull	2
34488	rònan	2
34489	searc	2
34490	steaphan	2
34491	sgrùd	2
34492	t-ogmhios	2
34493	port-aiseig	2
34494	seirbheis-aiseig	2
34495	taistealach	2
34496	antiquary	2
34497	dynamic	2
34498	chanongait	2
34499	gleidh	2
34500	seinnse	2
34501	prìomh-shràid	2
34502	barnabas	2
34503	casimir	2
34504	celestine	2
34505	eamonn	2
34506	martarach	2
34507	ephraim	2
34508	hedwig	2
34509	helier	2
34510	ealair	2
34511	antioch	2
34512	isidore	2
34513	jadwiga	2
34514	coleridge	2
34515	nasaret	2
34516	martyr	2
34517	champagnat	2
34518	marcellinus	2
34519	marcellus	2
34520	peathar	2
34521	kolbe	2
34522	myra	2
34523	odo	2
34524	osailt	2
34525	piran	2
34526	sergius	2
34527	avila	2
34528	cranmer	2
34529	tikhon	2
34530	veronica	2
34531	embed	2
34532	joke	2
34533	celebrity	2
34534	arabianach	2
34535	fhasach	2
34536	sirianach	2
34537	nippon	2
34538	fuji	2
34539	àrd-bhailteach	2
34540	tempura	2
34541	saoibhir	2
34542	h-iapanais	2
34543	mion-shluagh	2
34544	mònadh	2
34545	ghrampian	2
34546	hermon	2
34547	tigear	2
34548	bengal	2
34549	gujarat	2
34550	madhya	2
34551	maharashtra	2
34552	odisha	2
34553	jaipur	2
34554	sikkim	2
34555	telangana	2
34556	hyderabad	2
34557	uttar	2
34558	daman	2
34559	jawaharlal	2
34560	nehru	2
34561	indira	2
34562	chandra	2
34563	atal	2
34564	vajpayee	2
34565	inder	2
34566	sanchi	2
34567	konark	2
34568	agra	2
34569	maasai	2
34570	moroco	2
34571	bruidhnidh	2
34572	dhùthchas	2
34573	a-rèiste	2
34574	labhras	2
34575	bheachdaicheas	2
34576	ma-tà	2
34577	anglais	2
34578	ingles	2
34579	dlùth-cheangail	2
34580	shaimbia	2
34581	zambezi	2
34582	nyanga	2
34583	pairce	2
34584	sith	2
34585	thiomnaidh	2
34586	van't	2
34587	hoff	2
34588	ostrom	2
34589	kuznets	2
34590	wassily	2
34591	leontief	2
34592	tobin	2
34593	stigler	2
34594	debreu	2
34595	allais	2
34596	trygve	2
34597	haavelmo	2
34598	coase	2
34599	reinhart	2
34600	amartya	2
34601	mcfadden	2
34602	stiglitz	2
34603	engle	2
34604	krugman	2
34605	hansen	2
34606	wallonie	2
34607	bhulgair	2
34608	schlwesig	2
34609	poblacht	2
34610	irishstatutebook	2
34611	h-uachdaranachd	2
34612	mates	2
34613	clogaidean	2
34614	pads	2
34615	mud	2
34616	hurling	2
34617	cromanachd	2
34618	ghèama	2
34619	camanachd-deighe	2
34620	aisia-a-deas	2
34621	lacrosse	2
34622	grafton	2
34623	goderich	2
34624	rosebery	2
34625	douglas-home	2
34626	ballaarat	2
34627	nationalist	2
34628	bendigo	2
34629	flinders	2
34630	macquarie	2
34631	rudd	2
34632	na-èireann	2
34633	lemass	2
34634	loingsigh	2
34635	parthal	2
34636	heachthairn	2
34637	comhain	2
34638	enda	2
34639	dàmais	2
34640	seist	2
34641	feasta	2
34642	gean	2
34643	breatnais	2
34644	dlùth-chàirdeas	2
34645	t'ou	2
34646	oscailte	2
34647	parlaimint	2
34648	caint	2
34649	slaghd	2
34650	bruidhean	2
34651	buona	2
34652	capito	2
34653	voi	2
34654	l'italiano	2
34655	dh'uaislean	2
34656	dh'ogsatanais	2
34657	phrovence	2
34658	chaesar	2
34659	ziyad	2
34660	mhuslamach	2
34661	àiteachail	2
34662	algebra	2
34663	stòr-uisge	2
34664	qasr	2
34665	chairib	2
34666	cànainean	2
34667	tobht	2
34668	guayaba	2
34669	cruinneachd	2
34670	tomatl	2
34671	bonjour	2
34672	salut	2
34673	cmint	2
34674	sais	2
34675	mova	2
34676	sans	2
34677	border-width	2
34678	border-style	2
34679	pore	2
34680	eadailtich	2
34681	udru	2
34682	laitheil	2
34683	thèidh	2
34684	chirileach	2
34685	cirte	2
34686	shlàbhach	2
34687	lusatian	2
34688	wendisch	2
34689	hornjoserb	2
34690	dolnoserb	2
34691	yca	2
34692	lausitz	2
34693	phòlainnis	2
34694	lage	2
34695	eec	2
34696	eac	2
34697	h-impireachdan	2
34698	sassanid	2
34699	h-ùrnaighean	2
34700	h-eilthirich	2
34701	shahmukhi	2
34702	suòmais	2
34703	mikael	2
34704	finno-ugric	2
34705	slovakia	2
34706	co-phrìomh-bhaile	2
34707	tirana	2
34708	benhavn	2
34709	principia	2
34710	divlyn	2
34711	lif	2
34712	sasunnaich	2
34713	shasunnaich	2
34714	ghoirt	2
34715	thogalaich	2
34716	stàit-bhaile	2
34717	ceusar	2
34718	quadriga	2
34719	nicolai	2
34720	kurkj	2
34721	enn	2
34722	ingish	2
34723	althingishusid	2
34724	kongeriket	2
34725	aktivitetar	2
34726	christiania	2
34727	caisiubais	2
34728	raul	2
34729	hilberg	2
34730	juifs	2
34731	d'europe	2
34732	foliohistoire	2
34733	quid	2
34734	bloca	2
34735	dehesa	2
34736	reptile	2
34737	neapàil	2
34738	mhion-shluagh	2
34739	chinnidheach	2
34740	pigeon	2
34741	himalayas	2
34742	dalai	2
34743	treòraiche	2
34744	lasa	2
34745	bitte	2
34746	eiland	2
34747	insel	2
34748	goedenavond	2
34749	abend	2
34750	harvest	2
34751	fràs	2
34752	zusammen	2
34753	sechs	2
34754	zeven	2
34755	slight	2
34756	vir	2
34757	frei	2
34758	bantu	2
34759	chen	2
34760	cuxhaven	2
34761	tern	2
34762	dolphin	2
34763	ziens	2
34764	gaat	2
34765	neem	2
34766	heet	2
34767	geen	2
34768	burgenland	2
34769	gradi	2
34770	slovenianais	2
34771	carinthia	2
34772	faaker	2
34773	mittagskogel	2
34774	venediger	2
34775	bauers	2
34776	troll	2
34777	jag	2
34778	tuvstarr	2
34779	awake	2
34780	self-portrait	2
34781	duidseach	2
34782	francina	2
34783	eadar-sgaoilidhean	2
34784	niùclach	2
34785	nàdar-fheallsanach	2
34786	wallach	2
34787	moissan	2
34788	mac-cèile	2
34789	willstatter	2
34790	cherbourg	2
34791	co-thàthadairean	2
34792	nernst	2
34793	briesen	2
34794	zibelle	2
34795	bhutler	2
34796	wolverhampton	2
34797	zsigmondy	2
34798	meanbh-anailis	2
34799	mhunich	2
34800	harden	2
34801	windaus	2
34802	coileastarail	2
34803	bergius	2
34804	basf	2
34805	senckenberg	2
34806	urey	2
34807	shaothraich	2
34808	karrer	2
34809	artturi	2
34810	ilm	2
34811	fionnlann	2
34812	bacterium	2
34813	bhrachadh	2
34814	giauque	2
34815	yonkers	2
34816	leas-òraidiche	2
34817	eucalyptus	2
34818	ghreis	2
34819	t-iris	2
34820	pergamon	2
34821	ridgeville	2
34822	nigsh	2
34823	fuadan	2
34824	rubar	2
34825	bheachd-bharail	2
34826	synge	2
34827	cròmatografaidh	2
34828	pàirteachaidh	2
34829	h-anailis	2
34830	boots	2
34831	laboratories	2
34832	cerrito	2
34833	synchrotron	2
34834	debye	2
34835	dhearbhaidhean	2
34836	hinshelwood	2
34837	nikolayevich	2
34838	semyonov	2
34839	tràchdasan	2
34840	saratov	2
34841	science-environment	2
34842	hinxton	2
34843	perutz	2
34844	kendrew	2
34845	cruinneach	2
34846	atomic	2
34847	crowfoot	2
34848	beòthaman	2
34849	gravesend	2
34850	onsager	2
34851	fajans	2
34852	co-chruthachd	2
34853	flory	2
34854	bheirmearan	2
34855	eipper	2
34856	aboutus	2
34857	mhothaicheadh	2
34858	romanovitch	2
34859	nunn	2
34860	chlàirneid	2
34861	bodmin	2
34862	ceimigean	2
34863	cnàimhseagan	2
34864	kenichi	2
34865	fukui	2
34866	taube	2
34867	neudorf	2
34868	ocz	2
34869	hauptman	2
34870	brockway	2
34871	busan	2
34872	criostal-eòlas	2
34873	deisenhofer	2
34874	corey	2
34875	kary	2
34876	mullis	2
34877	olah	2
34878	pimentel	2
34879	atp	2
34880	shell	2
34881	fullerenes	2
34882	rèn	2
34883	kohn	2
34884	choimpiutaireach	2
34885	orbitals	2
34886	zewail	2
34887	damanhùr	2
34888	masterton	2
34889	neach-cùraim	2
34890	tuiteim	2
34891	taunton	2
34892	pamflaid	2
34893	commanach	2
34894	dh'ùghdar	2
34895	armitage	2
34896	dhraoidh	2
34897	shiorram	2
34898	inntinnean	2
34899	chliùitich	2
34900	thaibhse	2
34901	triathan	2
34902	fhèidh	2
34903	tearra	2
34904	dh'èireas	2
34905	sradan	2
34906	triatha	2
34907	sgread	2
34908	amaideach	2
34909	soitheach-adhair	2
34910	dheigheadh	2
34911	ghrinn	2
34912	searbha	2
34913	h-iubhraich	2
34914	choimeas	2
34915	fàidheadaireachd	2
34916	shaoilear	2
34917	neònaiche	2
34918	creudan	2
34919	chinnteach	2
34920	thaibhsean	2
34921	mòralachd	2
34922	meirgeach	2
34923	dèanaibh	2
34924	thoiribh	2
34925	ehrenfest	2
34926	biùro	2
34927	aleksander	2
34928	okrzejska	2
34929	maillane	2
34930	garding	2
34931	reimer	2
34932	befolkningsfr	2
34933	genom	2
34934	berlings	2
34935	filmdatbas	2
34936	tenay-malabry	2
34937	frisia	2
34938	pietrasanta	2
34939	clamecy	2
34940	zelay	2
34941	gerhart	2
34942	maeterlinck	2
34943	heyse	2
34944	amn	2
34945	kinder	2
34946	lunastal	2
34947	fhaoillteach	2
34948	hling	2
34949	pontoppidan	2
34950	gjellerup	2
34951	heidenstam	2
34952	vralid	2
34953	svenskaakademien	2
34954	rabindranath	2
34955	ransford	2
34956	stanislaus	2
34957	legi	2
34958	j'accuse	2
34959	l'humanit	2
34960	pygmalion	2
34961	ayot	2
34962	roquebrune-cap-martin	2
34963	reymont	2
34964	kobiele	2
34965	ròpan	2
34966	douglass	2
34967	undset	2
34968	dòighean-beatha	2
34969	wigtownshire	2
34970	karlbo	2
34971	bergson	2
34972	alekseevi	2
34973	oxbridge	2
34974	sydenstricker	2
34975	pirandello	2
34976	oneill	2
34977	co-thàthaidh	2
34978	lathail	2
34979	lucila	2
34980	hempstead	2
34981	sileach	2
34982	vilhelm	2
34983	mauriac	2
34984	ketchum	2
34985	einstakl	2
34986	doktor	2
34987	zhivago	2
34988	ameireaganach-dhùthchasach	2
34989	salvatore	2
34990	modica	2
34991	dhioplòmasach	2
34992	ivo	2
34993	ceangaichean	2
34994	alasga	2
34995	juneau	2
34996	aleksandrovi	2
34997	agnon	2
34998	buczacz	2
34999	sachs	2
35000	attendant	2
35001	barclay	2
35002	aghaidheachd	2
35003	odin	2
35004	ivana	2
35005	kislovodsk	2
35006	topeka	2
35007	bellow	2
35008	brookline	2
35009	martinson	2
35010	bagge	2
35011	baton	2
35012	montale	2
35013	ear-astar	2
35014	rustschuk	2
35015	bashevis	2
35016	odysseas	2
35017	elytis	2
35018	billings	2
35019	gabo	2
35020	kolomm	2
35021	vyghan	2
35022	rudyard	2
35023	kipling	2
35024	jungle	2
35025	nicthòmais	2
35026	wole	2
35027	naguib	2
35028	ela	2
35029	padr	2
35030	làimhsicheadh	2
35031	ensenanza	2
35032	ele	2
35033	aepe	2
35034	rebelion	2
35035	rebeli	2
35036	meagsagach	2
35037	gauteng	2
35038	raleigh	2
35039	saramago	2
35040	azinhaga	2
35041	lorain	2
35042	shyracuse	2
35043	kenzabur	2
35044	szymborska	2
35045	igaeilge	2
35046	ceannairce	2
35047	kavanagh	2
35048	sorley	2
35049	sangiano	2
35050	ròdach	2
35051	knoxville	2
35052	montpelier	2
35053	gdansk	2
35054	smocadh	2
35055	rauchernews	2
35056	gao	2
35057	ganzhou	2
35058	imr	2
35059	dh'eadar-theangachadh	2
35060	cheyenne	2
35061	doigh-beatha	2
35062	eòlaiche-cànain	2
35063	chunntais	2
35064	àireamhean	2
35065	pei	2
35066	alta	2
35067	prov	2
35068	chanadach	2
35069	sìoladh	2
35070	bàt	2
35071	lennox	2
35072	h-acarsaid	2
35073	aloysius	2
35074	bartholomew	2
35075	dearbhach	2
35076	dh'aobharaich	2
35077	abderhalden	2
35078	beò-eòlas	2
35079	beò-eòlach	2
35080	beartan	2
35081	mealltach	2
35082	leonor	2
35083	chemistryworld	2
35084	tessin	2
35085	bailiùin	2
35086	physik	2
35087	dh'iarainn	2
35088	vik	2
35089	dh'àireamhaich	2
35090	artaig	2
35091	reat	2
35092	jirat	2
35093	kosata	2
35094	ùrachaidhean	2
35095	senoin	2
35096	frith-ghluasad	2
35097	berthollet	2
35098	shileacon	2
35099	inneal-smùide	2
35100	liadh	2
35101	chemist	2
35102	eileamaideach	2
35103	deuchainn-lannan	2
35104	penzance	2
35105	poitigeir	2
35106	southey	2
35107	volta	2
35108	eichengr	2
35109	astrid	2
35110	dh'eileagtronan	2
35111	giessen	2
35112	analytische	2
35113	analytical	2
35114	lomonosov	2
35115	moldòbha	2
35116	fho-dhearg	2
35117	foil	2
35118	lek	2
35119	chungaidhean-leighis	2
35120	hatchett	2
35121	ching	2
35122	iom-obraichean	2
35123	erlangen	2
35124	sia-cheàrnach	2
35125	knoevenagel	2
35126	co-dhlùthachadh	2
35127	kbe	2
35128	kroto-bio	2
35129	spectra	2
35130	unstable	2
35131	molecules	2
35132	creationism	2
35133	pri	2
35134	hol	2
35135	cesare	2
35136	letizia	2
35137	dh'fhuiricheadh	2
35138	rignon	2
35139	massimo	2
35140	bhar	2
35141	scuola	2
35142	foilleachadh	2
35143	studenti	2
35144	vergani	2
35145	balconaidh	2
35146	toaff	2
35147	aoiseil	2
35148	ainnisd	2
35149	ferbasach	2
35150	aedh	2
35151	sachtach	2
35152	ilduilb	2
35153	duib	2
35154	scotiae	2
35155	crìonain	2
35156	donnchad	2
35157	bethad	2
35158	virgo	2
35159	cenn	2
35160	sverre	2
35161	mharx	2
35162	cumadh-tìre	2
35163	proximity	2
35164	surrounded	2
35165	eswatini	2
35166	legislative	2
35167	country's	2
35168	butan	2
35169	maldives	2
35170	bhaile-turasachd	2
35171	fahd	2
35172	causeway	2
35173	friendship	2
35174	cowi	2
35175	newsarchive	2
35176	cuait	2
35177	iericho	2
35178	leth-eileanach	2
35179	chatar	2
35180	dawlat	2
35181	saudach	2
35182	al-yaman	2
35183	malay	2
35184	darussalam	2
35185	jawi	2
35186	sap	2
35187	kampong	2
35188	skyscraper	2
35189	jalan	2
35190	capable	2
35191	provinces	2
35192	malioboro	2
35193	yogyakarta	2
35194	rapid	2
35195	soup	2
35196	preserved	2
35197	eggs	2
35198	teh	2
35199	iced	2
35200	infantryman	2
35201	participating	2
35202	panser	2
35203	indo	2
35204	expo	2
35205	auri	2
35206	jaya	2
35207	loco	2
35208	aung	2
35209	suu	2
35210	kyi	2
35211	siam	2
35212	casagstan	2
35213	demographic	2
35214	indicators	2
35215	chaspach	2
35216	dh'aramach	2
35217	bolshevik	2
35218	sòbhiatach	2
35219	nazarbayev	2
35220	mongol	2
35221	mhongòilia	2
35222	taidigis	2
35223	tuircmeanastan	2
35224	uzbekistan	2
35225	usbeagastan	2
35226	bhurundaidh	2
35227	undp	2
35228	rapidly	2
35229	somàlia	2
35230	chamarun	2
35231	phoenician	2
35232	tansan	2
35233	tansainia	2
35234	dzayer	2
35235	sudani	2
35236	habib	2
35237	bourguiba	2
35238	repubilika	2
35239	t-inbhir	2
35240	makhaleng	2
35241	malealea	2
35242	reunion	2
35243	ambique	2
35244	dh'fhuair	2
35245	bheinin	2
35246	liberian	2
35247	gbagbo	2
35248	ouattara	2
35249	ghàna	2
35250	warrior	2
35251	luchd-cogaidh	2
35252	guin	2
35253	mhàili	2
35254	sundjata	2
35255	uisgeachaidh	2
35256	chosgas	2
35257	co-òrdanachaidh	2
35258	ghini-bissau	2
35259	fo-sahara	2
35260	dòlar	2
35261	toirmisg	2
35262	aontaidhean	2
35263	clioc	2
35264	ghnìomhachasail	2
35265	guyane	2
35266	machu	2
35267	republiek	2
35268	suriname	2
35269	dhrake	2
35270	h-ioma-eileanan	2
35271	bhenesuèla	2
35272	arùba	2
35273	roraima	2
35274	araguaney	2
35275	tabebuia	2
35276	chrysantha	2
35277	ruith-bheanntain	2
35278	characas	2
35279	punta	2
35280	consulting	2
35281	lanacion	2
35282	cafe	2
35283	encounter	2
35284	seirbheise	2
35285	lilies	2
35286	obair-dheadhain	2
35287	reice	2
35288	iain-crichton-smith	2
35289	miletus	2
35290	anaximander	2
35291	newnes	2
35292	ionia	2
35293	latha-an-diugh	2
35294	matamaigear	2
35295	pythag	2
35296	samos	2
35297	heraclitus	2
35298	leucippus	2
35299	qi	2
35300	sage	2
35301	tao	2
35302	dao	2
35303	alpenhorn	2
35304	bhailbhean	2
35305	flugelhorn	2
35306	dùrd	2
35307	fhuinn	2
35308	bogsa-putain	2
35309	patant	2
35310	akkordeon	2
35311	sèididh	2
35312	laimhe	2
35313	factoraidhean	2
35314	clàirneid	2
35315	recorder	2
35316	ionnsramaid-ghaoithe	2
35317	theobald	2
35318	fhliùiteag	2
35319	piccolo	2
35320	cuislean	2
35321	beus-ghiotàr	2
35322	viola	2
35323	harpsichord	2
35324	teuda	2
35325	trì-cheàrnach	2
35326	cuim	2
35327	h-ionnsramaidean	2
35328	lyre	2
35329	fyne	2
35330	cheann-chinnidh	2
35331	mìnicheadh	2
35332	sgriobhte	2
35333	aighear	2
35334	dh'umha	2
35335	caolain	2
35336	trìantan	2
35337	feadha	2
35338	spangan	2
35339	fheadh	2
35340	bunting	2
35341	chòrdan	2
35342	torm-fheadan	2
35343	funkadelic	2
35344	neo-dhiadhairean	2
35345	diadhairean	2
35346	mhaitheas	2
35347	uidheaman	2
35348	trabhaig	2
35349	modhan-giùlain	2
35350	ùisdein	2
35351	writings	2
35352	dochartaigh	2
35353	còigeamhan	2
35354	arsc	2
35355	mhumhan	2
35356	mhumhain	2
35357	columb	2
35358	dhualchasach	2
35359	bailtean-fhearann	2
35360	dh'arcaibh	2
35361	canisbay	2
35362	vikings	2
35363	forty-five	2
35364	gròit	2
35365	hainseatachd	2
35366	gròt	2
35367	flacais	2
35368	tuaithe	2
35369	terrace	2
35370	dh'albais	2
35371	sineadh	2
35372	ànsruthair	2
35373	scott's	2
35374	stewarts	2
35375	marg	2
35376	fìobhach	2
35377	linoleum	2
35378	lino	2
35379	stuth-beathachaidh	2
35380	bun-stuthan	2
35381	seafield	2
35382	stalc	2
35383	bearaig-a-deas	2
35384	muilleanan	2
35385	dh'aistean	2
35386	sailcirc	2
35387	bhrodgar	2
35388	tuathanasachd	2
35389	kirkwaa	2
35390	kirkjuvagr	2
35391	hrossey	2
35392	margaret's	2
35393	sandey	2
35394	shapinsay	2
35395	lpandisey	2
35396	bhreitheimh	2
35397	rognvaldsey	2
35398	hamnavoe	2
35399	nsey	2
35400	ueastraigh	2
35401	bretagne	2
35402	breatainnis	2
35403	timsgearraidh	2
35404	scotsol	2
35405	filming-death-scenes-left-river-city-star-an-emotional-wreck	2
35406	somersaults	2
35407	sorbier	2
35408	tides	2
35409	gaynor	2
35410	bampot	2
35411	thewire	2
35412	buaile	2
35413	thoirmisgeadh	2
35414	fainge	2
35415	deuchainneach	2
35416	earagail	2
35417	mcgrath	2
35418	coppola	2
35419	dh'èiricheas	2
35420	vito	2
35421	sonny	2
35422	trio	2
35423	scent	2
35424	tuathanais	2
35425	giotair	2
35426	chrowley	2
35427	heaven	2
35428	hammer	2
35429	gods	2
35430	thalla	2
35431	clarksdale	2
35432	clapton	2
35433	stoidhle-chiùil	2
35434	caogadan	2
35435	nòs-ciùil	2
35436	cabot	2
35437	portagailich	2
35438	nowhere	2
35439	heads	2
35440	brù-dhearg	2
35441	hewson	2
35442	mullan	2
35443	acquired	2
35444	mòr-cuid	2
35445	ghearrar	2
35446	ceapa-mhara	2
35447	citadel	2
35448	cheilearaich	2
35449	wearing	2
35450	wholly	2
35451	duwe	2
35452	inbhirnis	2
35453	reads	2
35454	writes	2
35455	lùnasdail	2
35456	conamara	2
35457	teilif	2
35458	chaoch	2
35459	h-aoighean	2
35460	pupaid	2
35461	kermit	2
35462	rizzo	2
35463	a'chabair	2
35464	co-fharpaisich	2
35465	thigeil	2
35466	a'bhun	2
35467	a'cumail	2
35468	laighidh	2
35469	a'nochdadh	2
35470	garvie	2
35471	èir	2
35472	cartaine	2
35473	nua-ghaeilge	2
35474	cotain	2
35475	cheathreamh	2
35476	blitz	2
35477	wings	2
35478	sasainneach	2
35479	t-einnsean	2
35480	carbad-smùide	2
35481	threud	2
35482	ghailck	2
35483	sostnagh	2
35484	sor	2
35485	ta'n	2
35486	chayt	2
35487	enmyssit	2
35488	stubbin	2
35489	rish	2
35490	chayteen	2
35491	veg	2
35492	raad	2
35493	hiass	2
35494	jinnagh	2
35495	fastyr	2
35496	slane	2
35497	blaa	2
35498	cashtal	2
35499	caiseal	2
35500	eeast	2
35501	gluaiste	2
35502	kayt	2
35503	thie	2
35504	jees	2
35505	t'ad	2
35506	nee'm	2
35507	fakin	2
35508	ceathair	2
35509	seacht	2
35510	ostair-ungair	2
35511	bajer	2
35512	fried	2
35513	nansen	2
35514	dawes	2
35515	kellogg	2
35516	chelwood	2
35517	willy	2
35518	brandt	2
35519	gorba	2
35520	shimon	2
35521	yitzhak	2
35522	pugwash	2
35523	liu	2
35524	xiaobo	2
35525	mukwege	2
35526	ales	2
35527	briogadh	2
35528	aibidealach	2
35529	dh'fhaoite	2
35530	ribh	2
35531	duilleag-labhairt	2
35532	taghaibh	2
35533	mhothaicheas	2
35534	taisgte	2
35535	steòrnaidhean	2
35536	vulpes	2
35537	dhath	2
35538	cobhartaich	2
35539	dhiadhachd	2
35540	ghnàth-fhacal	2
35541	chasgadh	2
35542	madaidhean	2
35543	scrofa	2
35544	muicfheoil	2
35545	mhuc	2
35546	familiaris	2
35547	carnivora	2
35548	miol-chù	2
35549	gaoisid	2
35550	fheumail	2
35551	daoimeanan	2
35552	fhillidhean	2
35553	fillidhean	2
35554	ghual-fhiodha	2
35555	peansail	2
35556	gille-ruith	2
35557	haile	2
35558	co-fharpaiseach	2
35559	h-itiop	2
35560	ruitheadairean	2
35561	ioma-spòrs	2
35562	placid	2
35563	garmisch-partenkirchen	2
35564	d'ampezzo	2
35565	xxi	2
35566	xxxii	2
35567	chàrlabhaigh	2
35568	fir-thàileisg	2
35569	suaineabhal	2
35570	ghiomach	2
35571	talamh-àitich	2
35572	tais	2
35573	bhatairnis	2
35574	h-uiread	2
35575	siantan	2
35576	coileach-frangach	2
35577	cearc-fhrangach	2
35578	bhanachdach	2
35579	t-at	2
35580	busach	2
35581	glòigeach	2
35582	buachar	2
35583	chac	2
35584	cian-chonaltradh	2
35585	ceata	2
35586	sròm	2
35587	dlighe-sgrìobhaidh	2
35588	cli	2
35589	sgriosaile	2
35590	dhealbh-cluich	2
35591	uidheamachadh	2
35592	do-dhèanta	2
35593	dol-air-adhart	2
35594	tenzin	2
35595	gyatso	2
35596	ma's	2
35597	leabhar-aistridh	2
35598	tilde	2
35599	haidh	2
35600	agamsa	2
35601	mi'n	2
35602	saidheansach	2
35603	cànanaich	2
35604	meatbong	2
35605	t-eadailteach	2
35606	fiorentina	2
35607	gèadh	2
35608	macsteaphain	2
35609	nicphàil	2
35610	nevit	2
35611	mheasgaich	2
35612	grit	2
35613	bhualas	2
35614	chuise	2
35615	nadur	2
35616	cuidicheadh	2
35617	innleadair-thogalach	2
35618	roi-shealladh	2
35619	duilleig-cleachdair	2
35620	salah	2
35621	ought	2
35622	chrogaill	2
35623	tinneasan-inntinn	2
35624	dunain	2
35625	craigs	2
35626	bhasgach	2
35627	eus	2
35628	roinnean-dùthcha	2
35629	es-atlantiques	2
35630	bun-tomhas	2
35631	bhun-tomhas	2
35632	nafarrera	2
35633	teòraig	2
35634	vasca	2
35635	trask	2
35636	vascuence	2
35637	lathair	2
35638	facal-iasaid	2
35639	ìbeiris	2
35640	telly	2
35641	wordlink	2
35642	navsize	2
35643	cumhnantan	2
35644	slaightearan	2
35645	leper's	2
35646	newsectionlink	2
35647	vector	2
35648	executed	2
35649	unnecessary	2
35650	dedicated	2
35651	decide	2
35652	maintaining	2
35653	requests	2
35654	delivery	2
35655	improve	2
35656	interface-admin	2
35657	stewards	2
35658	dangerous	2
35659	hacker	2
35660	practices	2
35661	enabling	2
35662	hereford	2
35663	phrionnsabalan	2
35664	trutta	2
35665	ciadameatairean	2
35666	sìolradh	2
35667	basgaid	2
35668	h-incas	2
35669	h-ionnsaigh	2
35670	t-sùlaire	2
35671	abachadh	2
35672	shùlaisgeir	2
35673	gannets	2
35674	sulasgeir	2
35675	collecting	2
35676	gannet	2
35677	tàbost	2
35678	suaineabost	2
35679	bhàthaidh	2
35680	eisgeachd	2
35681	gugachan	2
35682	fliù	2
35683	falmadair	2
35684	cathair-cuibhle	2
35685	reidio	2
35686	boulevard	2
35687	fame	2
35688	dh'ogsaidean	2
35689	ultra-bhìolait	2
35690	ghàirdeanan	2
35691	circe	2
35692	goistidh	2
35693	ath-bhreith	2
35694	chronic	2
35695	cridhean	2
35696	ghealltainn	2
35697	leth-bhràthair	2
35698	cruthach	2
35699	neumann	2
35700	ride	2
35701	canaib	2
35702	pot	2
35703	cannabis	2
35704	aotruime	2
35705	tritium	2
35706	nist	2
35707	stuth-spreadhaidh	2
35708	longan-adhair	2
35709	spreadhaidh	2
35710	hindenburg	2
35711	leanmhainn	2
35712	òrduighean	2
35713	cearn	2
35714	àraidhichte	2
35715	theachd-an-tìr	2
35716	grow	2
35717	deil's	2
35718	exciseman	2
35719	tart	2
35720	gnè-fhàs	2
35721	fàs-beairtean	2
35722	peasraichean	2
35723	cuileag	2
35724	so-aithnichte	2
35725	dile	2
35726	cruinn-eòlasach	2
35727	ath-chrathaigh	2
35728	linn-eighe	2
35729	meudaich	2
35730	eòin-mhara	2
35731	macgillemhàrtainn	2
35732	kilda	2
35733	ardbuckle	2
35734	ballance	2
35735	brùs	2
35736	meadhan-alba	2
35737	gillon	2
35738	godman	2
35739	janis	2
35740	leacaidh	2
35741	bhiataigh	2
35742	macbhàtair	2
35743	maceanraig	2
35744	macillechiar	2
35745	màrabhaig	2
35746	monteith	2
35747	bhroin	2
35748	chorràin	2
35749	ceilbhin	2
35750	nicsheumais	2
35751	finna	2
35752	pringle	2
35753	ochaill	2
35754	phunc	2
35755	beachd-san	2
35756	cdan	2
35757	clarendon	2
35758	aldarfarsb	2
35759	prestur	2
35760	heilagur	2
35761	geti	2
35762	eylands	2
35763	ess	2
35764	thile	2
35765	heitir	2
35766	sagt	2
35767	liggi	2
35768	sigling	2
35769	bretlandi	2
35770	lendi	2
35771	travelingluck	2
35772	cork	2
35773	clanna	2
35774	seinnidh	2
35775	dusanan	2
35776	specials	2
35777	gunchleoc	2
35778	annad	2
35779	stiùbhartan	2
35780	announcement	2
35781	gaelic-speaking	2
35782	sign-up	2
35783	contribute	2
35784	approprite	2
35785	discussions	2
35786	announcements	2
35787	oui	2
35788	coronellian	2
35789	botmultichill	2
35790	luchd-brèige	2
35791	odell	2
35792	bheothachadh	2
35793	deachd	2
35794	làn-ghealach	2
35795	ciùrrte	2
35796	beanail	2
35797	beanaile	2
35798	feachdaire	2
35799	dhatha-bhilean	2
35800	riochdaichidh	2
35801	prìomh-charactaran	2
35802	co-sheòrsaich	2
35803	co-ghnèitheachd	2
35804	sgath-sgeulachd	2
35805	luchd-dìoghrasach	2
35806	attach	2
35807	cluich-àbhachd	2
35808	onoir	2
35809	palatina	2
35810	dàna-ghaoil	2
35811	mìreannan	2
35812	aphrodite	2
35813	àrd-chliù	2
35814	co-fhacal	2
35815	andros	2
35816	atthis	2
35817	ceòlradh	2
35818	comhad	2
35819	ealaidhean	2
35820	childe	2
35821	viewed	2
35822	mheadhan-thalmhainn	2
35823	ùidheil	2
35824	ceumadair	2
35825	ghandalf	2
35826	aragorn	2
35827	legolas	2
35828	gimli	2
35829	troich	2
35830	hobbiton	2
35831	beinntean	2
35832	mhoria	2
35833	gamhlasach	2
35834	nàdarr	2
35835	t-olc	2
35836	chaisg	2
35837	fosglan	2
35838	choimheach	2
35839	ceòlchruinne	2
35840	t-àrd-ùrlar	2
35841	prò	2
35842	dubhair	2
35843	leth-àrd	2
35844	guanaig	2
35845	soindath	2
35846	fach	2
35847	earrain	2
35848	cumadairean-ciùil	2
35849	shiùbhlach	2
35850	leanailteach	2
35851	beus-fhidheall	2
35852	t-aithris	2
35853	co-cheumnachadh	2
35854	searg	2
35855	fhoireann-ciùil	2
35856	faoin-chleas	2
35857	t-eisimpleir	2
35858	mhothachaidh	2
35859	h-oighrean	2
35860	dafne	2
35861	jacopo	2
35862	litearra	2
35863	chamerata	2
35864	dhùsgadh	2
35865	leroux	2
35866	riochdachaidhean	2
35867	neo-fhiosrach	2
35868	dubh-chìs	2
35869	prìomh-ban-seinn	2
35870	àitreabh	2
35871	neach-ealantachd	2
35872	gràinead	2
35873	ràn	2
35874	nàireach	2
35875	geasachd	2
35876	prìomh-caractar	2
35877	mharbhan	2
35878	cheòlach	2
35879	gheuraich	2
35880	mhì-fhallain	2
35881	uisgeach	2
35882	dh'èisdeachd	2
35883	oprachan	2
35884	bhuntainn	2
35885	grèidhear	2
35886	saobh-chràbhaidhean	2
35887	rabhaidhean	2
35888	òrdachaidhean	2
35889	giry	2
35890	cò-leis	2
35891	shamuel	2
35892	gràdhach	2
35893	goliath	2
35894	cronachan	2
35895	t-anam	2
35896	earraidhean	2
35897	trusgan	2
35898	karolsfeld	2
35899	ro-chraiceann	2
35900	fìos	2
35901	ciod	2
35902	historiae	2
35903	veteris	2
35904	dhlùths	2
35905	laiste	2
35906	bhuaireas	2
35907	ghineal	2
35908	chaoin	2
35909	chiatach	2
35910	chodaich	2
35911	t-òganach	2
35912	thachaireadh	2
35913	fheòlmhor	2
35914	meadhanaiche	2
35915	boswell	2
35916	abaltan	2
35917	eachdraigh	2
35918	t-ionnran	2
35919	soilleirichte	2
35920	h-iomradh	2
35921	bheagchuid	2
35922	mùirn	2
35923	t-ealantaire	2
35924	cho-sheòrsaich	2
35925	bhrillean	2
35926	ginidh	2
35927	bh'e	2
35928	fhorster	2
35929	t-ùirsgeul	2
35930	iomlanachadh	2
35931	laghaile	2
35932	graves	2
35933	cobharach	2
35934	billie	2
35935	whitelaw	2
35936	dhìmeas	2
35937	droch-bheart	2
35938	crìochaichidh	2
35939	rannsaichidh	2
35940	mire	2
35941	lùth-chleas	2
35942	mhisein	2
35943	goiride	2
35944	cabhaig	2
35945	miothlachd	2
35946	acaid	2
35947	gèillidh	2
35948	thigh'nn	2
35949	murrach	2
35950	gnìomhaidhean	2
35951	ceàird	2
35952	marlowe	2
35953	bhalg-meadhain	2
35954	casag	2
35955	gùn	2
35956	aodach-cuim	2
35957	ingres	2
35958	bhan-iarla	2
35959	thumbtime	2
35960	aodachan	2
35961	snàth-clòimhe	2
35962	earbsadh	2
35963	ghanna	2
35964	selchidh	2
35965	stampa	2
35966	maighdeannan-ròin	2
35967	selkies	2
35968	maighdeann-ròin	2
35969	mhaighdeann-ròin	2
35970	dùisgidh	2
35971	bocadh	2
35972	idio-theiripe	2
35973	ceimeo-theiripe	2
35974	guthlaige	2
35975	chòmhnadh	2
35976	bainneach	2
35977	shluagh-iùlach	2
35978	eachdraidheile	2
35979	luchd-cheannsal	2
35980	luchd-fialaidh	2
35981	chlaon-bhàigh	2
35982	ban-iarla	2
35983	chràidh	2
35984	shnàmh	2
35985	sàdach	2
35986	gutkeled	2
35987	dhàimheach	2
35988	czi	2
35989	bhrùideil	2
35990	t-ungaire	2
35991	tuathannaich	2
35992	dheicheid	2
35993	anndras	2
35994	orsolya	2
35995	chaistealan	2
35996	t-àrdrìgh	2
35997	hachtice	2
35998	comasachd	2
35999	eachdraigheil	2
36000	lèigheil	2
36001	ullaichte	2
36002	fhala	2
36003	saobhadh	2
36004	gharg	2
36005	mheal	2
36006	snuadh	2
36007	bhitheanta	2
36008	katar	2
36009	snàigeanan	2
36010	mhuineal	2
36011	bhothaig	2
36012	melkor	2
36013	aithrisidh	2
36014	ilte	2
36015	arla	2
36016	dorra	2
36017	ocha	2
36018	bhreatain	2
36019	noyes	2
36020	clàr-chiùil	2
36021	parallel	2
36022	h-uil	2
36023	quinlan	2
36024	daoin	2
36025	bruidh'nn	2
36026	siona	2
36027	trì-deugamh	2
36028	spothaidh	2
36029	òranaichean-àirde	2
36030	leuman	2
36031	dualchaisean	2
36032	uileach	2
36033	vland	2
36034	dìsead	2
36035	nua-clasaigeach	2
36036	ràiteachas	2
36037	dèanamh-ciùil	2
36038	nocturne	2
36039	faireachdainn-chridhe	2
36040	chlàr-ciùil	2
36041	bhruadair	2
36042	dhìot	2
36043	prìomh-deich	2
36044	bharraichte	2
36045	reached	2
36046	newtonmoreshinty	2
36047	neach-seinn	2
36048	ceallaigh	2
36049	gnìomhaichidh	2
36050	cruthaichidh	2
36051	dh'ath-ainmich	2
36052	dubhag	2
36053	ghnìomhachadh	2
36054	deasan-ghnàth	2
36055	dà-mhiannach	2
36056	thairis-sheòrsach	2
36057	berdache	2
36058	luchd-corpeòlas	2
36059	diùltaidh	2
36060	cronail	2
36061	dhualchasaich	2
36062	slànachadh	2
36063	cungaidh-leighis	2
36064	ciallachail	2
36065	dà-spioraidich	2
36066	deas-gnàth	2
36067	h-aodaich	2
36068	t-arbhair	2
36069	ghnìomhachaidh	2
36070	beò-eòlais	2
36071	brighid	2
36072	iri	2
36073	tùs-ceiltis	2
36074	boireannta	2
36075	moe-pcl	2
36076	basename	2
36077	cdata	2
36078	cceltic	2
36079	dwew	2
36080	diachrony	2
36081	aonghuis	2
36082	elcmar	2
36083	dh'arbhartaich	2
36084	còmhdaichidh	2
36085	bodb	2
36086	dh'itealaich	2
36087	uil	2
36088	mabon	2
36089	ur-sgeulach	2
36090	sinnsireachdan	2
36091	itinn	2
36092	faoinsgeul	2
36093	faidh	2
36094	elatha	2
36095	etarl	2
36096	ollam	2
36097	aillen	2
36098	h-ùr-sgeulachd	2
36099	h-urram	2
36100	sìorrachd	2
36101	luimnich	2
36102	samhlaichte	2
36103	rosmerta	2
36104	aoibhell	2
36105	ionannachdan	2
36106	riochd-samhlachadh	2
36107	deàlrach	2
36108	mocha	2
36109	draoidheile	2
36110	clogaid	2
36111	dh'fhàisnich	2
36112	cathbad	2
36113	chuimseach	2
36114	com-pàirtichte	2
36115	ainle	2
36116	dh'fheuchadh	2
36117	chonchobhair	2
36118	h-aindeonach	2
36119	dh'eamhain	2
36120	ailnge	2
36121	dheirdre	2
36122	ghan	2
36123	buaileadh	2
36124	turaidean	2
36125	morgul	2
36126	phrìomh-charactar	2
36127	phàirteachadh	2
36128	mì-chinnte	2
36129	isengard	2
36130	famhairean	2
36131	entan	2
36132	coinnichidh	2
36133	ghlòm	2
36134	mhinas	2
36135	truas	2
36136	bèist	2
36137	freagarrachaidhean	2
36138	bhàidh	2
36139	mhac-peathar	2
36140	dhòigheil	2
36141	dh'ithe	2
36142	neabhan	2
36143	fables	2
36144	anduin	2
36145	gearmailtise	2
36146	sean-bheurla	2
36147	còmhnaiche-tuill	2
36148	lìonmhorachd	2
36149	galahad	2
36150	fìor-iongantach	2
36151	crìochnaichidh	2
36152	faodainn	2
36153	dh'aom	2
36154	bhreisleachadh	2
36155	choisneadh	2
36156	mòid	2
36157	struibhle	2
36158	mhaiseach	2
36159	gnèthean	2
36160	sìtheile	2
36161	sìdhichean	2
36162	còmhnadh	2
36163	chòmhnaich	2
36164	caoimhneasach	2
36165	sgaothaich	2
36166	fàisg	2
36167	tiompain	2
36168	chruithnich	2
36169	dòchasach	2
36170	naimhdean	2
36171	àrd-rìghrean	2
36172	tìodhlaiceadh	2
36173	rerum	2
36174	bruges	2
36175	toponymisch	2
36176	woordenboek	2
36177	belgi	2
36178	noord-frankrijk	2
36179	west-duitsland	2
36180	brussel	2
36181	strìochd	2
36182	bhrusach	2
36183	meithinnidh	2
36184	ceatharnach-cogaidh	2
36185	neo-eisimileachd	2
36186	corvus	2
36187	cobhartach	2
36188	gronna	2
36189	mhaidinn	2
36190	earca	2
36191	eirc	2
36192	muredach	2
36193	erc	2
36194	muircheartach	2
36195	tynecastle	2
36196	còids	2
36197	champions	2
36198	ath-stiùireadh	2
36199	neach-taice	2
36200	the-shortlisted	2
36201	bruic	2
36202	dancer	2
36203	angels	2
36204	criomag	2
36205	expecting	2
36206	buill-bhodhaig	2
36207	swing	2
36208	stupid	2
36209	ain't	2
36210	kick	2
36211	escapology	2
36212	darryl	2
36213	knebworth	2
36214	h-àireamh	2
36215	ghnèitheachd	2
36216	buadhairean	2
36217	dheadhain	2
36218	dhùthchasaich	2
36219	bhean-phòsta	2
36220	lì-dhealbhadair	2
36221	dealbhan-balla	2
36222	aon-mala	2
36223	feusag-bheòil	2
36224	dealbhta	2
36225	choyoac	2
36226	dealbhaiche	2
36227	romània	2
36228	matilde	2
36229	ciorram	2
36230	aisnean	2
36231	bronna	2
36232	brùite	2
36233	h-aire	2
36234	seòrsaichte	2
36235	azul	2
36236	naturaleza	2
36237	phèin	2
36238	h-uisge	2
36239	hoops	2
36240	bankier	2
36241	co-dheuchainn	2
36242	mòtha	2
36243	cùmhachdach	2
36244	abhaist	2
36245	maccaig	2
36246	sgaoileadh-cumhachd	2
36247	cathair-rìoghail	2
36248	cnut	2
36249	canute	2
36250	mhicdhòmhnaill	2
36251	adhbhair	2
36252	normannach	2
36253	thùsach	2
36254	dooyrt	2
36255	ballooilley	2
36256	monney	2
36257	samples	2
36258	mairt	2
36259	coron	2
36260	chiad-ghin	2
36261	ochd-deug	2
36262	broadsheet	2
36263	tiny	2
36264	oifigean	2
36265	pam	2
36266	ùlpan	2
36267	elise	2
36268	kapellmeister	2
36269	chlabhier	2
36270	h-oparan	2
36271	un-documental-planteja-la-hipotesi-que-cristofor-colom-era-calongi	2
36272	meta-wiki	2
36273	ignorance	2
36274	neach-matamataig	2
36275	eureka	2
36276	archimedeis	2
36277	prosbaig	2
36278	iupatair	2
36279	accademia	2
36280	lincei	2
36281	feallsanachd-nàdurra	2
36282	taigh-cùinnidh	2
36283	preservation	2
36284	races	2
36285	mhean-fhàs	2
36286	esmateria	2
36287	el-divulgador-de-la-ciencia-acosado-por-la-iglesia	2
36288	materia	2
36289	combaiste	2
36290	vint	2
36291	ser	2
36292	piero	2
36293	amboise	2
36294	supper	2
36295	bràithreachas	2
36296	delle	2
36297	dealbhan-tarraing	2
36298	sguaib	2
36299	dathan-cluiche	2
36300	eudmhorachd	2
36301	sàr-ghàidheal	2
36302	rockall	2
36303	homair	2
36304	rimhinn	2
36305	percival	2
36306	arles	2
36307	ceusta	2
36308	sedgefield	2
36309	fettes	2
36310	faull	2
36311	trot	2
36312	trole	2
36313	co-eagar	2
36314	artiodactyla	2
36315	fhearannach	2
36316	aighean	2
36317	mangan	2
36318	ghad	2
36319	riomb	2
36320	rathadan-iarainn	2
36321	cnàimhean	2
36322	èisdeachd	2
36323	rails	2
36324	nottinghaim	2
36325	mèinn-ghuail	2
36326	bruaiche	2
36327	rathaidean-uagain	2
36328	rathad-uagain	2
36329	slochd	2
36330	thuraich	2
36331	bhatt	2
36332	risteard	2
36333	trevethick	2
36334	th'an	2
36335	boladh	2
36336	innealan-smùide	2
36337	chochaill	2
36338	chochall	2
36339	brillean	2
36340	dàirich	2
36341	bhuaireasach	2
36342	cèileaf	2
36343	karel	2
36344	carloman	2
36345	pàlas	2
36346	malairteachd	2
36347	mhiannachadh	2
36348	chluarain	2
36349	neo-cheangailte	2
36350	neach-siubhail	2
36351	visit-inveraray	2
36352	briogaisean	2
36353	winterton	2
36354	goscinny	2
36355	caractairean	2
36356	figuren	2
36357	belli	2
36358	contra-danns	2
36359	cupalan	2
36360	metre	2
36361	chruinnicheas	2
36362	turus	2
36363	ceapairean	2
36364	triop	2
36365	bhritish	2
36366	thogta	2
36367	bhun-sgoile	2
36368	klondykers	2
36369	chartes	2
36370	co-ionnanas	2
36371	obain	2
36372	obelix	2
36373	carraighean-cuimhne	2
36374	milleannaidh	2
36375	h-èipheiteach	2
36376	bandage	2
36377	uillinn	2
36378	freagair	2
36379	dòrnaire	2
36380	clay	2
36381	mohamed-ali-mort-d-une-legende-de-la-boxe	2
36382	cheannaird	2
36383	mhafia	2
36384	livia	2
36385	crisdean	2
36386	shoprano	2
36387	capo	2
36388	iler	2
36389	bucco	2
36390	adriana	2
36391	nighean-peathar	2
36392	bruideil	2
36393	baccilieri	2
36394	aida	2
36395	carmine	2
36396	sgalag	2
36397	anarcachas	2
36398	eagrachasan	2
36399	ain-riaghailteach	2
36400	bàn-ruadh	2
36401	radharc	2
36402	lì-ruadh	2
36403	sluaighean	2
36404	galatach	2
36405	shealbhachadh	2
36406	breac-mhìnidh	2
36407	riaghailte	2
36408	eadar-sgeul	2
36409	lethbhreith	2
36410	ciaraich	2
36411	ògalachd	2
36412	lì-dhealbhadairean	2
36413	ùr-sgeulach	2
36414	woody	2
36415	saoileadh	2
36416	cadwallon	2
36417	coltachadh	2
36418	gailflingean	2
36419	mhìle-bliadhna	2
36420	gire	2
36421	ceàirdean	2
36422	chomasach	2
36423	suain-measgachaidh	2
36424	anamanta	2
36425	comhair-mhiannach	2
36426	càraide	2
36427	chrìostaidh	2
36428	thìodhlaicean	2
36429	t-similear	2
36430	thèarlaich	2
36431	hanobhair	2
36432	t-oighre	2
36433	dh'fhaicinn	2
36434	djan	2
36435	haidhti	2
36436	beachdadair	2
36437	bhàsmhor	2
36438	sàsaichte	2
36439	slaoightear	2
36440	prìomh-choltas	2
36441	cathair-bhaile	2
36442	albain	2
36443	tulaichean	2
36444	greadhnachas	2
36445	garbha	2
36446	chaird	2
36447	àite-adhlaic	2
36448	àite-coinneachaidh	2
36449	clachan-cuimhne	2
36450	adhlaic	2
36451	thìodhlac	2
36452	macdhonnachaidh	2
36453	sreangan	2
36454	ghamait	2
36455	ghineadh	2
36456	shamhladh	2
36457	ban-draoidh	2
36458	luibhe	2
36459	ghuidh	2
36460	bìodag	2
36461	bhìodag	2
36462	h-uinneige	2
36463	beirsinn	2
36464	dh'fhigheadh	2
36465	tiotan	2
36466	muime	2
36467	dhìobair	2
36468	eu-dòchas	2
36469	drisean	2
36470	seann-nòsach	2
36471	prospero	2
36472	mhuime	2
36473	asda	2
36474	smàrag	2
36475	taosgach	2
36476	màithreil	2
36477	pròise	2
36478	craos	2
36479	sannt	2
36480	farmad	2
36481	caoimhneas	2
36482	ostaire	2
36483	fucking	2
36484	fugging	2
36485	mexican	2
36486	comannan	2
36487	aimearagan	2
36488	h-iomadaidh	2
36489	mhallaich	2
36490	claoidhte	2
36491	co-èignichte	2
36492	sgeil	2
36493	coisichidh	2
36494	iomluasgach	2
36495	medea	2
36496	dìobairt	2
36497	astaigean	2
36498	chaillte	2
36499	chort	2
36500	conquistadoran	2
36501	màthraichean	2
36502	mhaise	2
36503	amereaganach-dùthchasach	2
36504	mhàthraichean	2
36505	mnathan-shìdh	2
36506	manadh	2
36507	nix	2
36508	thruagh	2
36509	chliùteach	2
36510	defoe	2
36511	ecco	2
36512	deimhinne	2
36513	lòch	2
36514	reic-tairgse	2
36515	gnèithealach	2
36516	tùsaile	2
36517	bhean-shìdh	2
36518	sguabaidh	2
36519	dùthchaile	2
36520	sealan	2
36521	minogue	2
36522	torrachasan	2
36523	dhiu	2
36524	oileanachd	2
36525	ciad-fàthan	2
36526	metaphysics	2
36527	ethics	2
36528	anima	2
36529	dèidheadh	2
36530	dunwich	2
36531	township	2
36532	visited	2
36533	descendants	2
36534	settlers	2
36535	informed	2
36536	lucille	2
36537	campey	2
36538	reverend	2
36539	proudfoot	2
36540	obraiche-drùise	2
36541	siùrsach	2
36542	comharrachaidhean	2
36543	peacach	2
36544	luchd-ceannachd	2
36545	pàisde-mhiannaich	2
36546	bruidhinnidh	2
36547	prostitution	2
36548	co-ceangailte	2
36549	ghnàths	2
36550	sho-leònte	2
36551	pickton	2
36552	shireadh	2
36553	dagsblat	2
36554	neo-phoblach	2
36555	siùrsaich	2
36556	pheinsean	2
36557	pension	2
36558	llning	2
36559	tter	2
36560	washingtonpost	2
36561	luchd-dèanadais	2
36562	ceannsach	2
36563	iomrallach	2
36564	stàid	2
36565	srath-chluaidh	2
36566	fhas	2
36567	ruaidr	2
36568	coemg	2
36569	mormaer	2
36570	taisgealachd	2
36571	ainm-sloinnidh	2
36572	teansa	2
36573	arainneach	2
36574	educationandcommunitypartnershipsresources	2
36575	spìon	2
36576	namhaid	2
36577	d'ar	2
36578	mac-shamhlaidhean	2
36579	mac-shamhalaidhean	2
36580	bhuaidhe	2
36581	falciparum	2
36582	th'aca	2
36583	newt	2
36584	salamandra	2
36585	tuaisceart	2
36586	àmanan	2
36587	dè'n	2
36588	occitan	2
36589	alsatian	2
36590	eorpach	2
36591	measaile	2
36592	èire	2
36593	miraj	2
36594	muhammad's	2
36595	ascent	2
36596	khamsa	2
36597	nizami	2
36598	mhecca	2
36599	ear-mheadhan	2
36600	aon-diathach	2
36601	phianadh	2
36602	qurayza	2
36603	threubh	2
36604	dh'ainm	2
36605	mac-shamhladh	2
36606	lùghdachan	2
36607	mademoiselle	2
36608	iar-ghaidhealtachd	2
36609	dh'fhoghlam	2
36610	lutetia	2
36611	cluicheadaran	2
36612	invernessshintyclub	2
36613	lòbhait	2
36614	faoin-fhios	2
36615	leamington	2
36616	cheannarcach	2
36617	segnalidivita	2
36618	segnali	2
36619	cleas-chluiche	2
36620	choirbteachd	2
36621	coppa	2
36622	cupanan	2
36623	suaicheantaiche	2
36624	verwandlung	2
36625	meatamorfosas	2
36626	cluicheadair-druma	2
36627	phròiseactan	2
36628	tocasaid	2
36629	tigerne	2
36630	teyrn	2
36631	tigern	2
36632	teern	2
36633	tigernus	2
36634	tegerno-s	2
36635	tegernio-s	2
36636	teg	2
36637	t-adhartas	2
36638	seigneur	2
36639	clickimin	2
36640	dh'oileanaich	2
36641	teangaichean	2
36642	ainm-duibhearach	2
36643	ibero-ròmanasch	2
36644	portugu	2
36645	galo-ròmanasch	2
36646	pes	2
36647	gallan	2
36648	lìgean	2
36649	x-sampa	2
36650	coirill	2
36651	anthro	2
36652	afraganaich	2
36653	t-soillse	2
36654	shoillse	2
36655	piis	2
36656	gainne	2
36657	bìth	2
36658	seilge	2
36659	liotuainia	2
36660	piazza	2
36661	blonde	2
36662	finne	2
36663	racesofeurope	2
36664	coon	2
36665	sturrail	2
36666	breislich	2
36667	umhach	2
36668	sinnsearachdan	2
36669	chait	2
36670	gealachd	2
36671	ginean	2
36672	ionadaile	2
36673	dealbhan-camara	2
36674	t-sùla	2
36675	dealbh-dùthcha	2
36676	bosphorus	2
36677	dobhar-chù	2
36678	biast-dubh	2
36679	sean-fhacal	2
36680	gamhna	2
36681	beef	2
36682	belted	2
36683	greys	2
36684	longhorn	2
36685	srianach	2
36686	badger	2
36687	snàigeach	2
36688	pèistean	2
36689	eòlaidheachd	2
36690	doigh	2
36691	galla	2
36692	shìolaich	2
36693	socraichidh	2
36694	pòran	2
36695	poileanachadh	2
36696	bheachd-smuaintean	2
36697	luchd-tagraidh	2
36698	buirbe	2
36699	balgach	2
36700	chlosach	2
36701	mhannainn	2
36702	còirne	2
36703	chornais	2
36704	gwenenen	2
36705	keus	2
36706	yn-mes	2
36707	amach	2
36708	codha	2
36709	gaver	2
36710	gweus	2
36711	nifer	2
36712	perenn	2
36713	scol	2
36714	megi	2
36715	smoc	2
36716	steren	2
36717	seren	2
36718	hwibana	2
36719	whel	2
36720	hwel	2
36721	chwarel	2
36722	eur	2
36723	yma	2
36724	neach-stèidheachaidh	2
36725	eipheit	2
36726	shiria	2
36727	dhoimhneachd	2
36728	comhdach	2
36729	colainn	2
36730	titan	2
36731	chonnspaid	2
36732	h-eòlaidheachd	2
36733	derry	2
36734	tein-aighear	2
36735	h-aghaidhe	2
36736	deàrrsach	2
36737	prìomh-shamhlach	2
36738	co-sheasamh	2
36739	sgeidse	2
36740	bangs	2
36741	staidhle	2
36742	jann	2
36743	wenner	2
36744	nme	2
36745	fairport	2
36746	capote	2
36747	dhrugaichean	2
36748	sgrìobaidh	2
36749	morgen	2
36750	leid	2
36751	verstehe	2
36752	recht	2
36753	chamanachd	2
36754	èireachadh	2
36755	ambasaid	2
36756	d'alembert	2
36757	sesotho	2
36758	coitcheannan	2
36759	camel	2
36760	khrist	2
36761	latha-saor	2
36762	tadhalt	2
36763	similear	2
36764	frontman	2
36765	neach-beus	2
36766	slayer	2
36767	maiden	2
36768	zappa	2
36769	yle	2
36770	freak	2
36771	invention	2
36772	dhìdean	2
36773	fate	2
36774	darkthrone	2
36775	burzum	2
36776	crìosdachd	2
36777	sàtanach	2
36778	corpse	2
36779	eu-dòchasach	2
36780	feallsanachdail	2
36781	drumairean	2
36782	meur-chlàr	2
36783	rithim	2
36784	bhor	2
36785	chrìosdach	2
36786	dismember	2
36787	daonan	2
36788	a'seinn	2
36789	diorabh	2
36790	t-ainim	2
36791	giotaran	2
36792	a'cleachdadh	2
36793	doom	2
36794	beast	2
36795	àileach	2
36796	goth	2
36797	banaltruim	2
36798	mendes	2
36799	fear-glèidhidh	2
36800	thìm	2
36801	evaristo	2
36802	vigo	2
36803	tìreachasan	2
36804	bhosna	2
36805	deagh-chliù	2
36806	riantanach	2
36807	eaconamaichean	2
36808	napoleonach	2
36809	thodhar	2
36810	flaitheas	2
36811	droch-ghrèidheadh	2
36812	chapitol	2
36813	t-ath-cheann-suidhe	2
36814	cuinge	2
36815	aontraim	2
36816	h-eugsamhail	2
36817	fìor-eugsamhaile	2
36818	h-iomraidhean	2
36819	aarde	2
36820	balneaves	2
36821	sù	2
36822	opencage	2
36823	alpaca	2
36824	goiriolathan	2
36825	colloquium	2
36826	evolutionary	2
36827	each-mara	2
36828	ialtag	2
36829	los-leathann	2
36830	torradh	2
36831	yak	2
36832	sheorsa	2
36833	urial	2
36834	phacastain	2
36835	marsupial	2
36836	wombat	2
36837	tusaich	2
36838	beest	2
36839	feoil-itheach	2
36840	holotype	2
36841	anaconda	2
36842	snaigean	2
36843	ordugh	2
36844	ailigeutair	2
36845	latvia	2
36846	lettonia	2
36847	ucraineach	2
36848	bronstein	2
36849	essay	2
36850	jungen	2
36851	sgiobha	2
36852	purgaid	2
36853	riagladh	2
36854	phrase	2
36855	buidheanan	2
36856	dhiùltas	2
36857	imperative	2
36858	chien	2
36859	sgith	2
36860	bhunasach	2
36861	pian	2
36862	clisgearan	2
36863	crìochnaich	2
36864	bhuadhair	2
36865	dùinidh	2
36866	naisgearan	2
36867	bunadas	2
36868	ceisteach	2
36869	adh	2
36870	ldquo	2
36871	rdquo	2
36872	dùsan	2
36873	particle	2
36874	balachan	2
36875	pronoun	2
36876	seantans	2
36877	stad-phuing	2
36878	paragraph	2
36879	co-chàraidh	2
36880	calg-dhireach	2
36881	einen	2
36882	roimhearan	2
36883	smaoineachar	2
36884	spainnteach	2
36885	saoilidh	2
36886	domini	2
36887	ararat	2
36888	eilean-a-tuath	2
36889	cearbach	2
36890	domhainne	2
36891	ghàirdein	2
36892	aquaculture	2
36893	tillidh	2
36894	aimearaga-a-deas	2
36895	opossum	2
36896	mhorcuid	2
36897	resurrection	2
36898	lasarus	2
36899	coirp	2
36900	marbha	2
36901	deud	2
36902	ragunan	2
36903	curly	2
36904	dubh-liath	2
36905	chomharraidhean	2
36906	fasa	2
36907	alef	2
36908	dalet	2
36909	zayin	2
36910	yod	2
36911	chaf	2
36912	lamed	2
36913	samekh	2
36914	ayin	2
36915	tsadi	2
36916	qof	2
36917	tav	2
36918	teampuill	2
36919	criosdaidh	2
36920	uisge-polo	2
36921	leònta	2
36922	guailnean	2
36923	tarraingear	2
36924	seud	2
36925	tarraingidh	2
36926	anarag	2
36927	seacaid	2
36928	thiugh	2
36929	cochall	2
36930	aodach-leapa	2
36931	aepycerotinae	2
36932	nìthean	2
36933	canach	2
36934	aol-tàthaidh	2
36935	gilligan	2
36936	abragod	2
36937	sùghmhòr	2
36938	dearg-bhuidhe	2
36939	armeniaca	2
36940	dh'ùghdarras	2
36941	dh'fhàillich	2
36942	nechayev	2
36943	àrc	2
36944	àrcan	2
36945	mirean	2
36946	arspag	2
36947	eun-mhara	2
36948	faoileig	2
36949	iseagan	2
36950	zebra	2
36951	fadhail	2
36952	sgrìobairean	2
36953	cossaise	2
36954	t-ìompaire	2
36955	syriac	2
36956	abhag	2
36957	buill-acainn	2
36958	cheàrnach	2
36959	slabhraidh-ghuinteir	2
36960	àitich	2
36961	auch	2
36962	auchen	2
36963	aqueduct	2
36964	garde	2
36965	wing	2
36966	eun-grunnachaidh	2
36967	eun-turais	2
36968	neo-dhìleas	2
36969	bun-adhbharan	2
36970	agh-laoigh	2
36971	seargach	2
36972	leamhan	2
36973	ulmus	2
36974	sgaoilear	2
36975	mature	2
36976	airne	2
36977	amar-baistidh	2
36978	porvoo	2
36979	fìor-mhullach	2
36980	soirbheachaidh	2
36981	sonais	2
36982	dùmhaile	2
36983	eadar-obair	2
36984	farbimpulse	2
36985	chnàmh	2
36986	rùdan	2
36987	aghastar	2
36988	closeup	2
36989	trappings	2
36990	frisian	2
36991	stud	2
36992	doma	2
36993	halfter	2
36994	tete	2
36995	taureau	2
36996	reindeer	2
36997	aghann	2
36998	sradagan	2
36999	thomhaiseas	2
37000	aries	2
37001	goibhrean	2
37002	dròbhan	2
37003	chosnaidh	2
37004	fheurach	2
37005	thapaidh	2
37006	imbolc	2
37007	gallico	2
37008	cnò	2
37009	t-ubhal	2
37010	chluasag	2
37011	ciallach	2
37012	miasan	2
37013	bhair	2
37014	phlàighean	2
37015	smeuran	2
37016	falamhachadh	2
37017	comandairean	2
37018	seann-ghrèige	2
37019	bactria	2
37020	dh'inntrigeadh	2
37021	bìorasach	2
37022	shlàn-àireimh	2
37023	machraichean	2
37024	macruairidh	2
37025	theirteadh	2
37026	chul-cinn	2
37027	troidhean	2
37028	pluic	2
37029	riasg	2
37030	stuaidh	2
37031	chuideigin	2
37032	phlanaichean	2
37033	nursaichean	2
37034	clionaigeach	2
37035	altraim	2
37036	altachadh-bidh	2
37037	hama	2
37038	gammon	2
37039	pineapple	2
37040	bàillidh	2
37041	àdhaimh	2
37042	iùdhachas	2
37043	scotus	2
37044	dearbhachd	2
37045	snìomhadh	2
37046	àraidhean	2
37047	ostraids	2
37048	buthaid	2
37049	feadagan	2
37050	sequoia	2
37051	shìor-uaine	2
37052	soithich	2
37053	snàithlichean	2
37054	cheallalos	2
37055	gual-stoithe	2
37056	làs	2
37057	goillearan	2
37058	còc	2
37059	fuasglaidh	2
37060	cumhachd-stoithe	2
37061	cho-aimsireil	2
37062	cheusadh	2
37063	chrann-cheusaidh	2
37064	mùslamaich	2
37065	klan	2
37066	caballus	2
37067	cho-cheangal	2
37068	aoraidh	2
37069	angkor	2
37070	teamplairean	2
37071	foithir	2
37072	crogain	2
37073	foidhle	2
37074	t-àite-adhraidh	2
37075	shionagog	2
37076	dheòraich	2
37077	minaret	2
37078	deit	2
37079	digamma	2
37080	faclan-iasaid	2
37081	phoenicians	2
37082	ogham-chraobh	2
37083	etruscanr	2
37084	amphibius	2
37085	bocca	2
37086	mouth	2
37087	leigiun	2
37088	pterocarpus	2
37089	santalinus	2
37090	medizinal-pflanzen	2
37091	ephemeris	2
37092	bun-roghainnean	2
37093	pògaidh	2
37094	ceann-aimsir	2
37095	mearcar	2
37096	horizons	2
37097	dà-shulfaid	2
37098	deathach	2
37099	aon-ogsaid	2
37100	sovietich	2
37101	proban	2
37102	venera	2
37103	mi-fhortanach	2
37104	seun	2
37105	buidh	2
37106	chriosach	2
37107	pliùto	2
37108	chrios-ghrèine	2
37109	kuiper	2
37110	aeneas	2
37111	pra	2
37112	praha	2
37113	prìomh-bhailean	2
37114	shoighnich	2
37115	eknih	2
37116	tisky	2
37117	poslaneck	2
37118	movna	2
37119	parlamentu	2
37120	siorraidh	2
37121	adventists	2
37122	di-màirt	2
37123	di-haoine	2
37124	shàbaid	2
37125	mheadhonach	2
37126	niùclais	2
37127	pig	2
37128	aon-adharcaich	2
37129	cincinnatizoo	2
37130	javan	2
37131	jpeg	2
37132	garten	2
37133	bestiary	2
37134	mitol	2
37135	jaguar	2
37136	bhòsfaras	2
37137	anzac	2
37138	bookstore	2
37139	otago	2
37140	victorianach	2
37141	balclutha	2
37142	mhèinean	2
37143	tsafendas	2
37144	hendrikverwoerd	2
37145	conspiracy	2
37146	isixhosa	2
37147	luna	2
37148	cileameatairean	2
37149	meadhan-aomachdail	2
37150	dh'astar	2
37151	socrach	2
37152	phlastaig	2
37153	cho-leaghadh	2
37154	stàin	2
37155	gannad	2
37156	stailinn	2
37157	cuideaman	2
37158	t-iarann	2
37159	dreagan	2
37160	chinchilla	2
37161	jinja	2
37162	yutateshinji	2
37163	baidhsagal	2
37164	oakland	2
37165	allentown	2
37166	sgeadachaidh	2
37167	diaphragm	2
37168	pàtrain	2
37169	ago	2
37170	banjo	2
37171	luchd-cluich	2
37172	bàirdse	2
37173	canàlan	2
37174	copan	2
37175	luachan-rèidh	2
37176	solair-airgid	2
37177	banntach	2
37178	bara	2
37179	filidh	2
37180	filed	2
37181	nruth	2
37182	macfuirmid	2
37183	fochloc	2
37184	filidhean	2
37185	ànradh	2
37186	fochlag	2
37187	pesca	2
37188	chacoensis	2
37189	calyptophractus	2
37190	retusus	2
37191	andean	2
37192	mulita	2
37193	tatu	2
37194	euphractus	2
37195	sexcinctus	2
37196	priodontes	2
37197	mammals	2
37198	orthodox	2
37199	miriam	2
37200	mandarin	2
37201	nji	2
37202	bavarianach	2
37203	broz	2
37204	blàthach	2
37205	feàrsaid	2
37206	tionndaidhear	2
37207	ghineadair	2
37208	latin-mass-society	2
37209	braise	2
37210	mheasgadh	2
37211	fhigheadh	2
37212	sima	2
37213	gabhas	2
37214	dàrnacha	2
37215	chrotaich	2
37216	coileach-coille	2
37217	bartz	2
37218	tras	2
37219	craidhneach	2
37220	eun-coille	2
37221	pairty	2
37222	mcintyre	2
37223	alyn	2
37224	buailear	2
37225	ballan	2
37226	beigneid	2
37227	ball-lìn	2
37228	dhealbhan-èibhinn	2
37229	fhèillmhor	2
37230	pàipear-gainmhich	2
37231	soitheamh	2
37232	caspianach	2
37233	chuisle-mhòr	2
37234	mhòr-chuisle	2
37235	sgamhanach	2
37236	minyak	2
37237	bumi	2
37238	maa	2
37239	picseal	2
37240	sgail	2
37241	ghalan	2
37242	ball-dòbhrain	2
37243	faolainn	2
37244	bròg-eich	2
37245	gille-cruidh	2
37246	cowboy	2
37247	siar-sgeul	2
37248	bhioran	2
37249	ideadh	2
37250	batan	2
37251	ràimh	2
37252	sean-lochlannaich	2
37253	h-iomain	2
37254	fagail	2
37255	magalhaens	2
37256	faslann	2
37257	bàtaichean-aigeil	2
37258	trident	2
37259	stadaidh	2
37260	modell	2
37261	clàr-aodainn	2
37262	maoil	2
37263	frèama	2
37264	h-ailpean	2
37265	conasg	2
37266	breagha	2
37267	dreasa	2
37268	guevara	2
37269	glasnost	2
37270	dì-cheannachadh	2
37271	operon	2
37272	abhainn-deigh	2
37273	beannachd	2
37274	bèile	2
37275	connlach	2
37276	betulacaeae	2
37277	chaola	2
37278	bèigneid	2
37279	càirean	2
37280	liomaidean	2
37281	h-abhaisteach	2
37282	brochan	2
37283	glebionis	2
37284	chrysanthemum	2
37285	bàrc	2
37286	koine	2
37287	biblia	2
37288	biona	2
37289	buill-aodaich	2
37290	bonaid-snàimh	2
37291	alcedo	2
37292	aztecs	2
37293	biorabhaig	2
37294	biotais	2
37295	blasan	2
37296	sòbhrach-albannach	2
37297	primula	2
37298	bleideag-sneachda	2
37299	feminism	2
37300	oleracea	2
37301	aillse-craicinn	2
37302	bodach-ròcais	2
37303	blonag	2
37304	curranan	2
37305	bodha	2
37306	bogach	2
37307	bog-fliuch	2
37308	luachrach	2
37309	caolan	2
37310	bogsa-fòn	2
37311	fònaichean-làimh	2
37312	aide	2
37313	sòlaimte	2
37314	banrìgh	2
37315	bogsa-litrichean	2
37316	bòla	2
37317	helianthus	2
37318	bolgan	2
37319	pàipear-balla	2
37320	erm	2
37321	bonn-airgid	2
37322	sloibhinia	2
37323	rosenberg	2
37324	currency	2
37325	hùisinis	2
37326	deisciobail	2
37327	easgann	2
37328	nathraichean-mara	2
37329	niseag	2
37330	bìdeadh	2
37331	luchd-iùil	2
37332	neactair	2
37333	drannd-eòin	2
37334	calliope-nest	2
37335	pollution	2
37336	lamp	2
37337	h-ainglean	2
37338	calg-dhìreach	2
37339	barail-fhuasgladh	2
37340	neasgaidean-fala	2
37341	politigeach	2
37342	brìbean	2
37343	saighdearan-mara	2
37344	gne	2
37345	ghàirdean	2
37346	uinnean	2
37347	allium	2
37348	uinnseann	2
37349	interim	2
37350	tbi	2
37351	bottle	2
37352	ath-aithne	2
37353	gormshuil	2
37354	ishi	2
37355	tripp	2
37356	phiocair	2
37357	alauda	2
37358	arvensis	2
37359	iadhadh	2
37360	bhreac-bhallach	2
37361	ciùrradh	2
37362	bròin	2
37363	truailleachd	2
37364	dhuslach	2
37365	reothadh	2
37366	ghoillidh	2
37367	eifigeachd	2
37368	meudachaidh	2
37369	ghasach	2
37370	unnlagh	2
37371	corporaid	2
37372	unnsa	2
37373	graman	2
37374	suimean	2
37375	pàidh	2
37376	bùdach	2
37377	pasgaidh	2
37378	lèana	2
37379	pannal	2
37380	evangelical	2
37381	pasgain	2
37382	co-là-breith	2
37383	spòg	2
37384	bogag	2
37385	fhlùr	2
37386	gheir	2
37387	pasta	2
37388	peabar	2
37389	bhlasachadh	2
37390	mexicanach	2
37391	expulsion	2
37392	miotas-eòlasach	2
37393	phocaena	2
37394	mhamal-mara	2
37395	caolabhain	2
37396	aobharan	2
37397	chleachas	2
37398	fachach	2
37399	puffins	2
37400	honest	2
37401	ryanair	2
37402	èorpa	2
37403	bucaid	2
37404	erminea	2
37405	weasel	2
37406	neòinean-grèine	2
37407	lukasz	2
37408	lukasik	2
37409	cearc-easag	2
37410	nòtaichean-airgid	2
37411	sleamhainn	2
37412	sarnath	2
37413	coalbrookdale	2
37414	peacaich	2
37415	nostrae	2
37416	fèill-theine	2
37417	sluyter	2
37418	smaoinichear	2
37419	chliathach	2
37420	uaireadair-làimh	2
37421	thide	2
37422	h-uachtar	2
37423	holiday	2
37424	panoramio	2
37425	huerta	2
37426	saoidhean	2
37427	uchd-mhacachd	2
37428	uchd-mhac	2
37429	ugan	2
37430	collar	2
37431	ghualann	2
37432	ùth	2
37433	moreau	2
37434	buird-geal	2
37435	trioplaideach	2
37436	bòrd-geal	2
37437	bòrd-iarnaigidh	2
37438	bòrd-sgeadachaidh	2
37439	oistrig	2
37440	camelus	2
37441	srutha	2
37442	ròsta	2
37443	annlan	2
37444	rionnaige	2
37445	borbair	2
37446	drannd-eun	2
37447	shining	2
37448	aglaeactis	2
37449	cupripennis	2
37450	aglaiocercus	2
37451	coelestis	2
37452	hummingbird	2
37453	archilochus	2
37454	colubris	2
37455	eupsittula	2
37456	astec	2
37457	painted	2
37458	pyrrhura	2
37459	budgerigar-male-strzelecki-qld	2
37460	budgerigar-strzelecki-qld	2
37461	dh'èisg	2
37462	kurladi	2
37463	pouch	2
37464	nakuru	2
37465	swimming	2
37466	spot-billed	2
37467	volando	2
37468	domestica	2
37469	stico	2
37470	spuirean	2
37471	spur	2
37472	ogv	2
37473	koala	2
37474	cromag	2
37475	sioraf	2
37476	mongùs	2
37477	bòrd-snàimh	2
37478	botal-teth	2
37479	crèadha	2
37480	bòtann	2
37481	brògar	2
37482	ghreasas	2
37483	bothag	2
37484	bith-chonnadh	2
37485	biofuel	2
37486	maceacharna	2
37487	aisde	2
37488	t-sùgh	2
37489	tuaineal	2
37490	breacan-beithe	2
37491	tiziano	2
37492	barenboim	2
37493	eolaigearraidh	2
37494	fàsistach	2
37495	titanic	2
37496	staidhir	2
37497	shnìomhach	2
37498	mùl	2
37499	chaerdydd	2
37500	cleasan-teine	2
37501	tokugawa	2
37502	ieyasu	2
37503	brooch	2
37504	buill-mhaise	2
37505	brandy	2
37506	sphinx	2
37507	papilio	2
37508	machaon	2
37509	breabadadair	2
37510	breaban	2
37511	bhreabadairean	2
37512	neach-fulaing	2
37513	dhonna	2
37514	phlaide	2
37515	criadh-loisgte	2
37516	bhaidhsagal	2
37517	innealachd	2
37518	brèigean	2
37519	lyman	2
37520	duff	2
37521	breitheamhan	2
37522	pinocchio	2
37523	briogais-shnàimh	2
37524	daibheadh	2
37525	taois	2
37526	bhrisg	2
37527	vulgata	2
37528	trivia	2
37529	edulis	2
37530	modiolus	2
37531	bainteag	2
37532	shlige	2
37533	chreachainn	2
37534	ithear	2
37535	donnag	2
37536	leumadair	2
37537	colann	2
37538	fhalt	2
37539	fuiltean	2
37540	ionad-tadhail	2
37541	leth-shlighe	2
37542	sgìthich	2
37543	leighiseadh	2
37544	session	2
37545	shiathamh	2
37546	chet	2
37547	taw	2
37548	patach	2
37549	schwa	2
37550	samhach	2
37551	illiqp't	2
37552	illbientological	2
37553	mheasg	2
37554	brisgean	2
37555	wonder	2
37556	glanaidh	2
37557	calumimaclean	2
37558	leth-ainm	2
37559	theanga	2
37560	luime	2
37561	turboprops	2
37562	atr	2
37563	news-releases	2
37564	steidhicheadh	2
37565	clint	2
37566	camhanach	2
37567	moch-thràth	2
37568	croileagan	2
37569	egg	2
37570	yolks	2
37571	pushed	2
37572	yukke	2
37573	bròg-cleasachd	2
37574	bròg-cuibhle	2
37575	ghaith-x	2
37576	cnamhan	2
37577	laigheas	2
37578	eadorra	2
37579	tìr-ghràdhach	2
37580	broth	2
37581	fuaimneach	2
37582	bruis-fhiaclan	2
37583	siobhag	2
37584	bhuaineas	2
37585	t-arbhar	2
37586	dhùineas	2
37587	feòladairean	2
37588	buileann	2
37589	builgean	2
37590	bhàlla	2
37591	buille-cinn	2
37592	buinneach	2
37593	bumpair	2
37594	t-eilbheis	2
37595	ùr-fhàs	2
37596	socket	2
37597	stik	2
37598	steckverbinder	2
37599	spina	2
37600	stopcontact	2
37601	gruaidh	2
37602	relict	2
37603	pleana	2
37604	carbad-adhair	2
37605	barnwell	2
37606	gemini	2
37607	leomhann	2
37608	pisces	2
37609	sgairp	2
37610	nathair-nimhe	2
37611	òigh	2
37612	crann-arain	2
37613	plancton	2
37614	iasgadh	2
37615	castletown	2
37616	keeil	2
37617	laa	2
37618	chiarn	2
37619	eileain	2
37620	bhas	2
37621	snaiuil	2
37622	hinshey	2
37623	comte	2
37624	mcdxcii	2
37625	taumatawhakatangihangakoauauotamateapokaiwhenuakitanatahu	2
37626	phasgan	2
37627	sanasan-reic	2
37628	bùirdeiseach	2
37629	alderman	2
37630	muir-thìreach	2
37631	platina	2
37632	taigh-foghlaim	2
37633	neo-làthaireach	2
37634	athens	2
37635	mhaileid	2
37636	riaghladaireachd	2
37637	rianachas	2
37638	cochrane	2
37639	dundonald	2
37640	t-slànaighear	2
37641	ròp	2
37642	bailiùn-adhair	2
37643	stoa	2
37644	bàisligean	2
37645	dìcheannachadh	2
37646	dhìcheannachadh	2
37647	mosel	2
37648	comaraich	2
37649	chomaraich	2
37650	coronair	2
37651	riaghaladair	2
37652	devolution	2
37653	bhidh	2
37654	taigh-ceàirde	2
37655	luchd-gnothaich	2
37656	arrows	2
37657	deism	2
37658	fhollaisiche	2
37659	spica	2
37660	spor	2
37661	castor	2
37662	sirius	2
37663	eoràisia	2
37664	portmanteau	2
37665	taobh-an-ear	2
37666	taobh-an-iar	2
37667	incach	2
37668	seòirsia-a-deas	2
37669	celebrates	2
37670	chorp-eòlaiche	2
37671	himnusz	2
37672	frìde	2
37673	gartan	2
37674	t-àl	2
37675	freumhaichean	2
37676	mcmxxviii	2
37677	mdcccxvi	2
37678	thoreau	2
37679	repin	2
37680	mdccxii	2
37681	mdcclxvii	2
37682	muileann-gaoithe	2
37683	mdcviii	2
37684	mdcxxii	2
37685	mdclxvi	2
37686	teanta	2
37687	bun-innil	2
37688	thomad	2
37689	fhorsa	2
37690	eigin	2
37691	ceumanach	2
37692	leanamaid	2
37693	foirbeis	2
37694	bearnaraigh	2
37695	eirisgeigh	2
37696	mxi	2
37697	mcxxviii	2
37698	hempisfield	2
37699	mcxcvi	2
37700	mccxlii	2
37701	mcclxxvi	2
37702	aeronautics	2
37703	tionnsgnaidhean	2
37704	soitheach-fànais	2
37705	prìomh-àros	2
37706	teacsan	2
37707	prìomh-chearcallan	2
37708	prìomh-chearcall	2
37709	phòlaichean	2
37710	imfhiosach	2
37711	ocsaideachadh	2
37712	mheasan	2
37713	luibheach	2
37714	spiligein	2
37715	peasrach	2
37716	deisear	2
37717	ròide	2
37718	shuidhichear	2
37719	throighean	2
37720	dhuilleach	2
37721	fheabhas	2
37722	buainear	2
37723	abaichead	2
37724	tomadaich	2
37725	caoineachaidh	2
37726	chosgais	2
37727	lìnigte	2
37728	thaghta	2
37729	puinnd	2
37730	sylvatica	2
37731	grib	2
37732	mamotaichean	2
37733	dàimhe	2
37734	h-àrd-sgoile	2
37735	grùpaichean	2
37736	slenzk	2
37737	marie-claude	2
37738	angot	2
37739	demain	2
37740	enseigner	2
37741	dalsuyntone	2
37742	neville's	2
37743	bacan	2
37744	mcdlxi	2
37745	mcdxcvii	2
37746	nàimhdeas	2
37747	mdxcix	2
37748	commodus	2
37749	fuss	2
37750	cìche-slugain	2
37751	connraige	2
37752	fhuaim-eòlach	2
37753	ayn	2
37754	ruisia	2
37755	romanov	2
37756	shabaidich	2
37757	eastònia	2
37758	ecsodus	2
37759	lebhiticus	2
37760	devarim	2
37761	labhairtean	2
37762	boas	2
37763	carolsfeld	2
37764	sh'muel	2
37765	divre	2
37766	hayyamim	2
37767	ierom	2
37768	leabharaichean	2
37769	gnàth-fhacail	2
37770	tissot	2
37771	habacuc	2
37772	asirianach	2
37773	gleachd	2
37774	beuma	2
37775	mhac-talla	2
37776	fàilt	2
37777	gnùis	2
37778	thraill	2
37779	teich	2
37780	thàirneas	2
37781	fuaight	2
37782	daors	2
37783	thruaillidh	2
37784	h-uaigh	2
37785	shail	2
37786	clis	2
37787	stàillinn	2
37788	òigeachd	2
37789	àc	2
37790	ghlasaich	2
37791	crombaigh	2
37792	finlaec	2
37793	èideird	2
37794	fèill-reic	2
37795	auction	2
37796	humberston	2
37797	dh'èist	2
37798	rootfield	2
37799	marsantach	2
37800	rifle	2
37801	naochadamh	2
37802	h-èiphite	2
37803	mhàidsear	2
37804	mhàidsear-seanalair	2
37805	dearest	2
37806	your-self	2
37807	dear	2
37808	whispered	2
37809	rumour	2
37810	pleasently	2
37811	dropped	2
37812	spicy	2
37813	coisiche	2
37814	boot	2
37815	ealainean	2
37816	badmantan	2
37817	jagie	2
37818	gorodok	2
37819	loidhne-tìm	2
37820	ghasaet	2
37821	dhiluain	2
37822	badeigin	2
37823	forman	2
37824	dhùthcha	2
37825	cuaigear	2
37826	quakers	2
37827	quakerweb	2
37828	bhreugan	2
37829	coimhearsneachdan	2
37830	quaker	2
37831	ravenhill	2
37832	tabular	2
37833	siatail	2
37834	cairte-dhealbh	2
37835	sadail	2
37836	teodail	2
37837	uillnean	2
37838	claonta	2
37839	tomhaiseadh	2
37840	uilne	2
37841	puyallup	2
37842	councilarea	2
37843	sgoilean	2
37844	stèidheichte	2
37845	fòghlam	2
37846	northsound	2
37847	lèiruig	2
37848	stagecoach	2
37849	nodha	2
37850	evanton	2
37851	graad	2
37852	hansee	2
37853	leary	2
37854	candida	2
37855	bretnach	2
37856	martain	2
37857	chreathal	2
37858	hvit	2
37859	fharsainneachd	2
37860	deudair	2
37861	reul-eòlasach	2
37862	rian-grèine	2
37863	geospatial-intelligence	2
37864	fheoir	2
37865	arainneachd	2
37866	cluaise	2
37867	t-òrd	2
37868	reitine	2
37869	protractair	2
37870	sgrìobta	2
37871	òrdag-làimhe	2
37872	shàil	2
37873	ruka	2
37874	poetryfoundation	2
37875	rainer-maria-rilke	2
37876	poemhunter	2
37877	crannadh	2
37878	glasraichear	2
37879	corvidae	2
37880	prim	2
37881	zebrafink	2
37882	pavo	2
37883	peafowl	2
37884	ceann-a-tuath	2
37885	phùdar	2
37886	thuinn	2
37887	teacsadh	2
37888	swahili	2
37889	cervin	2
37890	baikal	2
37891	h-antartaig	2
37892	iho	2
37893	fàrothaich	2
37894	nirribhidhich	2
37895	pongas	2
37896	diack	2
37897	bhreatanach	2
37898	labhdaidh	2
37899	àrsair	2
37900	ports-guides	2
37901	roman-britain	2
37902	fishings	2
37903	dronn	2
37904	tagus	2
37905	choimbra	2
37906	chàraidich	2
37907	luchd-dìona	2
37908	àiteachan-còmhnaidh	2
37909	shìdh	2
37910	brìghe	2
37911	megas	2
37912	fhadalach	2
37913	solidus	2
37914	pars	2
37915	theodosius	2
37916	heraclius	2
37917	constituent	2
37918	mointich	2
37919	taigh-stail	2
37920	calaidh	2
37921	ghobhal	2
37922	capita	2
37923	comaid	2
37924	winchburgh	2
37925	strang	2
37926	clackmannanshire	2
37927	southlanarkshire	2
37928	calderglen	2
37929	berna	2
37930	jayawardenapura-kotte	2
37931	clasaigeachd	2
37932	novae	2
37933	phoilinèis	2
37934	iles	2
37935	polynesia	2
37936	malvinas	2
37937	erne	2
37938	krone	2
37939	afraga-eoràisia	2
37940	seann-mòr-roinn	2
37941	pangaea	2
37942	fhaoidte	2
37943	eponymous	2
37944	sinai	2
37945	southwest	2
37946	australasia	2
37947	greenfield	2
37948	pyinmana	2
37949	sociopolitical	2
37950	distinct	2
37951	partially	2
37952	nant	2
37953	hydref	2
37954	rawson	2
37955	gaiman	2
37956	iaith	2
37957	albaneg	2
37958	wicipedia	2
37959	eraill	2
37960	aquest	2
37961	escocia	2
37962	varis	2
37963	altres	2
37964	sos	2
37965	vols	2
37966	vous	2
37967	voir	2
37968	esta	2
37969	dit	2
37970	golfers	2
37971	fèill-chluich	2
37972	rattray	2
37973	tùrnamant	2
37974	isleofbarra	2
37975	aisgernis	2
37976	benbecula	2
37977	virginie	2
37978	càraidh	2
37979	gasaet	2
37980	aithriseachd	2
37981	phrosbaig	2
37982	baralach	2
37983	geoimeatrais	2
37984	armando	2
37985	deportes	2
37986	futbol	2
37987	asciano	2
37988	ceilearadh	2
37989	uk-scotland-highlands-islands	2
37990	lìomhainn	2
37991	às-rianais	2
37992	fhoirmlean	2
37993	ghràmair	2
37994	pharamadair	2
37995	factar	2
37996	tomhasach	2
37997	ghriomasaigh	2
37998	ionad-ealain	2
37999	loup	2
38000	renard	2
38001	pongaile	2
38002	bachlach	2
38003	fo-sheata	2
38004	for-sheata	2
38005	co-phàirteach	2
38006	h-uileachd	2
38007	feumaile	2
38008	mccoist	2
38009	hexapoda	2
38010	insecta	2
38011	lepidoptera	2
38012	sàr-teaghlach	2
38013	tergat	2
38014	luth-chleasaichean	2
38015	easbuigeachd	2
38016	wear	2
38017	viaduct	2
38018	gharthain	2
38019	niccailein	2
38020	mheic	2
38021	fleasgach	2
38022	tighe	2
38023	coirceadail	2
38024	deadhan	2
38025	ghiogha	2
38026	chonstabal	2
38027	macmuireadhaigh	2
38028	fhilidh	2
38029	gràidh	2
38030	ceasnachadh	2
38031	aonadan-thomhais	2
38032	caighdeanachd	2
38033	h-aonad	2
38034	optaig	2
38035	meanbh-chnapan	2
38036	co-ghluasad	2
38037	cnapan	2
38038	beòshlaint	2
38039	bataichean-aiseig	2
38040	haoidhnis	2
38041	sanndaig	2
38042	bhara	2
38043	stèisean-rèadair	2
38044	goirtean	2
38045	breaca	2
38046	thirisdeach	2
38047	b'ann	2
38048	shasannaich	2
38049	pope	2
38050	dzyrzec	2
38051	podlaski	2
38052	mendzi	2
38053	ùcrainis	2
38054	togarrach	2
38055	scot-free	2
38056	ghoireasan-teagaisg	2
38057	h-ighne	2
38058	einnsean	2
38059	luchd-taice	2
38060	dh'oighreachd	2
38061	òrain-ghaoil	2
38062	ghaisgeil	2
38063	thìodhlaigeadh	2
38064	t-uamhas	2
38065	òran-brosnachaidh	2
38066	cuairtlitir	2
38067	spàgan	2
38068	sgeama-leughaidh	2
38069	dh'ionadaich	2
38070	stèichichte	2
38071	bilingual	2
38072	douard	2
38073	sudetenland	2
38074	czechoslovakia	2
38075	hasho'ah	2
38076	bheachd-smaoinealas	2
38077	prìosanaich-cogaidh	2
38078	pàpanaich	2
38079	treblinka	2
38080	buchenwald	2
38081	carghas	2
38082	dà-fhichead	2
38083	làin	2
38084	càisg	2
38085	pask	2
38086	phaganach	2
38087	ostra	2
38088	venerabilis	2
38089	tràdaiseanan	2
38090	mythologie	2
38091	eostur-monath	2
38092	quae	2
38093	tempus	2
38094	cursus	2
38095	goddess	2
38096	honour	2
38097	h-uaighe	2
38098	caib	2
38099	coinneal	2
38100	iùdaich	2
38101	cladhaichean	2
38102	damhairg	2
38103	fiur	2
38104	nàbhaidhean	2
38105	bruichte	2
38106	dhathadh	2
38107	ìomhaigh-bheatha	2
38108	chearc	2
38109	nicleoid	2
38110	bhuidsichean	2
38111	bachelor	2
38112	notion	2
38113	tro'n	2
38114	asch	2
38115	obraichean-culaidhe	2
38116	reachdaireachd	2
38117	garment	2
38118	sealbhaichte	2
38119	blanck	2
38120	fuaigheal	2
38121	obadh-obrach	2
38122	obair-aodaich	2
38123	gracemount	2
38124	aitkin	2
38125	chur-seachadan	2
38126	fhigearan	2
38127	dheicheach	2
38128	zahlen	2
38129	cho-mheas	2
38130	shlàn-àireamhan	2
38131	argand-diagram	2
38132	cho-fhillte	2
38133	sgoradh	2
38134	àireamhaiche	2
38135	bloigheach	2
38136	bheò-shlàinte	2
38137	liaghairt	2
38138	gheamair	2
38139	geàrd	2
38140	cuimhneachain	2
38141	mion-eòlach	2
38142	òrain-gaoil	2
38143	arras	2
38144	opposed	2
38145	coirichean	2
38146	tùs-àite	2
38147	còir-sheilbh	2
38148	chus	2
38149	lectura	2
38150	brecht	2
38151	hab	2
38152	aithreachais	2
38153	cùisean-lagha	2
38154	t-aifreann	2
38155	t-seasganachd	2
38156	chamshronaich	2
38157	bracadal	2
38158	fleadh	2
38159	phìobaireachd	2
38160	resundsbron	2
38161	roach	2
38162	toomas	2
38163	torgny	2
38164	soidium	2
38165	asaid	2
38166	polmont	2
38167	ionad-spòrs	2
38168	lusaiche	2
38169	ravelston	2
38170	tòmaidh	2
38171	sùileachadh	2
38172	teòirimean	2
38173	fhearta	2
38174	mhodailean	2
38175	chot	2
38176	frith-bharail	2
38177	mhumha	2
38178	fèin-aithneachadh	2
38179	ultaich	2
38180	calg-dìreach	2
38181	conntaidh	2
38182	h-albais	2
38183	orderdetails	2
38184	uin	2
38185	baile-lùtair	2
38186	togalachan	2
38187	nuadhachadh	2
38188	luchd-ealainn	2
38189	fuidheall	2
38190	wise	2
38191	melanchthonhaus	2
38192	luthers	2
38193	calum-maclean-project	2
38194	mu-chalum-macgilleathain	2
38195	eachdraidh-beatha-chaluim-mhicgilleathain	2
38196	catalogan	2
38197	mhicgill	2
38198	eain	2
38199	lanes	2
38200	affleck	2
38201	michell	2
38202	pulp	2
38203	gainneamhach	2
38204	opc	2
38205	stuth-togail	2
38206	panailean	2
38207	sruthain	2
38208	stèidheachan	2
38209	snàithlich	2
38210	transocean	2
38211	miko	2
38212	kopernik	2
38213	ermland	2
38214	grian-mheadhanach	2
38215	bononia	2
38216	rimini	2
38217	àrd-ollaimh	2
38218	mharischal	2
38219	ath-aontachadh	2
38220	martin-luther-universit	2
38221	jagiellon	2
38222	aintìoga	2
38223	airmenianais	2
38224	bruthachd-dhealain	2
38225	sruth-dhealain	2
38226	massr	2
38227	besserabia	2
38228	dhèireadh	2
38229	maia	2
38230	ukraina	2
38231	slòbhaic	2
38232	fasta	2
38233	mariehamn	2
38234	yugoslavia	2
38235	portuguesa	2
38236	ciùradh	2
38237	slobhinia	2
38238	cròthaisich	2
38239	h-àireimh	2
38240	orainsear	2
38241	mar-aon	2
38242	t-suimidh	2
38243	ro-innleachdan	2
38244	fta	2
38245	masadonia	2
38246	iùgoslabhach	2
38247	casinothan	2
38248	clupea	2
38249	harengus	2
38250	insula	2
38251	caesarea	2
38252	arba	2
38253	dogana	2
38254	cuiteag	2
38255	fheadainn	2
38256	riq	2
38257	gora	2
38258	podgorica	2
38259	rbaycan	2
38260	nagorno-karabakh	2
38261	nakhchivantoday	2
38262	bloodmemory	2
38263	years-pass-since-armenian-occupation-of-azerbaijans-lachin	2
38264	nakhivan	2
38265	bahàmas	2
38266	shatili	2
38267	suatisi	2
38268	neo-dhruim-altachain	2
38269	ghnèithean	2
38270	babsk	2
38271	morsgail	2
38272	chernyakhovskyi	2
38273	prìomh-athair	2
38274	cornet	2
38275	terrors	2
38276	tangerines	2
38277	arabs	2
38278	bàirean	2
38279	fharpaisean	2
38280	àrd-sgioba	2
38281	lannan-cluiche	2
38282	lìogan	2
38283	promotion	2
38284	relegation	2
38285	fir-ghnothaich	2
38286	brownlie	2
38287	gaisgeachd	2
38288	dafc	2
38289	seemann	2
38290	co-eagraichte	2
38291	cruaidh-chàs	2
38292	deann	2
38293	sturrock	2
38294	truimead	2
38295	peanais	2
38296	sguad	2
38297	mcgovern	2
38298	kova	2
38299	feeney	2
38300	daly	2
38301	o'donovan	2
38302	aimn	2
38303	mclean	2
38304	ath-chluiche	2
38305	piaf	2
38306	bhrònach	2
38307	livorno	2
38308	marcelle	2
38309	chamagan	2
38310	ceàrnagaich	2
38311	t-soidhne	2
38312	signum	2
38313	deirbhe	2
38314	deirbh	2
38315	foirmeile	2
38316	toirt-air-falbh	2
38317	iomlaideadh	2
38318	phalermo	2
38319	ogmhìos	2
38320	tràth-bìdh	2
38321	loindse	2
38322	cheàrnaidhean	2
38323	kishinev	2
38324	fhairtlich	2
38325	ròghnachadh	2
38326	quasi-ghrùpa	2
38327	mònad	2
38328	crìochach	2
38329	chuidh	2
38330	barraid	2
38331	sreathach	2
38332	riatanas	2
38333	shuidheachain	2
38334	tribhia	2
38335	àireamh-frithealaidh	2
38336	lochore	2
38337	chòids	2
38338	co-strìtheach	2
38339	meadhanach-math	2
38340	borussia	2
38341	theachd	2
38342	fiachaibh	2
38343	co-bhuill	2
38344	ìmpis	2
38345	shealbhadair	2
38346	bismarck-sch	2
38347	co-chaidreamh	2
38348	cathair-eitean	2
38349	cho-aonachadh	2
38350	cudthromaich	2
38351	annasan	2
38352	h-èiphit	2
38353	shelomo	2
38354	goitein	2
38355	master's	2
38356	genizah	2
38357	nahon	2
38358	touhati	2
38359	hommage	2
38360	vajda	2
38361	juives	2
38362	louvain	2
38363	peeters	2
38364	al-azhar	2
38365	islahi	2
38366	azim	2
38367	tibeat	2
38368	co-mheasgachadh	2
38369	chreimeadh	2
38370	t-àrd-thìr	2
38371	titicaca	2
38372	mhòr-thìreach	2
38373	prìomh-mhàthaireil	2
38374	prìomh-athaireil	2
38375	gairme	2
38376	neo-chomasach	2
38377	cleese	2
38378	milkshake	2
38379	fhuachd	2
38380	bak	2
38381	fhactar	2
38382	iomarann	2
38383	iomadair	2
38384	rightarrow	2
38385	monastery	2
38386	mias	2
38387	ancyra	2
38388	theicnigeach	2
38389	chairte	2
38390	ny-aalesund	2
38391	adventtoppen	2
38392	hiorthfjellet	2
38393	adventfjorden	2
38394	fjord	2
38395	troms	2
38396	do-shònrachaidh	2
38397	neo-shònraichte	2
38398	chuibheas	2
38399	mathbb	2
38400	t-structair	2
38401	fuincseanan	2
38402	thilleas	2
38403	fhòrsa	2
38404	potomac	2
38405	maha	2
38406	nak	2
38407	chao	2
38408	mhalaidhsia	2
38409	phetronas	2
38410	caileig	2
38411	tràth-eachdraidh	2
38412	fhear-thomhais	2
38413	còmhraig	2
38414	necessity	2
38415	braddock	2
38416	custis	2
38417	sheirbhis	2
38418	cruinn-còmhla	2
38419	laigseachan	2
38420	cho-rèitich	2
38421	clausthal	2
38422	dhathaich	2
38423	bitheag	2
38424	fever	2
38425	agar	2
38426	vibrio	2
38427	t-àrd-ollamh	2
38428	hutchison	2
38429	brothaig	2
38430	dh'èigheadh	2
38431	taighean-òil	2
38432	thaighean-seinnse	2
38433	beòir	2
38434	barometer	2
38435	swans	2
38436	taigh-geal	2
38437	coireanais	2
38438	airmìnia	2
38439	cèis-litreach	2
38440	fo-sgrìobhadh	2
38441	zurigo	2
38442	zurich	2
38443	mercerhr	2
38444	huldrych	2
38445	kelten	2
38446	mythos	2
38447	wirklichkeit	2
38448	cliabhan	2
38449	ghiulain	2
38450	eallachan	2
38451	figheadh	2
38452	grodadh	2
38453	meridian	2
38454	chrios-mheadhain	2
38455	shiùil-thomhais	2
38456	phòlarach	2
38457	chartesach	2
38458	asamatach	2
38459	chearclach	2
38460	graphique	2
38461	gouvernement	2
38462	lonelyplanet	2
38463	tilg	2
38464	kokugikan	2
38465	yokozuna	2
38466	sìon	2
38467	ghleacadairean	2
38468	tsuki	2
38469	iucn	2
38470	germania	2
38471	tribus	2
38472	sach	2
38473	deutche	2
38474	larocheusa	2
38475	northrhinewestphalia	2
38476	organaiche	2
38477	mì-bhuaidh	2
38478	campaichean-bàis	2
38479	buzer	2
38480	phoileataigich	2
38481	fàilligidh	2
38482	buannaichean-cupa	2
38483	dons	2
38484	mcghee	2
38485	paddy	2
38486	porterfield	2
38487	calderwood	2
38488	babelsberg	2
38489	jefferies	2
38490	macgillemhoire	2
38491	caley	2
38492	irons	2
38493	bhuill-choise	2
38494	ladoga	2
38495	cristo	2
38496	àrd-fhèill	2
38497	recreation	2
38498	keigo	2
38499	slaven	2
38500	schwedt	2
38501	aino	2
38502	mòrthìr	2
38503	iw	2
38504	tongyong	2
38505	wade-giles	2
38506	pescadores	2
38507	kinmen	2
38508	matsu	2
38509	mhacau	2
38510	freguesia	2
38511	tima	2
38512	guangdong	2
38513	mandairinis	2
38514	corea	2
38515	hinduachd	2
38516	changu	2
38517	patan	2
38518	dzongla	2
38519	lobuche	2
38520	ebene	2
38521	mustang	2
38522	eisimplirean	2
38523	criochnachadh	2
38524	cursa	2
38525	ard-sgoil	2
38526	oscr	2
38527	charities	2
38528	neuruppin	2
38529	dhanmhairg	2
38530	jenseit	2
38531	wanderungen	2
38532	schottland	2
38533	syria	2
38534	shirianach	2
38535	khrushchev	2
38536	doireadh	2
38537	uss	2
38538	teannta	2
38539	ruby	2
38540	iarbhail	2
38541	dhòchasan	2
38542	magazines	2
38543	ctitle	2
38544	cho-fhaitheas	2
38545	mirador	2
38546	lituania	2
38547	tajik	2
38548	turkmen	2
38549	table-layout	2
38550	billian	2
38551	tareas	2
38552	piton	2
38553	trace	2
38554	coconut	2
38555	pirates	2
38556	àrd-sheirbheiseach	2
38557	cheart-cheàrnachail	2
38558	spàis	2
38559	dol-sìos	2
38560	deirge	2
38561	marc-shluagh	2
38562	dragoons	2
38563	b'fhada	2
38564	cuideachdadh	2
38565	aramachan	2
38566	sheumasaich	2
38567	mhùideart	2
38568	seann-ghaisgeach	2
38569	ready	2
38570	mì-chòrdail	2
38571	maola	2
38572	pdba	2
38573	iomalach	2
38574	h-oighre	2
38575	cayman	2
38576	overview	2
38577	cruises	2
38578	noaa	2
38579	northeast	2
38580	dashi	2
38581	hikawa	2
38582	fhreagras	2
38583	rèiticheas	2
38584	poileagain	2
38585	thriantan	2
38586	ath-eagrachadh	2
38587	pharailealograim	2
38588	ciadameatair	2
38589	milemeatair	2
38590	breatail	2
38591	cuillins	2
38592	chuiltheinn	2
38593	pinnacle	2
38594	ainm-eòlas	2
38595	icdhuinshleibhe	2
38596	t-uachdar	2
38597	masks	2
38598	glenfinnan	2
38599	dreachmhor	2
38600	ùruisg	2
38601	goblin	2
38602	co-dhùin	2
38603	calbhaigh	2
38604	carago	2
38605	customs	2
38606	excise	2
38607	uaim	2
38608	siolandairean	2
38609	calystegia	2
38610	solandella	2
38611	respects	2
38612	gained	2
38613	undo	2
38614	intervention	2
38615	employees	2
38616	involvement	2
38617	availability	2
38618	acting	2
38619	neutral	2
38620	contributed	2
38621	objections	2
38622	exercise	2
38623	damage	2
38624	producing	2
38625	controversial	2
38626	mhòr-uaislean	2
38627	pòsd	2
38628	h-oifigich	2
38629	mhisneachd	2
38630	co-mhonarc	2
38631	chàs	2
38632	tok	2
38633	pisin	2
38634	africa-ata	2
38635	ata	2
38636	mac-an-aba	2
38637	quartus	2
38638	th'oirre	2
38639	dyfnwal	2
38640	athelstan	2
38641	fhoincsein	2
38642	chunbhalan	2
38643	vacuum	2
38644	distrito	2
38645	fides	2
38646	gonzalez	2
38647	suarez	2
38648	telef	2
38649	germanic	2
38650	eabhrach	2
38651	palikir	2
38652	federated	2
38653	micronesia	2
38654	newcomen	2
38655	saile	2
38656	fòs	2
38657	steallaire	2
38658	dòirteil	2
38659	stealladh	2
38660	fuaradh	2
38661	fosgaileadh	2
38662	strac	2
38663	seul	2
38664	dluthadair	2
38665	cheudan	2
38666	àiteach	2
38667	chruithneachd	2
38668	fionnar	2
38669	ruadhach	2
38670	chòireachan	2
38671	mailisidhean	2
38672	caoch	2
38673	dh'fhalbhadh	2
38674	fiathaich	2
38675	larna-mhàireach	2
38676	tirmorach	2
38677	cheann-a-tuath	2
38678	cinn-tìre	2
38679	breeds	2
38680	luing-chogaidh	2
38681	putadh	2
38682	ginn	2
38683	t-slighe-mara	2
38684	ghearain	2
38685	reòthte	2
38686	dol-fodha	2
38687	daibhsan	2
38688	cathara	2
38689	reiseamaidean	2
38690	ath-latha	2
38691	mar-tha	2
38692	guerilla	2
38693	capitol	2
38694	deireach	2
38695	richelieu	2
38696	borgoyne	2
38697	gheill	2
38698	burgoyne	2
38699	bhuanachd	2
38700	siont	2
38701	neithercut	2
38702	landgraf	2
38703	measurement	2
38704	timor-leste	2
38705	depts	2
38706	gloomy	2
38707	campachaidh	2
38708	killiecrankie	2
38709	claverhouse	2
38710	rèiseamaidean	2
38711	chnagaidh	2
38712	chamshroin	2
38713	guineach	2
38714	clelland	2
38715	ghearraig	2
38716	hanobharianaich	2
38717	mòr-fheachd	2
38718	bhrathadh	2
38719	aost	2
38720	eileanaich	2
38721	holman	2
38722	fionnsgeulach	2
38723	boillsgidhean	2
38724	underneath	2
38725	knights	2
38726	chnuasaich	2
38727	lend	2
38728	whanga-nui-a-tara	2
38729	suva	2
38730	fhìdi	2
38731	thulaich-bhàrdain	2
38732	alberoni	2
38733	mhicrath	2
38734	duich	2
38735	ghriogair	2
38736	catha	2
38737	tàileach	2
38738	n-ais	2
38739	làmhach	2
38740	dronnachd	2
38741	fairfax	2
38742	h-gini	2
38743	gambier	2
38744	motu	2
38745	lagoon	2
38746	oa	2
38747	mangareva	2
38748	fiadhain	2
38749	mhadadh-ruaidh	2
38750	ghràinneachan	2
38751	feur-coirce	2
38752	independentista	2
38753	puertorrique	2
38754	tarawa	2
38755	gilbertese	2
38756	atol	2
38757	jakartaku	2
38758	mhelekeok	2
38759	tutuila	2
38760	abe	2
38761	acd	2
38762	loidhne-muigh	2
38763	ciùb	2
38764	pioramaid	2
38765	factar-sgèile	2
38766	upolu	2
38767	vaea	2
38768	nuku	2
38769	alofa	2
38770	kongo	2
38771	seaweed	2
38772	fongafale	2
38773	lagonn	2
38774	vaiaku	2
38775	usatoday	2
38776	sascha	2
38777	grabow	2
38778	caime	2
38779	togar	2
38780	chuingealachadh	2
38781	h-axis	2
38782	lochan-mara	2
38783	tadjoura	2
38784	pino	2
38785	crafts	2
38786	thansainìa	2
38787	cinnidheach	2
38788	ubangi	2
38789	chari	2
38790	loanda	2
38791	nuadh-aimsireil	2
38792	bhangui	2
38793	rosgrannan	2
38794	mariapfarr	2
38795	h-eadar-theangachadh	2
38796	teasca	2
38797	schlaf	2
38798	himmlischer	2
38799	ruh	2
38800	freasdal	2
38801	bheannaichte	2
38802	suaint	2
38803	foist	2
38804	nah	2
38805	retter	2
38806	t-sèisd	2
38807	soills	2
38808	sohn	2
38809	mund	2
38810	uns	2
38811	deiner	2
38812	slanaighear	2
38813	kapelle	2
38814	shàmhaich	2
38815	salzach	2
38816	kouss	2
38817	chaves	2
38818	guadalupe	2
38819	suidhich	2
38820	raidian	2
38821	arc-mhionaid	2
38822	co-nasgaidh	2
38823	opoldville	2
38824	suidichte	2
38825	opold	2
38826	oideachail	2
38827	cart	2
38828	chellah	2
38829	t-sultan	2
38830	al-gharb	2
38831	carthage	2
38832	fèin-thrasnaidh	2
38833	dronnach	2
38834	cuasach	2
38835	dhronnach	2
38836	adc	2
38837	trastain	2
38838	ionnan-thaobhach	2
38839	ionnan-cheàrnach	2
38840	bheantainneach	2
38841	beantainneach	2
38842	shnaighte	2
38843	thuto	2
38844	dh'aobhrachas	2
38845	kilonewton	2
38846	anairt	2
38847	soirbhicheas	2
38848	dòmhnullach	2
38849	riochdail	2
38850	warden	2
38851	ghaborone	2
38852	pretorius	2
38853	kop	2
38854	cheàrnaig	2
38855	cidsin	2
38856	màidsear	2
38857	alte	2
38858	insd	2
38859	otal	2
38860	bhissau	2
38861	bathurst	2
38862	pàirce-nàiseanta	2
38863	o'toole	2
38864	fastest	2
38865	sahàra	2
38866	heinzendorf	2
38867	mhendel	2
38868	tong	2
38869	iompair	2
38870	meighan	2
38871	mhonrovia	2
38872	dango	2
38873	shasuinn	2
38874	tomhais-lìonaidh	2
38875	falamhachd	2
38876	cunbhalas	2
38877	urrainear	2
38878	thermische	2
38879	zustandsgleichung	2
38880	idealer	2
38881	gase	2
38882	tunnaichean	2
38883	lionaidh	2
38884	measaichear	2
38885	basilique	2
38886	paix	2
38887	togal	2
38888	homilies	2
38889	hom	2
38890	hardin	2
38891	irn-bru	2
38892	chungaidh	2
38893	cheatsheet	2
38894	ath-stiùiridh	2
38895	greenville	2
38896	kingship	2
38897	dhuilgheadasan	2
38898	ghlamais	2
38899	blackbird	2
38900	uam	2
38901	doorley	2
38902	muireann	2
38903	selway	2
38904	juliefowlis	2
38905	macamhlaidh	2
38906	ghrèidheadh	2
38907	driod-fhortan	2
38908	tàire	2
38909	aibhiseach	2
38910	pinkie	2
38911	francois	2
38912	creud	2
38913	builich	2
38914	phersianach	2
38915	troon	2
38916	ailsa	2
38917	fhinnean	2
38918	nicolaisen	2
38919	iomraidean	2
38920	comhradh	2
38921	stèiseanan-rèidio	2
38922	àrd-bhailtean	2
38923	dlùth-chruinneas	2
38924	globalisation	2
38925	stiùideothan	2
38926	dziecin	2
38927	fèisteas	2
38928	foyle	2
38929	altai	2
38930	heidi	2
38931	siobh	2
38932	ulaanbaatar	2
38933	mongòilianach	2
38934	sgoil-aimsir	2
38935	eòlais-shìde	2
38936	myanmartimes	2
38937	quezon	2
38938	demographia	2
38939	iolair-bhuidhe	2
38940	pfyn-finges	2
38941	olsen	2
38942	mongolian	2
38943	ghobhlan-ghaoithe	2
38944	hirundo	2
38945	rustica	2
38946	làthaich	2
38947	thrioblaidean	2
38948	crè	2
38949	gòbhlan-monaidh	2
38950	avo	2
38951	apumel	2
38952	dreathan-donn	2
38953	wren	2
38954	zaunkoenig	2
38955	bessa	2
38956	bhangladais	2
38957	shahid	2
38958	sriti	2
38959	stombho	2
38960	long-chuain	2
38961	bidhis	2
38962	seòil	2
38963	fhàd	2
38964	bidhis-uisge	2
38965	fearsaid	2
38966	aros	2
38967	luchd-stiùiridh	2
38968	pioghaid	2
38969	breth	2
38970	bron	2
38971	geranium	2
38972	righeal	2
38973	bhuadhan	2
38974	mhion-sgrùdadh	2
38975	long-smuid	2
38976	bhruneil	2
38977	pèin	2
38978	riaghal	2
38979	doimhnead	2
38980	inneal-cladhaidh	2
38981	sheasas	2
38982	bul	2
38983	kush	2
38984	sasunn	2
38985	deicheamhachd	2
38986	dhelhi	2
38987	gpro	2
38988	tashichoedzong	2
38989	dechenchoeling	2
38990	manachain	2
38991	kaafu	2
38992	deamocrach	2
38993	sìobhaltachdan	2
38994	tàilleabhachd	2
38995	dlùthadh	2
38996	erebuni	2
38997	borge	2
38998	fhàillig	2
38999	sgalaig	2
39000	mharaiche	2
39001	leifteanant	2
39002	bhòidse	2
39003	antartica	2
39004	cohesion	2
39005	gop	2
39006	t-seirbhis	2
39007	chosnaich	2
39008	cham	2
39009	sheirbhisean	2
39010	mhagellan	2
39011	induction	2
39012	libhrigeas	2
39013	bhaghdad	2
39014	alia	2
39015	rannsaichearan	2
39016	bhasco	2
39017	thrup	2
39018	chomain	2
39019	diaz	2
39020	manoel	2
39021	melinda	2
39022	calg	2
39023	sheòladair	2
39024	bhallaichean	2
39025	cmlxviii	2
39026	libertas	2
39027	unipd	2
39028	bakr	2
39029	al-razi	2
39030	unum	2
39031	belgrave	2
39032	boronia	2
39033	camberwell	2
39034	carlton	2
39035	craigieburn	2
39036	dandenong	2
39037	essendon	2
39038	ferntree	2
39039	footscray	2
39040	frankston	2
39041	heathmont	2
39042	lilydale	2
39043	moonee	2
39044	ponds	2
39045	northcote	2
39046	pakenham	2
39047	ringwood	2
39048	rowville	2
39049	scoresby	2
39050	sunbury	2
39051	thornbury	2
39052	upwey	2
39053	wantirna	2
39054	werribee	2
39055	wheelers	2
39056	yarraville	2
39057	ausstats	2
39058	lodan	2
39059	gèile	2
39060	mèinnearach	2
39061	columbidae	2
39062	teileagraf	2
39063	bhàta-aiseig	2
39064	beathach-mara	2
39065	cam-ghob	2
39066	lekking	2
39067	males	2
39068	corra-bhàn	2
39069	naturae	2
39070	miannachadh	2
39071	fork	2
39072	smeòrach	2
39073	mavis	2
39074	tairbirt	2
39075	rathad-uisge	2
39076	h-eala	2
39077	mèirneal	2
39078	fencepost	2
39079	hunting	2
39080	ath-fhosgailte	2
39081	baso	2
39082	breatanneach	2
39083	fhèilidh	2
39084	aol-chlach	2
39085	landforms	2
39086	kerevan	2
39087	ceathramhan	2
39088	forsdal	2
39089	ioma-ceallach	2
39090	stoirmean	2
39091	ràithe	2
39092	chlèibh	2
39093	ghobhar-adhair	2
39094	meann	2
39095	aucklandica	2
39096	hullmandel	2
39097	pusilla	2
39098	wilson's	2
39099	megala	2
39100	nemoricola	2
39101	paraguaiae	2
39102	solitaria	2
39103	stenura	2
39104	stricklandii	2
39105	undulata	2
39106	lymnocryptes	2
39107	hurricane	2
39108	spanishabroad	2
39109	erbyn	2
39110	gemau	2
39111	h-all	2
39112	mate	2
39113	haka	2
39114	vieja	2
39115	lynden	2
39116	mheadanach	2
39117	ionaidean	2
39118	carpospiza	2
39119	brachydactyla	2
39120	luteus	2
39121	melanurus	2
39122	simplex	2
39123	tibetan	2
39124	snowfinch	2
39125	tso	2
39126	tàrmachadh	2
39127	fucoidan	2
39128	puirt-mara	2
39129	ceann-oifis	2
39130	jamaica	2
39131	bridgetown	2
39132	turasach	2
39133	gorid	2
39134	pumas	2
39135	neo-rèidh	2
39136	pùma	2
39137	mmix	2
39138	scarborough	2
39139	crochaidh	2
39140	coconuts	2
39141	floors	2
39142	goldfish	2
39143	foraging	2
39144	gèamaichean	2
39145	creimichean	2
39146	iùl	2
39147	taighean-bidhe	2
39148	diathaid	2
39149	rceadar	2
39150	justicia	2
39151	jewel	2
39152	pinnatifida	2
39153	alaria	2
39154	esculenta	2
39155	shandwich	2
39156	mhucan-mara	2
39157	geograf	2
39158	cabstair	2
39159	mors	2
39160	rein	2
39161	saddleseatcurb	2
39162	vanner	2
39163	cricket	2
39164	curb	2
39165	ancien	2
39166	morsi	2
39167	westerncurb	2
39168	taigh-bidh	2
39169	cagailt	2
39170	caibe	2
39171	seapail	2
39172	pavlov	2
39173	h-ruis	2
39174	shùgh	2
39175	cagnadh	2
39176	sglaidhpeach	2
39177	co-thàth	2
39178	eastkilbride	2
39179	mint	2
39180	phailteas	2
39181	cuthaig	2
39182	obraichean-iarainn	2
39183	newbold	2
39184	cambuslang	2
39185	bishopbriggs	2
39186	kilpatrick	2
39187	mearns	2
39188	spiers	2
39189	barrhead	2
39190	taighean-beaga	2
39191	plumaireachd	2
39192	peterhead	2
39193	leòdhasaich	2
39194	macneill	2
39195	crutha	2
39196	cheit	2
39197	kentigern's	2
39198	banff	2
39199	toll-bùtha	2
39200	eilispidh	2
39201	niceòghain	2
39202	luchd-ealaine	2
39203	hornel	2
39204	edward-atkinson-hornel	2
39205	thewickermanfestival	2
39206	uk-scotland-edinburgh-east-fife	2
39207	bhrice	2
39208	beingidhean	2
39209	reredos	2
39210	fraserburgh	2
39211	formartine	2
39212	zamenhof	2
39213	ido	2
39214	interlingua	2
39215	dh'iomadach	2
39216	infana	2
39217	raso	2
39218	leanabail	2
39219	duilleagan-lìn	2
39220	hawick	2
39221	lactuca	2
39222	aosa	2
39223	glucòs	2
39224	compound	2
39225	umbilicalis	2
39226	expressions	2
39227	thaomadh	2
39228	slaopadh	2
39229	tenera	2
39230	chagnadh	2
39231	feamainnean	2
39232	lusanachladaich	2
39233	fhiaclan	2
39234	ròstadh	2
39235	fhàireag	2
39236	shamraidh	2
39237	carrach	2
39238	clorofine	2
39239	iongarach	2
39240	blancmange	2
39241	buren	2
39242	bend	2
39243	t-aonamh	2
39244	zachary	2
39245	millard	2
39246	wilkes	2
39247	seanaidh	2
39248	peoria	2
39249	cheumnachadh	2
39250	goldwater	2
39251	blythe	2
39252	poilisacaraid	2
39253	gualuisgean	2
39254	bith-mhoileciuilean	2
39255	feuraich	2
39256	photograph	2
39257	calgach	2
39258	fionnaidh	2
39259	aogas	2
39260	photography	2
39261	teannas	2
39262	kalb	2
39263	snooker	2
39264	bòrd-billiard	2
39265	s'urrainnear	2
39266	luchdachadh	2
39267	fifth	2
39268	textbook	2
39269	effective	2
39270	modifying	2
39271	commercially	2
39272	noncommercially	2
39273	recommend	2
39274	distributed	2
39275	world-wide	2
39276	unlimited	2
39277	exclusively	2
39278	document's	2
39279	explain	2
39280	designated	2
39281	machine-readable	2
39282	represented	2
39283	programs	2
39284	formatters	2
39285	publicly	2
39286	proprietary	2
39287	processors	2
39288	prominent	2
39289	entitled	2
39290	precisely	2
39291	regards	2
39292	measures	2
39293	carry	2
39294	clearly	2
39295	equally	2
39296	satisfy	2
39297	filling	2
39298	whoever	2
39299	tè-phoileataigs	2
39300	grantham	2
39301	macgille-na-brataich	2
39302	bewdley	2
39303	lèig	2
39304	bhiocair	2
39305	aberavon	2
39306	beaconsfield	2
39307	caspian	2
39308	kincardineshire	2
39309	kintore	2
39310	azzah	2
39311	bhiocas	2
39312	bhuckingham	2
39313	phàigh-mhaighstir	2
39314	wellesley	2
39315	angers	2
39316	amberley	2
39317	gascoyne-cecil	2
39318	pelham-holles	2
39319	bhoid	2
39320	bhàiristear	2
39321	dìobhair	2
39322	borough	2
39323	euston	2
39324	petty	2
39325	dh'oighrich	2
39326	breacain	2
39327	granta	2
39328	o'gorman	2
39329	diònta	2
39330	palastainich	2
39331	makkah	2
39332	ath-shuidheachadh	2
39333	gibb	2
39334	h-innis	2
39335	hial	2
39336	tankerness	2
39337	leas-phrìomh	2
39338	gill-iosa	2
39339	mhodaratair	2
39340	idheadair	2
39341	demokratick	2
39342	strana	2
39343	mholdàibhia	2
39344	voronin	2
39345	chomunnach	2
39346	yushchenko	2
39347	phuinnseanachadh	2
39348	iryna	2
39349	sde	2
39350	biadhna	2
39351	tarja	2
39352	halonen	2
39353	normandy	2
39354	bhàillidhneachd	2
39355	sarc	2
39356	brekka	2
39357	dependency	2
39358	islandlife	2
39359	toilers	2
39360	travailleurs	2
39361	rises	2
39362	sight	2
39363	ghraineil	2
39364	laughing	2
39365	arose	2
39366	mist	2
39367	tall	2
39368	abyss	2
39369	angry	2
39370	waves	2
39371	resting	2
39372	strike	2
39373	powder	2
39374	wave	2
39375	hunchback	2
39376	ùr-sgeulachdan	2
39377	bheagachadh	2
39378	sker	2
39379	icj-cij	2
39380	fuk	2
39381	icj	2
39382	pièrres	2
39383	dirouilles	2
39384	lvrxofoukgc	2
39385	aewag	2
39386	mcnamara	2
39387	acadamach	2
39388	kiryat	2
39389	bialik	2
39390	ladislaus	2
39391	benesch	2
39392	dachstein	2
39393	sunrise	2
39394	secular	2
39395	kufstein	2
39396	kappl	2
39397	tìreach	2
39398	collectivit	2
39399	territoriale	2
39400	dh'fheamainn	2
39401	fhìor-ghlan	2
39402	vasilyevich	2
39403	nizhny	2
39404	novgorod	2
39405	periodic	2
39406	keto-enol	2
39407	tautomerism	2
39408	menton	2
39409	teanas	2
39410	mhaoth	2
39411	dhuine-chloinne	2
39412	glengarnock	2
39413	mhàrais	2
39414	kilmaurs	2
39415	forfar	2
39416	meffan	2
39417	sanderson	2
39418	lucien	2
39419	lwoff	2
39420	daventry	2
39421	lunar	2
39422	iom-leabhraichean	2
39423	experiments	2
39424	observations	2
39425	computation	2
39426	obraiche-mheatailt	2
39427	romanais	2
39428	vassar	2
39429	urea	2
39430	sonora	2
39431	raport	2
39432	dziy	2
39433	niy	2
39434	wasze	2
39435	chleba	2
39436	twoje	2
39437	winy	2
39438	leòmhannan	2
39439	bhreacach	2
39440	iaguaran	2
39441	sitting	2
39442	leopard-sneachda	2
39443	sìotà	2
39444	siorc	2
39445	ruapehu	2
39446	tski	2
39447	sturt's	2
39448	narrative	2
39449	deserts	2
39450	nubian	2
39451	nubianach	2
39452	chalbi	2
39453	ferio	2
39454	arches	2
39455	cholorado	2
39456	plateau	2
39457	escalante	2
39458	cedar	2
39459	nk'mip	2
39460	jornada	2
39461	muerto	2
39462	owyhee	2
39463	siora	2
39464	sola	2
39465	navarre	2
39466	biosphere	2
39467	deliblato	2
39468	buleni	2
39469	infoportal	2
39470	ionad-rannsachaidh	2
39471	dùnan	2
39472	h-uine	2
39473	ad-dahna	2
39474	helmand	2
39475	al-nefud	2
39476	araibiannach	2
39477	khali	2
39478	negev	2
39479	beersheba	2
39480	thiberian	2
39481	tih	2
39482	beantann	2
39483	prehaberbultenleri	2
39484	announced	2
39485	ramallah	2
39486	blàth-fhleasg	2
39487	sonaidean	2
39488	shonaid	2
39489	fleasg	2
39490	cuilbh	2
39491	lasrach	2
39492	uisgeachadh	2
39493	h-uairean	2
39494	jaran	2
39495	xinjiang	2
39496	hami	2
39497	kum-tagh	2
39498	qaidam	2
39499	torraibh	2
39500	registan	2
39501	tengger	2
39502	borr	2
39503	càrnaidh	2
39504	sanntach	2
39505	forgotten	2
39506	th'againn	2
39507	galley	2
39508	tha'n	2
39509	shìtheil	2
39510	dionta	2
39511	mhachado	2
39512	uaigneich	2
39513	fraingise	2
39514	dhuan	2
39515	ionmhainn	2
39516	poeta	2
39517	tartmhor	2
39518	wonderland	2
39519	saryesik	2
39520	atyrau	2
39521	ustyurt	2
39522	commissioning	2
39523	cheannardais	2
39524	timeshighereducation	2
39525	charity	2
39526	quest	2
39527	patrick-harvie-to-lead-scottish-greens	2
39528	soidhnigeadh	2
39529	preseantair	2
39530	utv	2
39531	scaigh	2
39532	maoineachas	2
39533	t-each-thighearna	2
39534	àrd-stiùiriche	2
39535	uaineach	2
39536	phàrlamaideach	2
39537	mcadam	2
39538	cailin	2
39539	mhanitoba	2
39540	co-cheagailte	2
39541	bhrunswick	2
39542	bunaidh	2
39543	buth	2
39544	reicidh	2
39545	mina	2
39546	farquharson	2
39547	h-irise	2
39548	h-eadar-theangachaidhean	2
39549	italiana	2
39550	t-achd	2
39551	samhuil	2
39552	tharruinneas	2
39553	angles	2
39554	pasture	2
39555	speleological	2
39556	occasional	2
39557	cladhaich	2
39558	h-àrc-eòlaichean	2
39559	cagailte	2
39560	grìogagan	2
39561	sanasan-fiosrachaidh	2
39562	myspace	2
39563	blògaichean	2
39564	naidheachdanpinc	2
39565	squarespace	2
39566	chonnecticut	2
39567	penn	2
39568	fhlorida	2
39569	kamenz	2
39570	hoyerswerda	2
39571	wojerecy	2
39572	phrìomh-chànan	2
39573	kak	2
39574	tebi	2
39575	wjed	2
39576	njebju	2
39577	kralejstwo	2
39578	ako	2
39579	teke	2
39580	iar-ceann-suidhe	2
39581	dìochuimhne	2
39582	indians	2
39583	sgoil-eaconomachd	2
39584	mhinich	2
39585	konomi	2
39586	preseantairean	2
39587	wikiproject	2
39588	checkwiki	2
39589	majorca	2
39590	balèaric	2
39591	illes	2
39592	balears	2
39593	caisbheart	2
39594	manacor	2
39595	eulària	2
39596	portmany	2
39597	cervera	2
39598	capdepera	2
39599	cileamatair	2
39600	tramuntana	2
39601	ùird	2
39602	bettyhill	2
39603	aoibhinn	2
39604	dòirt	2
39605	stat-acc-scot	2
39606	ionad-dualchais	2
39607	rush	2
39608	popclock	2
39609	omh-oifige	2
39610	noile	2
39611	alainne	2
39612	statssa	2
39613	ukrstat	2
39614	reloj	2
39615	indec	2
39616	struktura	2
39617	hoile	2
39618	amh-mheastach	2
39619	cijfers	2
39620	csu	2
39621	statistiken	2
39622	jahres	2
39623	subjects	2
39624	tema	2
39625	heast	2
39626	thurcach	2
39627	isee	2
39628	fac	2
39629	estadistica	2
39630	saint-barth	2
39631	numdep	2
39632	scholarcommons	2
39633	pier	2
39634	cloud	2
39635	goat	2
39636	teide	2
39637	maspalomas	2
39638	wreck	2
39639	jard	2
39640	golfo	2
39641	caldera	2
39642	taburiente	2
39643	aridane	2
39644	insular	2
39645	mahon	2
39646	beòthalachd-oidhche	2
39647	oithir	2
39648	t-saghail	2
39649	savina	2
39650	keyes	2
39651	chaledonia	2
39652	holyhead	2
39653	sionainne	2
39654	cairnryan	2
39655	cybi	2
39656	innlichte	2
39657	gwaun	2
39658	evanston	2
39659	sorbach	2
39660	obhainn	2
39661	sianta	2
39662	thrond	2
39663	ìdhe	2
39664	donegaltown	2
39665	chiosamuil	2
39666	kisimul-castle	2
39667	mhearnag	2
39668	chomharra-malairt	2
39669	sgibnis	2
39670	aranese	2
39671	eagles	2
39672	dare	2
39673	jain	2
39674	bournemouth	2
39675	muireil	2
39676	rendezvous	2
39677	satan	2
39678	bells	2
39679	caravan	2
39680	circus	2
39681	foìnis	2
39682	clasica	2
39683	faventia	2
39684	barcino	2
39685	hamilcar	2
39686	barcilonum	2
39687	barceno	2
39688	barchelona	2
39689	alona	2
39690	muirchu	2
39691	pdf-datei	2
39692	muirchol	2
39693	ardnamurchanlighthouse	2
39694	kilchoan	2
39695	abellio	2
39696	diùrasach	2
39697	dykes	2
39698	falaich	2
39699	eileannan	2
39700	charra	2
39701	mac'illeathain	2
39702	hearaich	2
39703	relates	2
39704	most-westerly-point	2
39705	cnocaireachd	2
39706	canna	2
39707	haoisgeir	2
39708	chaledonian	2
39709	chathastail	2
39710	lathaig	2
39711	galmasdal	2
39712	postcard	2
39713	schellenberg	2
39714	marlin	2
39715	maruma	2
39716	kinloch	2
39717	rhum's	2
39718	clutton-brock	2
39719	holdings	2
39720	unfortunate	2
39721	englishman	2
39722	dh'atharraidh	2
39723	iolaire-mara	2
39724	kingussie	2
39725	ods-web	2
39726	bhreacaidh	2
39727	birnam	2
39728	oed	2
39729	brands	2
39730	thalisker	2
39731	diageo	2
39732	mhuillean	2
39733	outdooraccess-scotland	2
39734	directives	2
39735	cowal	2
39736	taggart	2
39737	gnàthaichte	2
39738	helan	2
39739	hearradh	2
39740	mothaichidh	2
39741	aidich	2
39742	achanduin	2
39743	choeffin	2
39744	càthan	2
39745	bàtaichean-aiseag	2
39746	bràcadal	2
39747	isleornsay	2
39748	ourlights	2
39749	bloody	2
39750	burnet	2
39751	trondairnis	2
39752	investigation	2
39753	macniven	2
39754	shawfield	2
39755	salen	2
39756	aimsireil	2
39757	mamemaki	2
39758	ròiste	2
39759	cooking	2
39760	dalradianach	2
39761	breath	2
39762	carbonmhoire	2
39763	lamlash	2
39764	cruadhachadh	2
39765	ionad-ealan	2
39766	creathail	2
39767	loisgidh	2
39768	scenic	2
39769	tanera	2
39770	arcasaidh	2
39771	post-office	2
39772	neach-glèidhteachais	2
39773	grossart	2
39774	cudrom	2
39775	àrachais	2
39776	bheannachd	2
39777	fiachail	2
39778	spèird	2
39779	readh	2
39780	h-ionnsachadh	2
39781	igeamh	2
39782	rìoghalachd	2
39783	afa	2
39784	fingal's	2
39785	xid	2
39786	peantaidh	2
39787	roi-cheòl	2
39788	arcasaid	2
39789	bhiadhna	2
39790	dornie	2
39791	alltain	2
39792	featurehistory	2
39793	popup	2
39794	reserves	2
39795	faoin-sgeulachdan	2
39796	chichibuonsen	2
39797	kappa-bashi	2
39798	cularan	2
39799	socialland	2
39800	umava	2
39801	clò-bheart	2
39802	aloys	2
39803	puingan	2
39804	erikson	2
39805	t-seillean	2
39806	grodaidh	2
39807	dubhanach	2
39808	fuaimreig	2
39809	botaurus	2
39810	lentiginosus	2
39811	seney	2
39812	theachdairean	2
39813	macgilleaghlais	2
39814	chòigeach	2
39815	luaireagan	2
39816	mhèanais	2
39817	vulgare	2
39818	deilgneach	2
39819	acanthium	2
39820	chluaran	2
39821	làrna	2
39822	chaidil	2
39823	foille	2
39824	choise	2
39825	dhìoghaltas	2
39826	shasann	2
39827	sheirbhisich	2
39828	leth-chrochadh	2
39829	leth-mharbh	2
39830	mhionach	2
39831	cheathramhan	2
39832	thoisgeal	2
39833	cheamhramh	2
39834	shìr	2
39835	ach-na-feàrna	2
39836	raoghnall	2
39837	bhalachan	2
39838	fear-ionmhais	2
39839	leisgeulan	2
39840	chìtheadh	2
39841	làrna-mhàireach	2
39842	t-iomlan	2
39843	ghiùlaineadh	2
39844	guaillibh	2
39845	thionail	2
39846	shoilleirich	2
39847	choinneagan	2
39848	dhìleas	2
39849	chainbe	2
39850	fhear-ionaid	2
39851	geatachan	2
39852	seòltachd	2
39853	bhrataichean	2
39854	ealla	2
39855	da-rìreadh	2
39856	teng	2
39857	maraon	2
39858	òrdaich	2
39859	chruadhaich	2
39860	sheiche	2
39861	saighdear-coise	2
39862	abaich	2
39863	fir-bhogha	2
39864	mharbhaidh	2
39865	bhritheamhan	2
39866	smithfield	2
39867	hacon	2
39868	teicich	2
39869	kerrera	2
39870	teangaidh	2
39871	phlymouth	2
39872	sgalasaig	2
39873	fhuamair	2
39874	aineolas	2
39875	chreithleag	2
39876	sgaothan	2
39877	chlaoidh	2
39878	stòlda	2
39879	charachadh	2
39880	beòthalachd	2
39881	boulton	2
39882	faochagach	2
39883	seòl-mara	2
39884	mhuir-tràigh	2
39885	tide	2
39886	reothart	2
39887	sùmaid	2
39888	beul-àtha	2
39889	leth-innis	2
39890	aonaichean	2
39891	braeriach	2
39892	caron	2
39893	algaebase	2
39894	grionlainn	2
39895	stor	2
39896	kinabalu	2
39897	soilleir-dhonn	2
39898	serratus	2
39899	fheamainn-dubh	2
39900	aon-chasach	2
39901	raineach-mhara	2
39902	teimhil	2
39903	nuna	2
39904	nàbaidheachd	2
39905	ffa	2
39906	dubh-ghorm	2
39907	teaghlach-cànain	2
39908	bòidhche	2
39909	alba-schottland	2
39910	lìobhan	2
39911	world-famous	2
39912	roinn-dùthcha	2
39913	sìthean	2
39914	biggar	2
39915	bonds	2
39916	dh'fhogharan	2
39917	dà-fhogharan	2
39918	dà-fhoghar	2
39919	balquhidder	2
39920	dhomhs	2
39921	muth	2
39922	chrìonan	2
39923	faoinsgeulach	2
39924	galston	2
39925	òlaidh	2
39926	dairbheal	2
39927	lochfield	2
39928	penicillin	2
39929	amr	2
39930	partners	2
39931	travels	2
39932	siùbhlaichean	2
39933	amateur	2
39934	emigrant	2
39935	poe	2
39936	freiceadain	2
39937	teaghlach-chànan	2
39938	finno-iugraig	2
39939	kemi	2
39940	stewarton	2
39941	mhàra	2
39942	lugton	2
39943	coitearan	2
39944	bannerman	2
39945	creurann	2
39946	t-àrar	2
39947	druiminn	2
39948	sraithibh	2
39949	crìon-làraich	2
39950	àiteachan-fuirich	2
39951	noam	2
39952	chomsky	2
39953	seimeotaig	2
39954	shoighnichean	2
39955	chruthaichear	2
39956	seeker	2
39957	ami	2
39958	ulrike	2
39959	mouton	2
39960	ismo	2
39961	dhochairt	2
39962	faolain	2
39963	chàrn-cuimhne	2
39964	craigmore	2
39965	psalms	2
39966	topicid	2
39967	tableid	2
39968	tablename	2
39969	selectedtopicid	2
39970	aggregated	2
39971	tablenumber	2
39972	view-results	2
39973	cholmaig	2
39974	brig	2
39975	doune	2
39976	falachadh	2
39977	ardeonaig	2
39978	arnprior	2
39979	sgeanail	2
39980	camus-choinnich	2
39981	kessog	2
39982	strìopachais	2
39983	farley	2
39984	hillside	2
39985	caiteirein	2
39986	catrine	2
39987	falachd	2
39988	fullarton	2
39989	tursan-adhair	2
39990	airasia	2
39991	beijing-capital	2
39992	paris-charles	2
39993	taipei-taoyuan	2
39994	korean	2
39995	nok	2
39996	siem	2
39997	reap	2
39998	shenzhen	2
39999	fukuoka	2
40000	millport	2
40001	mhuillinn	2
40002	portencross	2
40003	sheasgann	2
40004	seasgann	2
40005	shiskine	2
40006	fairlidh	2
40007	fairlie	2
40008	sgothan-seòlaidh	2
40009	teachers	2
40010	bun-fhiosrachadh	2
40011	comprehensive	2
40012	concerning	2
40013	mhion-chànanan	2
40014	ceumnaichte	2
40015	reversing	2
40016	mòr-chànan	2
40017	eòlas-chànain	2
40018	pherceton	2
40019	perceton	2
40020	searmonaiche	2
40021	mhormoin	2
40022	curling	2
40023	yearbook	2
40024	leyte	2
40025	tacloban	2
40026	dailly	2
40027	achnacarry	2
40028	baronial	2
40029	fusui	2
40030	guangsi	2
40031	t-iasgach	2
40032	dornoch	2
40033	aitchison	2
40034	bickerton	2
40035	choimheadar	2
40036	creòle	2
40037	prìomh-phàirt	2
40038	pidgin	2
40039	breacaidh	2
40040	gairloch	2
40041	kinlochleven	2
40042	balla-casg	2
40043	alcan	2
40044	seann-fhasanta	2
40045	durness	2
40046	treise	2
40047	fingal	2
40048	paradocsaichean	2
40049	dealbhan-cluich	2
40050	aoirean	2
40051	ballad	2
40052	àbhachdach	2
40053	each-sìth	2
40054	cunnartaiche	2
40055	salachar	2
40056	armadail	2
40057	shed	2
40058	snoga	2
40059	donnachadh	2
40060	coddy	2
40061	diagnos	2
40062	mhuileann-ghaidh	2
40063	fhrith-rathad	2
40064	bleitheadh	2
40065	meanbh-chuileagan	2
40066	dhealaicheas	2
40067	eite	2
40068	shoes	2
40069	everything	2
40070	kittybrewster	2
40071	joint	2
40072	vessey	2
40073	firearms	2
40074	caulfield	2
40075	walks	2
40076	marketing	2
40077	inveroran	2
40078	drover's	2
40079	inverarnan	2
40080	glengyle	2
40081	sherpavan	2
40082	cadalaiche	2
40083	thaighean-òsta	2
40084	tulloch	2
40085	thulach	2
40086	osdail-òigridh	2
40087	corrour	2
40088	trèig	2
40089	norbert	2
40090	redbubble	2
40091	infonuorra	2
40092	pieces	2
40093	martha's	2
40094	duthac	2
40095	regatta	2
40096	fortrose	2
40097	ballachulish	2
40098	mhicphàdraig	2
40099	eller	2
40100	medicin	2
40101	behring	2
40102	cournand	2
40103	forssmann	2
40104	domagk	2
40105	gerty	2
40106	rosalyn	2
40107	yalow	2
40108	mcclintock	2
40109	levi-montalcini	2
40110	christiane	2
40111	sslein-volhard	2
40112	sinoussi	2
40113	greider	2
40114	may-britt	2
40115	brunkow	2
40116	petrovich	2
40117	camillo	2
40118	allvar	2
40119	gullstrand	2
40120	nicolle	2
40121	gowland	2
40122	hallett	2
40123	erlanger	2
40124	theorell	2
40125	kornberg	2
40126	fielding	2
40127	feodor	2
40128	rous	2
40129	granit	2
40130	haldan	2
40131	keffer	2
40132	hartline	2
40133	axelrod	2
40134	lorenz	2
40135	baruch	2
40136	sperry	2
40137	torsten	2
40138	edmond	2
40139	sharp	2
40140	arvid	2
40141	greengard	2
40142	kandel	2
40143	hartwell	2
40144	horvitz	2
40145	sulston	2
40146	shinya	2
40147	yamanaka	2
40148	edvard	2
40149	allison	2
40150	tithe	2
40151	chath-làrach	2
40152	munlochy	2
40153	hawai'i	2
40154	dhu	2
40155	peanasach	2
40156	ciomaich	2
40157	harpercollins	2
40158	t-arthar	2
40159	phàirc-chàraichean	2
40160	delwedd	2
40161	scottosh	2
40162	eriboll	2
40163	wanderlust	2
40164	loyal	2
40165	stùcan	2
40166	ghiuthas	2
40167	doirean	2
40168	fèistean	2
40169	charrain	2
40170	gillanders	2
40171	seumarlan	2
40172	chruithnis	2
40173	groam	2
40174	curet	2
40175	ullaich	2
40176	a-màireach	2
40177	tromhainn	2
40178	iarratas	2
40179	saoraidh	2
40180	aithghearrachd	2
40181	bhanais	2
40182	bernardino	2
40183	zion	2
40184	aona-neach	2
40185	comhfhurtachd	2
40186	chruitheachd	2
40187	neo-dhìlseachd	2
40188	tìghearna	2
40189	donas	2
40190	dunkirk	2
40191	thancaichean	2
40192	t-sàtain	2
40193	chùbaid	2
40194	uibhistich	2
40195	bhìocar	2
40196	mcbean	2
40197	dh'èireann	2
40198	miosg	2
40199	psalter	2
40200	hymnal	2
40201	crimond	2
40202	aimeireagaich	2
40203	bheartaich	2
40204	designations	2
40205	balvenie	2
40206	lòsaidh	2
40207	eilideach	2
40208	archiestown	2
40209	monymusk	2
40210	breabadaireachd	2
40211	knockando	2
40212	inmarcesible	2
40213	noche	2
40214	gime	2
40215	sangre	2
40216	orinoco	2
40217	cauce	2
40218	colma	2
40219	almas	2
40220	ojos	2
40221	sentir	2
40222	salud	2
40223	mucha	2
40224	muerte	2
40225	genio	2
40226	cada	2
40227	ande	2
40228	anos	2
40229	fin	2
40230	cielo	2
40231	pabell	2
40232	mortal	2
40233	completa	2
40234	batalla	2
40235	combate	2
40236	dhoichtidh	2
40237	fochabers	2
40238	thoirear	2
40239	medellìn	2
40240	chinneasachadh	2
40241	bùirdeasachd	2
40242	maslach	2
40243	treànaidh	2
40244	yames	2
40245	conquistadores	2
40246	consejo	2
40247	aguinaga	2
40248	ebejico	2
40249	mhaiseachadh	2
40250	tejelo	2
40251	lùnasadal	2
40252	chèarnaig	2
40253	berrio	2
40254	tiughadh	2
40255	presencia	2
40256	gharradh	2
40257	dh'ath-leasachadh	2
40258	textile	2
40259	empresa	2
40260	so-sheòlta	2
40261	taighean-gnìomhachasan	2
40262	bolivarianach	2
40263	greiff	2
40264	panidas	2
40265	eladio	2
40266	sert	2
40267	solaraich	2
40268	foirfe	2
40269	raza	2
40270	nadaismo	2
40271	botero	2
40272	paisa	2
40273	nòis	2
40274	cruinne-eòlas	2
40275	enciso	2
40276	comunas	2
40277	corregimientos	2
40278	institiùid	2
40279	ashes	2
40280	chriogaid	2
40281	speyside	2
40282	reel	2
40283	firing	2
40284	conservatism	2
40285	mosstodloch	2
40286	urchard	2
40287	aberfeldy	2
40288	macsuain	2
40289	acharn	2
40290	alyth	2
40291	dochart	2
40292	blairgowrie	2
40293	leth-aoin	2
40294	ericht	2
40295	bhùirnich	2
40296	burrelton	2
40297	clunie	2
40298	bloom	2
40299	horticultural	2
40300	coupar	2
40301	crieff	2
40302	dull	2
40303	forgrann	2
40304	knie	2
40305	caol-an-dùirn	2
40306	plàc	2
40307	glenshee	2
40308	tuathar	2
40309	ceannmhoir	2
40310	fiadotto	2
40311	longartaidh	2
40312	mìgeil	2
40313	meithinnigh	2
40314	mhoillidh	2
40315	eachain	2
40316	dunnichen	2
40317	dunachton	2
40318	aigle	2
40319	glamais	2
40320	friockheim	2
40321	chìollair	2
40322	tarbha	2
40323	bòide	2
40324	mhìnicheadh	2
40325	thulaich	2
40326	naoimhe	2
40327	cuimbria	2
40328	kirkoswald	2
40329	cumbrae	2
40330	molaise	2
40331	pladaigh	2
40332	nios	2
40333	boreland	2
40334	collaidh	2
40335	fintry	2
40336	governance	2
40337	cc-information	2
40338	eabair	2
40339	stronachlachar	2
40340	chraiglockhart	2
40341	mherchiston	2
40342	sighthill	2
40343	siegfried	2
40344	seil	2
40345	gòmastra	2
40346	rma	2
40347	bhroc	2
40348	whitburn	2
40349	ufo	2
40350	breich	2
40351	blackridge	2
40352	dubh-allt	2
40353	dalyell	2
40354	mhachain	2
40355	fhitheachan	2
40356	conaltraidhean	2
40357	historia-colombia	2
40358	peralonso	2
40359	eudmhorach	2
40360	meallach	2
40361	kalipedia	2
40362	cathaich	2
40363	neerlandia	2
40364	barrera	2
40365	chòrnaileir	2
40366	mhiannan	2
40367	hanser	2
40368	wilhelmine	2
40369	psychoanalysis	2
40370	harleytherapy	2
40371	counselling	2
40372	freud-vs-jung-similarities-differences	2
40373	similarities	2
40374	therapy	2
40375	togradh	2
40376	mhuice	2
40377	haddington	2
40378	bhaoithin	2
40379	innerleithen	2
40380	ronan	2
40381	caolachadh	2
40382	redirectdùn	2
40383	allanton	2
40384	nullscotland's	2
40385	lilliesleaf	2
40386	tìobhiot	2
40387	tweedbank	2
40388	walkerburn	2
40389	coats	2
40390	omog	2
40391	peras	2
40392	mhetro	2
40393	metrocable	2
40394	transmilenio	2
40395	gealladh-pòsaidh	2
40396	chairteil	2
40397	macdhui	2
40398	làrach-pàircidh	2
40399	bowl	2
40400	lioftaichean	2
40401	cairngormmountain	2
40402	chais	2
40403	abaraig	2
40404	laitbhis	2
40405	chaochaill	2
40406	pologne	2
40407	cracow	2
40408	walce	2
40409	lofty	2
40410	introduction-a-cracovie	2
40411	quelques-dates	2
40412	opolska	2
40413	cosantaireachd	2
40414	saor-bhaile	2
40415	rekto	2
40416	h-ostair-ùngair	2
40417	cruithneachd-innseanach	2
40418	coirce-innseanach	2
40419	fraise	2
40420	dent	2
40421	oaxacan	2
40422	ottofile	2
40423	giallo	2
40424	tortonese	2
40425	fheàrna	2
40426	auchenreoch	2
40427	baldernock	2
40428	torranan	2
40429	slàinteil	2
40430	sunntasach	2
40431	t-seallaidh	2
40432	aberdour	2
40433	mac-peathar	2
40434	dùghlasaich	2
40435	claonaidh	2
40436	darfhasaidh	2
40437	dairsie	2
40438	mhointich	2
40439	plunndrainn	2
40440	bhruidhinneadh	2
40441	bustos	2
40442	repositorio	2
40443	utp	2
40444	fhaicsinniche	2
40445	musica	2
40446	arciniegas	2
40447	oficio	2
40448	valo	2
40449	bharba	2
40450	viga	2
40451	biblioteca-virtual-antioquia	2
40452	baaj	2
40453	batalyaws	2
40454	pax	2
40455	mohammedan	2
40456	dynasties	2
40457	maqqari	2
40458	fata	2
40459	hatillo	2
40460	articulosespecializados	2
40461	laestrella	2
40462	adelaida	2
40463	blancas	2
40464	cuchilla	2
40465	escuela	2
40466	atanasio	2
40467	huayna	2
40468	a'na	2
40469	territorio	2
40470	gar-anat	2
40471	garnatum	2
40472	nueva-acropolis	2
40473	metello	2
40474	poles	2
40475	cayo	2
40476	florencio	2
40477	mhaoineachais	2
40478	chompanidh	2
40479	fhoillsichte	2
40480	flaitheil	2
40481	carvajal	2
40482	sìreadh	2
40483	eldorado	2
40484	gui	2
40485	cheannsaiche	2
40486	tughaidh	2
40487	liotàinia	2
40488	plaques	2
40489	feàrn	2
40490	shlobhacais	2
40491	zemepis	2
40492	maturanti	2
40493	otazky	2
40494	otazka	2
40495	matot	2
40496	bhaile-malairt	2
40497	drummore	2
40498	mcclung	2
40499	fuar-mhonaidh	2
40500	executioner	2
40501	làmhag	2
40502	dhìricheas	2
40503	chimney	2
40504	thormoid	2
40505	ecclefechan-height	2
40506	mitu-vaupes	2
40507	vaupes	2
40508	guainia	2
40509	arauca-arauca	2
40510	reublataich	2
40511	andes-antioquia	2
40512	monteria	2
40513	alcaldiadevillavicencio	2
40514	cof	2
40515	kamentx	2
40516	tràilleachadh	2
40517	gobernador	2
40518	riohacha-laguajira	2
40519	leanainn	2
40520	sgàirneach	2
40521	sheallaidhean	2
40522	roinn-fheachd	2
40523	glenluce	2
40524	sorbie-parish-church	2
40525	villagehalls-aefed	2
40526	who-are-we	2
40527	mitterrand	2
40528	milk	2
40529	bdumfriesshire	2
40530	bombing	2
40531	varios	2
40532	treàna	2
40533	bàthar	2
40534	bastidas	2
40535	new-abbey	2
40536	sweetheart	2
40537	cisteirseach	2
40538	see-do	2
40539	kirkcudbrightgalleries	2
40540	artists-footsteps	2
40541	shambelliehouse	2
40542	kenmure	2
40543	taigh-dhealbh	2
40544	portpatrick	2
40545	fadrick	2
40546	bhaile-iasgaich	2
40547	ghuais	2
40548	scotlandthemovie	2
40549	foillsichearan	2
40550	tun	2
40551	lingvosoft	2
40552	ambrosio	2
40553	cairt-gheal	2
40554	ath-stèidhich	2
40555	dioplomasach	2
40556	t-og-mhìos	2
40557	froissart	2
40558	halidon	2
40559	ùineachan	2
40560	co-aontachadh	2
40561	chleas	2
40562	dictionnaires	2
40563	stephenson	2
40564	jacobite	2
40565	samhuinn	2
40566	bhàirr	2
40567	greenbank	2
40568	uplawmoor	2
40569	robles	2
40570	sgoltaidhean	2
40571	prìobhaideachd	2
40572	mutat	2
40573	ituango	2
40574	uramita	2
40575	turbo	2
40576	dabeibe	2
40577	fhearrain	2
40578	teàrainte	2
40579	fàidheil	2
40580	làraidhean	2
40581	negras	2
40582	hatoviejo	2
40583	mhnatha	2
40584	exterior	2
40585	karta	2
40586	neo-eiseamleachd	2
40587	aille	2
40588	bhagh	2
40589	manann	2
40590	bhiatas	2
40591	shiùcarach	2
40592	sucros	2
40593	chuilc	2
40594	dh'fhoghlaim	2
40595	planntachasan	2
40596	chumhaichean	2
40597	gaiena	2
40598	jayy	2
40599	iberianach	2
40600	mosgaichean	2
40601	alhamar	2
40602	hamman	2
40603	lùchairte	2
40604	palacio	2
40605	inf	2
40606	guill	2
40607	victorias	2
40608	czechs	2
40609	craigendoran	2
40610	gabhalach	2
40611	pontos	2
40612	daf	2
40613	avonbridge	2
40614	unidos	2
40615	poiliteagaiche	2
40616	chancos	2
40617	bhuidhne-chatha	2
40618	anabarraich	2
40619	rbara	2
40620	reddingmuirhead	2
40621	wallacestone	2
40622	banknock	2
40623	dhomingo	2
40624	bdigital	2
40625	institucional	2
40626	ulloa	2
40627	zpravodaj	2
40628	nosti	2
40629	moravska-vlajka	2
40630	franti	2
40631	morabhianaich	2
40632	sheicich	2
40633	pilkington	2
40634	ledge	2
40635	dhlùithe	2
40636	cornailear	2
40637	unidas	2
40638	laynez	2
40639	salda	2
40640	cho-ghairm	2
40641	bhuadhachais	2
40642	flores	2
40643	marulanda	2
40644	luchd-cheàirrde	2
40645	lgotas	2
40646	àrd-chùirte	2
40647	waterpipe	2
40648	feadain	2
40649	chìch	2
40650	clò-bhuailtear	2
40651	chlò-bhuailtear	2
40652	cayetano	2
40653	chomann-shòisealta	2
40654	mheadhanachadh	2
40655	shàbhalaich	2
40656	àrd-cùirt	2
40657	fhiosgal	2
40658	americancatholic	2
40659	tèarmannach	2
40660	llano	2
40661	espartero	2
40662	brito	2
40663	valent	2
40664	pando	2
40665	pineda	2
40666	zorrilla	2
40667	estanislau	2
40668	figueras	2
40669	moragas	2
40670	margall	2
40671	castelar	2
40672	zavala	2
40673	azcarraga	2
40674	silvela	2
40675	vielleuze	2
40676	raimundo	2
40677	toca	2
40678	allendesalazar	2
40679	niceto	2
40680	carrero	2
40681	arias	2
40682	calvo-sotelo	2
40683	bustelo	2
40684	zapatero	2
40685	brey	2
40686	rez-castej	2
40687	wenceslao	2
40688	buchelli	2
40689	cothrom-uisge	2
40690	sruthadh-uisge	2
40691	bambù	2
40692	euroresidentes	2
40693	ministrealachdan	2
40694	dheiradh	2
40695	designado	2
40696	ministros	2
40697	t-ath	2
40698	dh'ath	2
40699	galvis	2
40700	bhràthair-cèile	2
40701	meadhanaich	2
40702	marvel	2
40703	dìteadh	2
40704	fonsdeog	2
40705	sgoil-shaighdearachd	2
40706	juanamb	2
40707	piedrah	2
40708	elvira	2
40709	eugenia	2
40710	ejercito	2
40711	neo-chreideamh	2
40712	aicheamhail	2
40713	sgafanta	2
40714	chorrera	2
40715	deiseachadh	2
40716	àlainneachd	2
40717	h-iasadan	2
40718	atharrais	2
40719	ibarg	2
40720	gori	2
40721	fhear-riaghlaidh	2
40722	luchd-ainmichte	2
40723	monreal	2
40724	creathal	2
40725	celestino	2
40726	mutis	2
40727	turcach-iùdhach	2
40728	shalom	2
40729	b'aosda	2
40730	agis	2
40731	fallain	2
40732	thinn	2
40733	limpia	2
40734	sèisd	2
40735	pijao	2
40736	dhùrachd	2
40737	librada	2
40738	leasachair	2
40739	rìoghaire	2
40740	sheòltaire	2
40741	heactairean	2
40742	dh'àitichean	2
40743	cuibhrigeadh	2
40744	lordi	2
40745	comhlan-ciùil	2
40746	eabhraic	2
40747	hotels	2
40748	they're	2
40749	irs	2
40750	modh-sgrùdadh	2
40751	dhubh-chàineadh	2
40752	cleamhnasach	2
40753	chiomach	2
40754	chreòtachd	2
40755	hes-not-war-hero-donald-trump-mocks-john-mccains-service-n	2
40756	hillary	2
40757	scot's	2
40758	oan	2
40759	tangerine	2
40760	gabshite	2
40761	walloper	2
40762	todaidh	2
40763	h-eisimpleir	2
40764	breatuinneach	2
40765	poyntzpass	2
40766	geidse	2
40767	siubhalaich	2
40768	uaganan	2
40769	threana	2
40770	czeski	2
40771	schlesien	2
40772	dh'ath-nuadhaich	2
40773	greumaich	2
40774	ghreiseig	2
40775	aintighearnail	2
40776	pheatral	2
40777	leasaichidh	2
40778	benidorm	2
40779	ulag	2
40780	inneal-tachrais	2
40781	sinte	2
40782	tachrais	2
40783	larach	2
40784	gearrasdan	2
40785	sacsonaich	2
40786	motorway	2
40787	feadaraileas	2
40788	luchd-poileataics	2
40789	poiliteageach	2
40790	t-seanadair	2
40791	juventudes	2
40792	nua-libearalas	2
40793	recorrido	2
40794	oferta	2
40795	rothbard	2
40796	neoliberalism	2
40797	regreso	2
40798	televisi	2
40799	chaval	2
40800	peca	2
40801	nino	2
40802	riasladh	2
40803	pleànaichean	2
40804	tulio	2
40805	puerta	2
40806	tionnsgalach	2
40807	federaci	2
40808	cafeteros	2
40809	tagrachas	2
40810	co-chothrom	2
40811	constructif	2
40812	krumlov	2
40813	krum	2
40814	moldau	2
40815	meadhan-bhaile	2
40816	aoin	2
40817	ghruagach	2
40818	luachair	2
40819	bhruachan	2
40820	anza	2
40821	fhiabhras-clèibhe	2
40822	ghlaistig	2
40823	àbhachdais	2
40824	ùraisg	2
40825	geilt	2
40826	cròdha	2
40827	usp	2
40828	naomhaich	2
40829	tuadh	2
40830	lunnain	2
40831	batsford	2
40832	chirnside	2
40833	whitehall	2
40834	fhicsein-shaidheans	2
40835	frankenstein	2
40836	interesting	2
40837	fo-ghnè	2
40838	ficsein-shaidheans	2
40839	oxton	2
40840	clach-cuimhneachan	2
40841	inneal-siubhail	2
40842	oirlich	2
40843	panoramacolombia	2
40844	baricharavive	2
40845	monz	2
40846	lietuvi	2
40847	bowmont	2
40848	clovenfords	2
40849	mallon	2
40850	neach-giùlain	2
40851	chòcaire	2
40852	dhealasaich	2
40853	sgaoilteadh	2
40854	brother	2
40855	t-saile	2
40856	ghearmailte	2
40857	cota	2
40858	newstead	2
40859	stichill	2
40860	mirante	2
40861	h-aragon	2
40862	meadhananch	2
40863	septiembre	2
40864	chicamocha	2
40865	cucaita	2
40866	motavita	2
40867	sònraiche	2
40868	barabail	2
40869	tuasgladh	2
40870	oithireach	2
40871	muiscas	2
40872	leathadan	2
40873	iomhais	2
40874	destinos	2
40875	bana	2
40876	zhipa	2
40877	meicuchuca	2
40878	gowkthrapple	2
40879	phort-au-prince	2
40880	sitig	2
40881	tundama	2
40882	ranfurly	2
40883	brookfield	2
40884	taigh-dùthcha	2
40885	crosslee	2
40886	killellan	2
40887	elderslie	2
40888	h-ailbhinn	2
40889	arc-eòlaichean	2
40890	bhratan-ùrlair	2
40891	bonnyrigg	2
40892	efemeridesvenezolanas	2
40893	efemeridades	2
40894	ospinas	2
40895	viaand	2
40896	dh'aonachadh	2
40897	rafaela	2
40898	calib	2
40899	tìr-ghràdhaiche	2
40900	fo-cheannard	2
40901	pearuach	2
40902	mhaighstirean	2
40903	ceartachadh	2
40904	h-àiteachan-glèidhidh	2
40905	ro-làimhe	2
40906	gallaraidh	2
40907	yoker	2
40908	spte	2
40909	siubhlach	2
40910	chonaltraidh	2
40911	orienteteve	2
40912	bhacaidhean	2
40913	manosalva	2
40914	mensajero	2
40915	defensa	2
40916	oirceadal	2
40917	reachdadaireachd	2
40918	paulina	2
40919	beagachadh	2
40920	còmhra	2
40921	artsculturesport	2
40922	soldado	2
40923	solarachd	2
40924	septi	2
40925	inchinnan	2
40926	mano	2
40927	primeros	2
40928	nea	2
40929	langbank	2
40930	rootes	2
40931	t-imp	2
40932	bhùithtean	2
40933	uinneach	2
40934	aontas	2
40935	thropaigeach	2
40936	ricas	2
40937	madera	2
40938	fear-lagh	2
40939	càideas	2
40940	dhaniel	2
40941	neo-bhuan	2
40942	juntas	2
40943	bholivarianach	2
40944	saint-simon	2
40945	blanc	2
40946	saor-mhalairt	2
40947	mallarino-bidlack	2
40948	corzo	2
40949	mathew	2
40950	maldonado	2
40951	ideologia	2
40952	cuilbheart	2
40953	luchd-dhùbhlain	2
40954	sector	2
40955	ortograf	2
40956	castellana	2
40957	seirbheiseach	2
40958	cordovez	2
40959	faireachadh	2
40960	teags	2
40961	conducta	2
40962	presente	2
40963	sfera	2
40964	muchas	2
40965	eso	2
40966	ese	2
40967	uaidh	2
40968	suidheachach	2
40969	locastan	2
40970	swayze	2
40971	prosa	2
40972	bh'annta	2
40973	leas-cheann-suidhe	2
40974	carmona	2
40975	rosina	2
40976	moriscos	2
40977	democracia	2
40978	seannachaidh	2
40979	mulato	2
40980	gealaichte	2
40981	consigna	2
40982	espacio	2
40983	diners	2
40984	cuento	2
40985	memoria	2
40986	mhort	2
40987	mani	2
40988	eit	2
40989	manizalita	2
40990	yopo	2
40991	thùsanaich	2
40992	freewebs	2
40993	seosaiph	2
40994	tyddewi	2
40995	henfynyw	2
40996	cheredigion	2
40997	mhercia	2
40998	rubus	2
40999	idaeus	2
41000	malin	2
41001	malina	2
41002	oithrir	2
41003	macsen	2
41004	wledig	2
41005	faoin-sgeul	2
41006	chuimrich	2
41007	segontium	2
41008	peblig	2
41009	ibague	2
41010	roinnean-taghaidh	2
41011	lightblue	2
41012	ange	2
41013	dàthan	2
41014	sabhalan	2
41015	milltean	2
41016	monteiro	2
41017	ròisean	2
41018	chaparro	2
41019	mantaweb	2
41020	kubun	2
41021	fol	2
41022	fray	2
41023	pacho-cundinamarca	2
41024	ito	2
41025	kita-no-mandokoro	2
41026	hideyoshi	2
41027	theampall	2
41028	kenninji	2
41029	seilbhean	2
41030	mnathan-uaisle	2
41031	òr-bhuidhe	2
41032	bustamante	2
41033	caqueta	2
41034	mitu	2
41035	wayuu	2
41036	inir	2
41037	nevados	2
41038	astronomy	2
41039	cummanta	2
41040	zipaquira	2
41041	sèimhe	2
41042	àgh	2
41043	chivo	2
41044	anastasio	2
41045	liborina-antioquia	2
41046	ebejico-antioquia	2
41047	mallet	2
41048	geòlais	2
41049	entrerrios-antioquia	2
41050	fideal	2
41051	gàgan	2
41052	riourik	2
41053	geneanet	2
41054	caidreachasan	2
41055	deremilitari	2
41056	hapag-lloyd	2
41057	chomann-sòisealta	2
41058	estudiante	2
41059	figueredo	2
41060	quintero	2
41061	poblachdas	2
41062	schroeder	2
41063	minero	2
41064	lewski	2
41065	novi	2
41066	niglich	2
41067	sithean	2
41068	baddeck	2
41069	idcategoria	2
41070	folclor	2
41071	dill	2
41072	shobhietach	2
41073	ubaque	2
41074	bhacat	2
41075	sutagao	2
41076	pazca	2
41077	ebat	2
41078	gasta	2
41079	flathan	2
41080	bothwell	2
41081	dhùnleibh	2
41082	dh'innseadh	2
41083	cuireamaid	2
41084	dh'obrach	2
41085	gràmarach	2
41086	bhileag	2
41087	opium	2
41088	co-ionnanach	2
41089	measaidh	2
41090	cho-aoiseach	2
41091	macdhùnlèibh	2
41092	choisinneadh	2
41093	bhochda	2
41094	imperialism	2
41095	patron	2
41096	carbo	2
41097	ballaire	2
41098	sgaireag	2
41099	chuige	2
41100	gheibhteadh	2
41101	sholar	2
41102	tuirneap	2
41103	breughel	2
41104	dealbh-talmhainn	2
41105	coigeamh	2
41106	dà-theangach	2
41107	aon-chànanas	2
41108	heidschnucken	2
41109	hoher	2
41110	steinh	2
41111	fallingbostel	2
41112	ole	2
41113	baltrum	2
41114	phàirc-nàiseanta	2
41115	wadden	2
41116	norderney	2
41117	spiekeroog	2
41118	uarrainnear	2
41119	nordsee-luftbilder	2
41120	promenade	2
41121	leuchtturm	2
41122	wangerooger	2
41123	friesisch	2
41124	frìosais	2
41125	shoshoni	2
41126	dun-mharbhaidh	2
41127	margaretmackay	2
41128	shàs	2
41129	joni	2
41130	h-àiteachan-fèille	2
41131	buchmesse	2
41132	schweiz-osterzgebirge	2
41133	fìon-liosan	2
41134	bergland	2
41135	elstergebirge	2
41136	eisenberg	2
41137	merseburg	2
41138	gewandhaus	2
41139	ceuma	2
41140	philol	2
41141	sorabistik	2
41142	studium	2
41143	technik	2
41144	buill-coise	2
41145	arena	2
41146	nuadh-chreagach	2
41147	regiae	2
41148	theas-mheadhan	2
41149	historikerkommission	2
41150	erkl	2
41151	stìobaill	2
41152	klara	2
41153	unser	2
41154	starke	2
41155	clachan-gainmhich	2
41156	sgeul-bheatha	2
41157	ath-leasachair	2
41158	fhear-leasachaidh	2
41159	sheaplain	2
41160	cadder	2
41161	t-aodann	2
41162	greiseornais	2
41163	hanobharach	2
41164	bhaileadan	2
41165	minstrelsy	2
41166	piuthar-màthar	2
41167	siddh	2
41168	rtha	2
41169	gautama	2
41170	gnaeus	2
41171	licinius	2
41172	crassus	2
41173	guim	2
41174	lysozyme	2
41175	fhungas	2
41176	fastent	2
41177	headcounts	2
41178	bhreagh	2
41179	peutant	2
41180	evangelist	2
41181	teulyddog	2
41182	baile-cèile	2
41183	cardigan	2
41184	digidol	2
41185	mets	2
41186	subdiv	2
41187	chaernarfon	2
41188	dda	2
41189	peniarth	2
41190	choimhearsneachd	2
41191	lna	2
41192	sotto	2
41193	comuni	2
41194	italiani	2
41195	romero	2
41196	arichat	2
41197	thecanadianencyclopedia	2
41198	wojty	2
41199	ratzinger	2
41200	shaker	2
41201	magnum	2
41202	stafain	2
41203	a-nios	2
41204	classroom	2
41205	flodigarry	2
41206	dorking	2
41207	gable	2
41208	cadiz	2
41209	eas-ùmhlachd	2
41210	actaireachd	2
41211	elia	2
41212	diabetes	2
41213	murder	2
41214	terrence	2
41215	dustin	2
41216	redford	2
41217	argaid	2
41218	mhiami	2
41219	braun	2
41220	dhiofair	2
41221	opolskie	2
41222	finistère	2
41223	leach	2
41224	davenport	2
41225	bronson	2
41226	alen	2
41227	miosail	2
41228	clo-bhuailte	2
41229	morbihan	2
41230	gwened	2
41231	sant-brieg	2
41232	salford	2
41233	mheadhan-duitsis	2
41234	lurgann	2
41235	shank	2
41236	charaidh	2
41237	caraidh	2
41238	snàmhaidh	2
41239	asti	2
41240	chiles	2
41241	ransom	2
41242	bosley	2
41243	upi	2
41244	respond	2
41245	parant	2
41246	benayoun	2
41247	ermengarde	2
41248	elo	2
41249	bàta-slaodaidh	2
41250	mòr-longan	2
41251	libhrig	2
41252	beb	2
41253	nswid	2
41254	leadtableview	2
41255	dsfamilyid	2
41256	venue	2
41257	llansannan	2
41258	dhuibhne	2
41259	iarnrod	2
41260	àrd-làr	2
41261	sous	2
41262	milie	2
41263	dossier	2
41264	brathadair	2
41265	abaltanan	2
41266	grandet	2
41267	romansaidheachd	2
41268	bhoile	2
41269	phoileasman	2
41270	femme	2
41271	trente	2
41272	miromesnil	2
41273	guy-de-maupassant	2
41274	contes	2
41275	sàr-ùghdar	2
41276	fear-chèile	2
41277	geilleagar	2
41278	maoinichidh	2
41279	seirbhisich	2
41280	christkindlmarkt	2
41281	weihnachtsmarkt	2
41282	mhargadh	2
41283	kitchener	2
41284	christmasmarkets	2
41285	whats-on	2
41286	thogar	2
41287	reiceadairean	2
41288	uchermann	2
41289	schwibbogen	2
41290	spìosraidhean	2
41291	carsten	2
41292	ticeadan	2
41293	christkindlim	2
41294	gamla	2
41295	julmarknad	2
41296	nnchen	2
41297	l'acte	2
41298	croisset	2
41299	gustave-flaubert	2
41300	jamais	2
41301	illustre	2
41302	ophas	2
41303	dotair-lannsa	2
41304	phine	2
41305	dhòrainneach	2
41306	auteurs	2
41307	gothot-mersch	2
41308	ratures	2
41309	fìorachail	2
41310	ìoronasach	2
41311	bleideagan-sneachda	2
41312	ailpeach	2
41313	sgrathan	2
41314	tòchair	2
41315	fortlet	2
41316	rough	2
41317	fulbright	2
41318	nieman	2
41319	neo-phrothaid	2
41320	fear-labhairt	2
41321	megrahi	2
41322	thèarainteachd	2
41323	beyle	2
41324	chrìonaich	2
41325	beothail	2
41326	winckelmann	2
41327	ghearmailtiche	2
41328	bìte	2
41329	annas-làimh	2
41330	mèinneadairean	2
41331	chevalier	2
41332	barre	2
41333	lettres	2
41334	bhastille	2
41335	cibernous	2
41336	telet	2
41337	munger	2
41338	astoft	2
41339	shaoghalta	2
41340	robertexto	2
41341	t-soillearachaidh	2
41342	nòtair	2
41343	louis-le-grand	2
41344	dhaoire	2
41345	rhine-westphalia	2
41346	hasselt	2
41347	culation	2
41348	brabhsair-lìn	2
41349	chrome	2
41350	pacaid	2
41351	dearbhair-litreachaidh	2
41352	zingiber	2
41353	officinale	2
41354	dh'ainmean	2
41355	dinnseir	2
41356	sija	2
41357	prusy	2
41358	autre-region	2
41359	globalsecurity	2
41360	prussia	2
41361	atlases	2
41362	francia	2
41363	masala	2
41364	cardamomum	2
41365	aromaticum	2
41366	ayurveda	2
41367	nuremberg	2
41368	germanfoods	2
41369	consumer	2
41370	erbe	2
41371	spìosraidh	2
41372	honigkuchen	2
41373	tradaiseanan	2
41374	potais	2
41375	crops	2
41376	greek-english	2
41377	salsa	2
41378	chuairt-loidhne	2
41379	fhoirmle	2
41380	washoe	2
41381	lochiel	2
41382	crucahis	2
41383	acci	2
41384	feadarailich	2
41385	fhear-dheasachaidh	2
41386	daoire	2
41387	aon-mhargadh	2
41388	falconer	2
41389	làmhachas	2
41390	lailustr	2
41391	monograf	2
41392	wsu	2
41393	brians	2
41394	hum	2
41395	bùirdeasaich	2
41396	divers	2
41397	genf	2
41398	ginevra	2
41399	mathas	2
41400	longa	2
41401	cròch	2
41402	lugdunensis	2
41403	rincondelvago	2
41404	vago	2
41405	boga	2
41406	celeb	2
41407	backsteingotik	2
41408	shèimheachadh	2
41409	lìomhachadh	2
41410	spìorantadh	2
41411	stadan	2
41412	guthachadh	2
41413	stifter	2
41414	sengo	2
41415	sardische	2
41416	baca	2
41417	domu	2
41418	gupu	2
41419	upu	2
41420	shimplidh	2
41421	tidskrift	2
41422	limba	2
41423	sardu	2
41424	mheadannach	2
41425	sardegna	2
41426	gemeinsame	2
41427	werden	2
41428	glèidhteach	2
41429	fre	2
41430	strachey	2
41431	tìodhlacan	2
41432	libroos	2
41433	climat	2
41434	critic	2
41435	sassari	2
41436	oristano	2
41437	olbia-tempio	2
41438	ogliastra	2
41439	carbonia-iglesias	2
41440	campidano	2
41441	tirso	2
41442	shardainia	2
41443	cleves	2
41444	shanto	2
41445	eadar-theangachair	2
41446	eteniai	2
41447	herta	2
41448	llosa	2
41449	togaibh	2
41450	norrie	2
41451	maciver	2
41452	millowitsch	2
41453	càrnabhail	2
41454	savings	2
41455	joot	2
41456	sehr	2
41457	loss	2
41458	drink	2
41459	doch	2
41460	reusanaichean	2
41461	ionad-sgaoilidh	2
41462	census-recensement	2
41463	searchpr	2
41464	phisa	2
41465	lubin	2
41466	standocuments	2
41467	doiminiceach	2
41468	aislingeach	2
41469	pongalachd	2
41470	saalbahn	2
41471	seite	2
41472	bombercommand	2
41473	programmer	2
41474	nestl	2
41475	machtkampf	2
41476	graefe	2
41477	bombay	2
41478	beangal	2
41479	lucerna	2
41480	rke	2
41481	hamr	2
41482	allghar	2
41483	cjtimis	2
41484	nitchidorf	2
41485	fheuchadh	2
41486	befallningshavandes-femarsberattelser-h-norrbottens-lan	2
41487	kommunindelning	2
41488	draking	2
41489	sharajevo	2
41490	yoroba	2
41491	ogun	2
41492	unaab	2
41493	dhùthchasail	2
41494	sliabhach	2
41495	eòrpaiche	2
41496	shankt	2
41497	bhesan	2
41498	statistiques-locales	2
41499	fiches	2
41500	dep	2
41501	beaux	2
41502	actulocale	2
41503	donnees-detaillees	2
41504	duicq	2
41505	saltzbrunn	2
41506	bhana-iarla	2
41507	geneology	2
41508	jelenia	2
41509	karkonosze	2
41510	jagniatkow	2
41511	dùchasail	2
41512	infobase	2
41513	spreadsheets	2
41514	ortobene	2
41515	sicilianais	2
41516	lalouette	2
41517	l'anticl	2
41518	ricalisme	2
41519	religieuse	2
41520	sauk	2
41521	shaint	2
41522	mhissouri	2
41523	louisianapurchase	2
41524	stlrcga	2
41525	myrtle	2
41526	bridgehunter	2
41527	thallahassee	2
41528	seville	2
41529	spal	2
41530	ishbiliya	2
41531	lapesa	2
41532	ulla	2
41533	jaxi	2
41534	pcaxis	2
41535	tinto	2
41536	alp	2
41537	nagold	2
41538	schie	2
41539	hur	2
41540	ustinov	2
41541	marvin	2
41542	nsi-suomen	2
41543	pirkanmaa	2
41544	staitisteagach	2
41545	jean-claude	2
41546	micky	2
41547	mayer	2
41548	militaire	2
41549	campagne	2
41550	fondation	2
41551	beauharnais	2
41552	lèbres	2
41553	trioblaideach	2
41554	pharma	2
41555	j'ai	2
41556	armailtean	2
41557	chronologie	2
41558	lemonde	2
41559	hackman	2
41560	airplane	2
41561	campione	2
41562	hosni	2
41563	mubarak	2
41564	anwar	2
41565	sadat	2
41566	liobhann	2
41567	chomhann	2
41568	oyster	2
41569	puccini	2
41570	alden	2
41571	wapakoneta	2
41572	klushino	2
41573	novosyolovo	2
41574	coolmenus	2
41575	kgb-held-ground-staff-to-blame-for-gagarins-death	2
41576	lumphinnans	2
41577	exploration	2
41578	stamps	2
41579	avesta	2
41580	planetware	2
41581	mapcarta	2
41582	portu	2
41583	gdynia	2
41584	gamelan	2
41585	sopot	2
41586	grod	2
41587	kultura	2
41588	teutonach	2
41589	prùis-an-ear	2
41590	ndsu	2
41591	unterrichtsmedien	2
41592	stanislas	2
41593	lefebvre	2
41594	dùic	2
41595	historyofwar	2
41596	rapp	2
41597	showrev	2
41598	westerplatte	2
41599	uczen	2
41600	strona	2
41601	ponude	2
41602	regiony	2
41603	dhealbhan-cluiche	2
41604	hathaway	2
41605	chandos	2
41606	egerton	2
41607	uachdaranan	2
41608	deugair	2
41609	sensibility	2
41610	persuasion	2
41611	novels	2
41612	lèirmheasan	2
41613	memoir	2
41614	batzar	2
41615	guip	2
41616	zcoa	2
41617	laua	2
41618	llana	2
41619	shaoirse	2
41620	fuero	2
41621	uachdranachd	2
41622	maule	2
41623	coquimbo	2
41624	fishcamp	2
41625	ortsnamen	2
41626	helgasj	2
41627	ortnamn	2
41628	linnaeus-university	2
41629	gentleman	2
41630	àireamhan-sluaigh	2
41631	mojgorod	2
41632	minffordd	2
41633	tinais	2
41634	monnier	2
41635	nègre	2
41636	droz	2
41637	layer	2
41638	encyclopediaofukraine	2
41639	linkpath	2
41640	bhulgàiria	2
41641	ruse	2
41642	varna	2
41643	shofia	2
41644	strongest	2
41645	halfsquare	2
41646	shetler	2
41647	tradition	2
41648	ttingur	2
41649	kull	2
41650	mazowieckie	2
41651	wek	2
41652	placedetail	2
41653	cruacha	2
41654	mhanannais	2
41655	t-ur-dhubhadh	2
41656	dteanga	2
41657	teangannan	2
41658	casgaidh	2
41659	chonsan	2
41660	d'aran	2
41661	kalmarind	2
41662	agave	2
41663	grande-terre	2
41664	coupry	2
41665	leurs	2
41666	ika	2
41667	wielkopolskie	2
41668	caroni	2
41669	mytobago	2
41670	kaliningrad	2
41671	kedainiai	2
41672	arwothel	2
41673	cornish-place-names	2
41674	wikidot	2
41675	the-villages-and-towns-of-cornwall	2
41676	translated-into-the-cornish-language	2
41677	chònais	2
41678	phensans	2
41679	tewyn	2
41680	pairtean	2
41681	òru	2
41682	bailetean	2
41683	unicatt	2
41684	rureifel	2
41685	erleben	2
41686	glyme	2
41687	regions-of-japan	2
41688	yokahama	2
41689	medicina	2
41690	biob	2
41691	araucano	2
41692	akerlarre	2
41693	seann-chreideamh	2
41694	ake	2
41695	txertoa	2
41696	aker	2
41697	larre	2
41698	aherbelste	2
41699	antiques	2
41700	etimologias	2
41701	vascas	2
41702	michelena	2
41703	akelarre	2
41704	gico	2
41705	universitaria	2
41706	siyanbola	2
41707	batharnach	2
41708	choincheap	2
41709	mapilandia	2
41710	bundesland	2
41711	tyros	2
41712	luchd-in-imrich	2
41713	melqart	2
41714	adhardh	2
41715	antig	2
41716	malague	2
41717	muro	2
41718	elpepicul	2
41719	bah	2
41720	agadir	2
41721	rutas	2
41722	anda	2
41723	oilleir	2
41724	aestuaria	2
41725	olba	2
41726	gaelbah	2
41727	welba	2
41728	alme	2
41729	oceans	2
41730	superstock	2
41731	al-mari	2
41732	que-quieres	2
41733	ciudades-pueblos	2
41734	otros-destinos	2
41735	almeria	2
41736	cajalmer	2
41737	ramirez	2
41738	qart-tuba	2
41739	rhydian	2
41740	igeo	2
41741	lomography	2
41742	glèidheachas	2
41743	eco	2
41744	decreto	2
41745	daco	2
41746	prionnsachd	2
41747	ietb	2
41748	ndice	2
41749	ginas	2
41750	ghasteiz	2
41751	gerona	2
41752	undarios	2
41753	posibles-origenes-de-girona	2
41754	de-kerunta-a-gerunda-los-origenes-de-la-ciudad	2
41755	origens	2
41756	palahi	2
41757	nolla	2
41758	vivo	2
41759	francol	2
41760	tarraho	2
41761	bhìobal	2
41762	taharqa	2
41763	tuscan	2
41764	orvietani	2
41765	busch	2
41766	tarqon	2
41767	arce	2
41768	potens	2
41769	auson	2
41770	urb	2
41771	ilti	2
41772	laaridah	2
41773	leyda	2
41774	palatalizatci	2
41775	palatalachadh	2
41776	gramàtica	2
41777	històrica	2
41778	borja	2
41779	casesnoves	2
41780	bib	2
41781	cervantesvirtual	2
41782	gàilisis	2
41783	orense	2
41784	auriense	2
41785	urente	2
41786	warmsee	2
41787	caduceus	2
41788	coloniam	2
41789	acrunia	2
41790	tèoiridh	2
41791	cluniam	2
41792	ceiltis-ibearais	2
41793	extremambiente	2
41794	guadiloba	2
41795	castris	2
41796	co'dhàimheil	2
41797	caesaria	2
41798	norbensis	2
41799	caesarina	2
41800	cazires	2
41801	apontevella	2
41802	veteram	2
41803	petram	2
41804	colindavies	2
41805	p-origins	2
41806	fearalas	2
41807	uah	2
41808	organizations	2
41809	livy	2
41810	aburbe	2
41811	vip	2
41812	llotja	2
41813	edetanorum	2
41814	lentia	2
41815	astin	2
41816	balansiyya	2
41817	lasprovincias	2
41818	edad-balansiya	2
41819	at-turab	2
41820	cartagach	2
41821	dh'atharrach	2
41822	lucentum	2
41823	laqant	2
41824	azuar	2
41825	d'alacant	2
41826	arga	2
41827	generalitat	2
41828	nafarroako	2
41829	foral	2
41830	naba	2
41831	euskomedia	2
41832	pirineo	2
41833	curiosidades	2
41834	galiza	2
41835	skyscanner	2
41836	galic	2
41837	enparantza	2
41838	bunachadh	2
41839	asturianais	2
41840	aeropuerto	2
41841	stour	2
41842	benjamins	2
41843	ntabros	2
41844	laverdad	2
41845	murciaparaprincipiantes	2
41846	murcia-tierra-mirtos	2
41847	miortal	2
41848	discursos	2
41849	cascales	2
41850	myrtea	2
41851	murtea	2
41852	plinius	2
41853	kas'ti	2
41854	mant	2
41855	leonais	2
41856	deilbhearan	2
41857	bronze	2
41858	segle	2
41859	insecula	2
41860	stròdhail	2
41861	misneachadh	2
41862	dumfries-and-galloway	2
41863	drùis-mhiannach	2
41864	h-ìomhaighean	2
41865	exporevue	2
41866	coloma	2
41867	queralt	2
41868	obrador	2
41869	edèndum	2
41870	beuret	2
41871	soumaya	2
41872	mcu	2
41873	deilbhear	2
41874	fhathannan	2
41875	matisse	2
41876	venues	2
41877	cluden	2
41878	keswick	2
41879	epstein	2
41880	baptist	2
41881	dempster	2
41882	mainstream	2
41883	inndis	2
41884	socialism	2
41885	bogagan	2
41886	taighean-strìopachais	2
41887	dèirc	2
41888	teatro	2
41889	liceu	2
41890	beairtich	2
41891	spùinneadairean-cloinne	2
41892	frithealaidhean	2
41893	mhòrain	2
41894	h-ìobairteach	2
41895	ribot	2
41896	casaide	2
41897	dh'fhlat	2
41898	feumainn	2
41899	for-uinneag	2
41900	aithrise	2
41901	fhlait	2
41902	shalach	2
41903	tallers	2
41904	picalqu	2
41905	riaghailtearachd	2
41906	ceannsaich	2
41907	h-iarrtasan	2
41908	breitheanas	2
41909	dòrnan	2
41910	cementerio	2
41911	cheistich	2
41912	mhàil	2
41913	corp-eòlais	2
41914	deasachaidhean	2
41915	shuidheachaidh	2
41916	chomannaich	2
41917	chlaoidhte	2
41918	èigneachaidh	2
41919	iagnostic	2
41920	tatistical	2
41921	anual	2
41922	disorders	2
41923	bhreithneachaidh	2
41924	millidh	2
41925	leantala	2
41926	dhìomhaire	2
41927	reusanachadh	2
41928	mhì-rian	2
41929	mì-ghnàthach	2
41930	dlitt	2
41931	fba	2
41932	tìneag	2
41933	learaig	2
41934	motair	2
41935	inverleith	2
41936	calachan	2
41937	bhàillidhean	2
41938	inverbervie	2
41939	kinghorn	2
41940	lochgelly	2
41941	taxus	2
41942	h-aois	2
41943	salvador-allende	2
41944	asainn	2
41945	feartan-tìre	2
41946	claonaite	2
41947	darkanddeep	2
41948	dh'asaint	2
41949	ardnacarin	2
41950	raffin	2
41951	achmelvich	2
41952	charabhanaichean	2
41953	ghainmheil	2
41954	poverty	2
41955	chùlaig	2
41956	stoneware	2
41957	balchladich	2
41958	lìontan	2
41959	bhàtaichean-iasgaich	2
41960	oldany	2
41961	clashmore	2
41962	àrd-chomharradh	2
41963	eitean	2
41964	nec	2
41965	neach-fialaidheachd	2
41966	billionaires	2
41967	gatesfoundation	2
41968	berners-lee	2
41969	stercorarius	2
41970	knuth	2
41971	algairmean	2
41972	cruth-clò	2
41973	matto	2
41974	quemada	2
41975	supremo	2
41976	trueno	2
41977	hojas	2
41978	pies	2
41979	antolog	2
41980	poes	2
41981	quilombo	2
41982	detr	2
41983	bronxville	2
41984	keill	2
41985	inventing	2
41986	grew	2
41987	bathair-buig	2
41988	mathison	2
41989	thuring	2
41990	chiontaich	2
41991	uchdan	2
41992	logh	2
41993	babel	2
41994	dainmhairgis	2
41995	landsm	2
41996	chainntean	2
41997	riksm	2
41998	censal	2
41999	guaira	2
42000	educar	2
42001	fnac	2
42002	wurtzel	2
42003	seach-àraidh	2
42004	somos	2
42005	mujer	2
42006	futura	2
42007	goirrid	2
42008	voces	2
42009	desde	2
42010	h-ifrinn	2
42011	intervi	2
42012	agartas	2
42013	airtigil	2
42014	psicocentro	2
42015	cita	2
42016	castello	2
42017	dheasachaidh	2
42018	responsibilit	2
42019	larouchepub	2
42020	rouche	2
42021	b'fhèarr	2
42022	berclo	2
42023	payer	2
42024	bolivien	2
42025	bermeoko	2
42026	nestor	2
42027	xixili	2
42028	eufemia	2
42029	aritzatxu	2
42030	textocontexto	2
42031	coronel	2
42032	magi	2
42033	belrai	2
42034	upy	2
42035	guairà	2
42036	dlùths-sluaigh	2
42037	chumadair-ciùil	2
42038	ballade	2
42039	waltz	2
42040	materias	2
42041	triplealianza	2
42042	frente	2
42043	iasadan	2
42044	ingv	2
42045	sheannair	2
42046	lita	2
42047	sologenealogia	2
42048	getperson	2
42049	ebd	2
42050	bbe	2
42051	firma	2
42052	rena	2
42053	alexandre	2
42054	laberinto	2
42055	h-ioslaim	2
42056	arabe	2
42057	spanishpronto	2
42058	t-isean	2
42059	aimeirigeach	2
42060	riaghltas	2
42061	examination	2
42062	mì-chòrdaidhean	2
42063	h-uarach	2
42064	cabeza	2
42065	eosnap	2
42066	lilla	2
42067	ear-tuath	2
42068	blaise	2
42069	marne	2
42070	yvonne	2
42071	ruisianich	2
42072	vers	2
42073	l'appel	2
42074	cauchy-à-la-tour	2
42075	foch	2
42076	fosadh	2
42077	lùghdaicheadh	2
42078	sluagh-ghairmean	2
42079	regiment	2
42080	cataluna	2
42081	portoferraio	2
42082	nell'elba	2
42083	marciana	2
42084	capanne	2
42085	cavoli	2
42086	steigerwald	2
42087	glas-lus	2
42088	aimeireaganaich	2
42089	iiasa	2
42090	dzielnice	2
42091	lublina	2
42092	przed	2
42093	zamek-lublin	2
42094	zamek	2
42095	rutheni	2
42096	mùran	2
42097	klonowic	2
42098	staropolska	2
42099	lubelski	2
42100	socinian	2
42101	vie-juive-shoah	2
42102	e-monsite	2
42103	la-ville-de-lublin	2
42104	juive	2
42105	geschichten	2
42106	rosh	2
42107	kovel	2
42108	popkowice	2
42109	samoloty	2
42110	teatr	2
42111	yizkor	2
42112	kirkuty-lublin	2
42113	historia-zydow-lubelskich	2
42114	dhaibhse	2
42115	widnik	2
42116	polskieradio	2
42117	artykul	2
42118	rok-wszystko-zaczelo-sie-w-swidniku	2
42119	biurocrasaidh	2
42120	momentum	2
42121	mittelalter	2
42122	uni-magdeburg	2
42123	welfen	2
42124	britain's	2
42125	hastenbeck	2
42126	isnb	2
42127	stadtsingechor	2
42128	theòclaid	2
42129	halloren	2
42130	leuna	2
42131	duanagan	2
42132	nuor	2
42133	mittelfranken	2
42134	politische	2
42135	soziale	2
42136	taighean-cùirte	2
42137	phrionnsaichean	2
42138	landshut	2
42139	merseidh	2
42140	wallasey	2
42141	ruabon	2
42142	vermayza	2
42143	nero	2
42144	gunther	2
42145	omnibiography	2
42146	nibelungenmuseum	2
42147	friedhelm	2
42148	rgensmeier	2
42149	merzeit	2
42150	aufl	2
42151	sung	2
42152	echter	2
42153	eichfelder	2
42154	salier	2
42155	fortifications	2
42156	wwii	2
42157	sgamboti	2
42158	cogaidh-croise	2
42159	rashi	2
42160	elazar	2
42161	leabhair's	2
42162	vit	2
42163	gearra	2
42164	bhailteas	2
42165	knol	2
42166	quisling	2
42167	giblein	2
42168	oneworld	2
42169	afrique	2
42170	naciones	2
42171	online-literature	2
42172	bhildungsroman	2
42173	bhuinne	2
42174	europaeus	2
42175	lieux	2
42176	minyar	2
42177	faz	2
42178	isengzone	2
42179	al-islam	2
42180	mutassim	2
42181	al-arab	2
42182	world-africa	2
42183	coop	2
42184	onthisday	2
42185	directe	2
42186	mathaba	2
42187	piie	2
42188	sanctions	2
42189	cheannaircich	2
42190	italia-libia-scheda	2
42191	wheelus	2
42192	dafina	2
42193	amin	2
42194	oueddei	2
42195	habr	2
42196	frid	2
42197	exxon	2
42198	us-libya	2
42199	voy	2
42200	clarin	2
42201	talet	2
42202	cheiltigh	2
42203	uni-due	2
42204	rogaland	2
42205	forening	2
42206	elmar	2
42207	chorpas	2
42208	kilmuir	2
42209	ollaimh	2
42210	a-cholaiste	2
42211	moshchena	2
42212	tadhalach	2
42213	tullius	2
42214	siostaman-obrach	2
42215	scotlandspeople	2
42216	ceadan	2
42217	taighean-ghnìomhachais	2
42218	generalplan	2
42219	posnania	2
42220	histmag	2
42221	poznania	2
42222	episcopus	2
42223	fundacja	2
42224	klasztoru	2
42225	dominikanow	2
42226	poznaniu	2
42227	skarb	2
42228	ostr	2
42229	narodu	2
42230	amu	2
42231	festung	2
42232	leandoer	2
42233	kiekrz	2
42234	jezioro	2
42235	lowisko	2
42236	bogdanka	2
42237	zielonaprzystan	2
42238	piotr	2
42239	torun	2
42240	pogodynka	2
42241	zalew	2
42242	lany	2
42243	urz	2
42244	statystyczny	2
42245	ermeland	2
42246	manachd	2
42247	braniewo	2
42248	mhisneachadh	2
42249	tàireil	2
42250	zamki	2
42251	weitwanderwege-beschreibungen	2
42252	objekt	2
42253	miasto	2
42254	osx	2
42255	lùth-chleasan	2
42256	tailteann	2
42257	tìr-ghabhail	2
42258	lùth-chleasaichean	2
42259	contemporary	2
42260	commissioners	2
42261	institutes	2
42262	hoganstand	2
42263	friedrich-wilhelms-universit	2
42264	shult	2
42265	apache	2
42266	sguireadh	2
42267	bromberg	2
42268	wielkiego	2
42269	latinus	2
42270	staryszczecin	2
42271	cba	2
42272	szczecina	2
42273	stary	2
42274	spangshus	2
42275	turist	2
42276	spanghus	2
42277	umbc	2
42278	gopoland	2
42279	wheretogo	2
42280	ostsee-urlaub-polen	2
42281	stettin-szczecin	2
42282	geschichte-ueberblick	2
42283	nordsee	2
42284	urlaub	2
42285	evenement	2
42286	kattowitz	2
42287	friko	2
42288	silesianaich	2
42289	wydawca	2
42290	swaf	2
42291	vratislavia	2
42292	wroclaw	2
42293	awski	2
42294	regents	2
42295	aix-la-chapelle	2
42296	imt	2
42297	wca	2
42298	liosan	2
42299	dolnyslask	2
42300	d'oliveira	2
42301	cricinfo	2
42302	kei	2
42303	boleslawchr	2
42304	przemys	2
42305	poczet	2
42306	rzeczpospolita	2
42307	lenkijos	2
42308	herausgegeben	2
42309	lingvozone	2
42310	bolton	2
42311	jahrbuch	2
42312	landesamt	2
42313	sandre	2
42314	courdo	2
42315	kil	2
42316	beulaich	2
42317	uni-kiel	2
42318	schweriner	2
42319	mvnet	2
42320	statmv	2
42321	e-bibointerth	2
42322	haushalte	2
42323	familien	2
42324	flaeche	2
42325	a-i	2
42326	hnel	2
42327	vereins	2
42328	gem	2
42329	warnow	2
42330	travelinos	2
42331	kelman	2
42332	dealbhan-chluiche	2
42333	chopped	2
42334	playhouse	2
42335	dreaming	2
42336	mòrgan	2
42337	edwin-morgan	2
42338	reflections	2
42339	idlewild	2
42340	dhuanaire	2
42341	thaisbeanaich	2
42342	karine	2
42343	polwart	2
42344	heighnigh	2
42345	là-breith	2
42346	carole	2
42347	tìodhlac	2
42348	passage	2
42349	starlings	2
42350	trì-chànanach	2
42351	playwrights	2
42352	tìoradh	2
42353	bhàrdainn	2
42354	grioglachan	2
42355	marit	2
42356	mique	2
42357	orbilat	2
42358	thicino	2
42359	cliotexte	2
42360	fribwa	2
42361	frib	2
42362	friburgo	2
42363	friborgo	2
42364	swisscommunity	2
42365	fhribourg	2
42366	neuenburg	2
42367	zugo	2
42368	zoug	2
42369	grischun	2
42370	graub	2
42371	nden	2
42372	baselinfo	2
42373	factsfigures	2
42374	offer-baselinfobt-factsfigures	2
42375	sciaffusa	2
42376	schaffusa	2
42377	stadtarchiv	2
42378	gagl	2
42379	glarona	2
42380	glaruna	2
42381	glaris	2
42382	svitto	2
42383	sviz	2
42384	foedus	2
42385	pactum	2
42386	soletta	2
42387	soleure	2
42388	soloturn	2
42389	ikuska	2
42390	ausserrhoden	2
42391	innerrhoden	2
42392	rieur	2
42393	wycliffe	2
42394	pròsdanaich	2
42395	beatipetricanisi	2
42396	cani	2
42397	sedes	2
42398	judaismo	2
42399	ròmach	2
42400	brahma	2
42401	shruti	2
42402	rences	2
42403	cahiers	2
42404	mleccha	2
42405	svizzera	2
42406	plessur	2
42407	chaz	2
42408	gafcon	2
42409	sino-platonic	2
42410	ghràbhaladh	2
42411	vicus	2
42412	llin	2
42413	literaturen	2
42414	sacrum	2
42415	romanum	2
42416	imperium	2
42417	ow	2
42418	meilc	2
42419	resigns	2
42420	tarnobrzeg	2
42421	aue	2
42422	raon-tuile	2
42423	eifel	2
42424	sequenz	2
42425	tabelleergebnis	2
42426	selectionname	2
42427	lkerung	2
42428	bewegung	2
42429	tiberius	2
42430	neuss	2
42431	rgermeisterwahl	2
42432	campesino	2
42433	meuse	2
42434	rotter-dam	2
42435	konovalets	2
42436	trieste	2
42437	casg-gineamhainn	2
42438	mèar	2
42439	swabianais	2
42440	fhraingeach	2
42441	rekordsommer	2
42442	niwica	2
42443	nachdruck	2
42444	bourg	2
42445	inverkeithing	2
42446	arpentan	2
42447	ssisch	2
42448	cladhairean	2
42449	miracle	2
42450	kundera	2
42451	lobhagan	2
42452	shaideal	2
42453	t-sàil	2
42454	szolnok	2
42455	bhudapest	2
42456	hortob	2
42457	gyi	2
42458	lmu	2
42459	menin	2
42460	pears	2
42461	bourges	2
42462	persee	2
42463	rockford	2
42464	kaufunger	2
42465	koppar	2
42466	torternami	2
42467	kopparbergs	2
42468	uppland	2
42469	salla	2
42470	infante	2
42471	mackmyra	2
42472	deargan-fraoich	2
42473	chudrom	2
42474	zup	2
42475	dictadura	2
42476	achaney	2
42477	tmve	2
42478	bhuchach	2
42479	chnas	2
42480	ruaigeadh	2
42481	àite-san	2
42482	rat	2
42483	catailiseach	2
42484	phanev	2
42485	lem	2
42486	siabost	2
42487	bhreàgha	2
42488	choimearsnachd	2
42489	accion	2
42490	busquedarapida	2
42491	subaccion	2
42492	numpag	2
42493	ordenanios	2
42494	asc	2
42495	nombrepoblacion	2
42496	botonbusquedarapida	2
42497	helmantike	2
42498	geaslanachd	2
42499	salmatica	2
42500	salmantica	2
42501	moyas	2
42502	grepheus	2
42503	hermandica	2
42504	pallars	2
42505	tertuliaarqueologica	2
42506	arqueol	2
42507	briathrachain	2
42508	registers	2
42509	theagasc	2
42510	ainminnin	2
42511	loidhne-ama	2
42512	ceannaichean-seilbhe	2
42513	ucb	2
42514	marie-joseph	2
42515	motier	2
42516	bharabhais	2
42517	barvas	2
42518	taigh-dubh	2
42519	ath-chleachdadh	2
42520	phalm	2
42521	mid-minch	2
42522	abdn	2
42523	pfrlsu	2
42524	dialectal	2
42525	rèidheachadh	2
42526	nance	2
42527	sgoileireil	2
42528	newsletter	2
42529	thàrmaich	2
42530	mheatairean	2
42531	co-fhaireachadh	2
42532	neach-coimhid	2
42533	sylvanus	2
42534	crùbagan	2
42535	ivytech	2
42536	fells	2
42537	t-seacoslobhaigia	2
42538	for-ghlacadh	2
42539	fo-phlotaichean	2
42540	heller	2
42541	cruaidh-chràbhach	2
42542	aonaranaich	2
42543	timbers	2
42544	macfhionghuin	2
42545	faoisidean	2
42546	copperfield	2
42547	h-uicipeid	2
42548	toinisg	2
42549	mtsu	2
42550	lakewood	2
42551	euclid	2
42552	career	2
42553	merely	2
42554	vocabulary	2
42555	nolan	2
42556	marea	2
42557	neagr	2
42558	phrìobhaideachd	2
42559	pirateparty	2
42560	launches	2
42561	elected	2
42562	chinn-tìre	2
42563	q-ceilteach	2
42564	leapontais	2
42565	beilg	2
42566	sìth-mhaor	2
42567	gearraidhean-arm	2
42568	merrick	2
42569	aotram	2
42570	greimeachadh	2
42571	innovation	2
42572	ieee	2
42573	plasma	2
42574	calvert	2
42575	litir-gu-fuaim	2
42576	hitis	2
42577	phrigis	2
42578	ath-threòrachadh	2
42579	loma	2
42580	suharto	2
42581	vladimirovich	2
42582	norn	2
42583	lìoge	2
42584	drochaid-choise	2
42585	bhiet-namais	2
42586	thi	2
42587	seon	2
42588	t-sìonais	2
42589	macbheathain	2
42590	ceantar	2
42591	co-cheanglaichean	2
42592	diagnostic	2
42593	neo-sheasmhachd	2
42594	tocaidhean	2
42595	fèin-mharbhach	2
42596	làimhsichte	2
42597	chuspair-deuchainn	2
42598	mì-ghnàthachadh	2
42599	mì-iomchaidh	2
42600	heal	2
42601	greenslade	2
42602	druman	2
42603	taomaidh	2
42604	fheumainn	2
42605	chamb	2
42606	levasseur	2
42607	t-soisgeul	2
42608	disciple	2
42609	picardie	2
42610	weedon	2
42611	boogie	2
42612	doll	2
42613	leabhar-teagaisg	2
42614	sweeting	2
42615	musician	2
42616	aoghair	2
42617	dorothea	2
42618	cronachaidh	2
42619	sarkozy	2
42620	giulia	2
42621	gigrin	2
42622	kite	2
42623	glaine	2
42624	shimplichte	2
42625	macron	2
42626	ascaoin	2
42627	seulan	2
42628	dh'iomradh	2
42629	àrd-òraidiche	2
42630	jean-yves	2
42631	rennes	2
42632	stòthach	2
42633	meòrachaidhean	2
42634	manuscripts	2
42635	bhrown	2
42636	dortmund	2
42637	sivan	2
42638	keay	2
42639	mathisen	2
42640	talbert	2
42641	hlfeldt	2
42642	rico-art	2
42643	ayto	2
42644	prairie	2
42645	gomez	2
42646	demi	2
42647	dhualchasan	2
42648	h-achdan	2
42649	chili	2
42650	hayao	2
42651	miyazaki	2
42652	robespierre	2
42653	muileann-sàbhaidh	2
42654	duhamel	2
42655	lautner	2
42656	pangram	2
42657	nech	2
42658	strìthe	2
42659	expectations	2
42660	secure	2
42661	enduring	2
42662	belief	2
42663	clanship	2
42664	disappeared	2
42665	sterreichischen	2
42666	austrian	2
42667	comparea	2
42668	ngeal	2
42669	theist	2
42670	eileana	2
42671	litearrachd	2
42672	gàrraidhean-shoithichean	2
42673	shipbuilders	2
42674	joani	2
42675	rata	2
42676	mhurchais	2
42677	comunista	2
42678	laopinioncoruna	2
42679	dolores-ibarruri-politica-revolucionaria-racial	2
42680	residents	2
42681	cosmonaut	2
42682	tromaidh	2
42683	chreich	2
42684	oide-ionnsachaidh	2
42685	bàrdach	2
42686	ruthven	2
42687	stewart's	2
42688	neach-chleachdaidh	2
42689	gladstonefamily	2
42690	velsen	2
42691	lkerungszahlen	2
42692	oaxaca	2
42693	magis	2
42694	lallana	2
42695	musicodromo	2
42696	indie	2
42697	atrice	2
42698	spùinneadair	2
42699	thiollet	2
42700	cheannachadh	2
42701	nyenrode	2
42702	opinie	2
42703	nieuws	2
42704	kerk	2
42705	dagblat	2
42706	moireastan	2
42707	glenmoriston	2
42708	drumnadrochit	2
42709	glenurquhart	2
42710	uz	2
42711	shimphnidh	2
42712	contemplator	2
42713	chearbhall	2
42714	planxty	2
42715	vervain	2
42716	yeoman	2
42717	mhial-theanga	2
42718	crustacea	2
42719	lutjanus	2
42720	parasitic	2
42721	isopod	2
42722	brasileira	2
42723	tongue-eating	2
42724	supermarket	2
42725	snapper	2
42726	tionndaidhidh	2
42727	gàidheileamailtich	2
42728	deutsch-g	2
42729	enjoys	2
42730	chuibhreann	2
42731	sgoil-chiùil	2
42732	dhalabrog	2
42733	oilean	2
42734	freumhaichte	2
42735	ri'n	2
42736	ceisteacharan	2
42737	xxxix-red-hugh-odonnell	2
42738	nalanda	2
42739	bhu	2
42740	dheugaire	2
42741	refnav	2
42742	illeach	2
42743	hughoneillearloftyrone	2
42744	maitias	2
42745	dhìolain	2
42746	proclamation	2
42747	luineach	2
42748	dheasmhumhain	2
42749	comasaiche	2
42750	saighdearan-duais	2
42751	al-an	2
42752	tha-bu	2
42753	fead	2
42754	gairm-fhollaiseach	2
42755	buidheachas	2
42756	guila	2
42757	fhàilte	2
42758	nal	2
42759	feudar	2
42760	lischen	2
42761	balintore	2
42762	loughs-agency	2
42763	loughs	2
42764	nicfhionghain	2
42765	macillìosa	2
42766	ceumnachadh-an-t-sabhail	2
42767	butt-to-barra-district-news	2
42768	hebrides-news	2
42769	doe	2
42770	tuairmeas	2
42771	h-amasan	2
42772	prospect	2
42773	shealgair	2
42774	fling	2
42775	tolitum	2
42776	ceilteach-ibearais	2
42777	olivetum	2
42778	vallisoletum	2
42779	balad	2
42780	al-wal	2
42781	walid	2
42782	ashgate	2
42783	portada	2
42784	beecher	2
42785	caisg	2
42786	nik	2
42787	phàtrain	2
42788	thomhas-lìonaidh	2
42789	tunailean	2
42790	chaimbeulach	2
42791	magnusa	2
42792	rudhraighe	2
42793	fàbhar	2
42794	hiram	2
42795	cliamhainn	2
42796	suingean	2
42797	chloich-ghràin	2
42798	gràine	2
42799	èiteag	2
42800	feldspar	2
42801	sasanaich	2
42802	flightoftheearls	2
42803	thìr-mhòir	2
42804	ceanglaidh	2
42805	scoilacla	2
42806	t-ad	2
42807	ruigsinniche	2
42808	local-headlines	2
42809	tectonic	2
42810	horns	2
42811	alligin	2
42812	nòrmannaich	2
42813	chutu	2
42814	islamic	2
42815	cho-dhèanamh	2
42816	tuam	2
42817	nanny	2
42818	galway	2
42819	const	2
42820	blacht	2
42821	castlebar	2
42822	westerly	2
42823	aontaithe	2
42824	discoverireland	2
42825	cookstown	2
42826	offalyhistory	2
42827	actairean	2
42828	listowel	2
42829	siege	2
42830	swim	2
42831	waterway	2
42832	uisce	2
42833	mhaighdeann	2
42834	jp-ii	2
42835	lèighean	2
42836	luibh-eòlais	2
42837	iorras	2
42838	oiligh	2
42839	caithreach	2
42840	branson	2
42841	daighin	2
42842	bearanach	2
42843	bheairic	2
42844	cnocàn	2
42845	cartùr	2
42846	beanntra	2
42847	cairbrigh	2
42848	scra	2
42849	everytrail	2
42850	cais	2
42851	plota	2
42852	bhairèadaigh	2
42853	fàl	2
42854	cloch	2
42855	trosc	2
42856	choilch	2
42857	anach	2
42858	waterford	2
42859	fhòid	2
42860	gè	2
42861	nigh	2
42862	midiensis	2
42863	fhobhair	2
42864	talb	2
42865	louth	2
42866	meath	2
42867	damhliag	2
42868	fionnr	2
42869	fhorrach	2
42870	suta	2
42871	fotharta	2
42872	moling	2
42873	carlow	2
42874	maolu	2
42875	cavan	2
42876	gaibhlte	2
42877	conallaigh	2
42878	uaithne	2
42879	pobal	2
42880	caiseal-imleach	2
42881	fhathaidh	2
42882	urumhain	2
42883	raite	2
42884	naird	2
42885	libhse	2
42886	townantr	2
42887	uachtair	2
42888	criathrar	2
42889	cyberspace	2
42890	discoveries	2
42891	xtra	2
42892	t-sagartachd	2
42893	humanum	2
42894	iskola	2
42895	zichy-k	2
42896	llom	2
42897	h-iarmh	2
42898	conor	2
42899	tòrmodaich	2
42900	naas	2
42901	cloig	2
42902	aru	2
42903	historyguy	2
42904	lagaidh	2
42905	mohamed	2
42906	ofcom	2
42907	transfer	2
42908	escolar	2
42909	historias	2
42910	siostamataigeach	2
42911	rèisim	2
42912	bhonntachadh	2
42913	weidenfield	2
42914	whitehead	2
42915	seanachais	2
42916	econlib	2
42917	bun-smuaintean	2
42918	sorn	2
42919	muc-innis	2
42920	chalpachas	2
42921	prothaidean	2
42922	dòighean-obrach	2
42923	chòireigin	2
42924	chatalanach	2
42925	oriol	2
42926	salvador-puig-antich	2
42927	especial	2
42928	lùghdachaidh	2
42929	advance	2
42930	kee	2
42931	co-òrdanaichte	2
42932	universel	2
42933	coordonn	2
42934	estadual	2
42935	correio	2
42936	horas	2
42937	qualidade	2
42938	comida	2
42939	patentes	2
42940	internacionais	2
42941	ufba	2
42942	funcionar	2
42943	primeiro	2
42944	semestre	2
42945	gina	2
42946	lluis	2
42947	catala	2
42948	cà	2
42949	sgrìobhaidhean-iomaill	2
42950	meamran	2
42951	mharcais	2
42952	dh'fhireannaich	2
42953	uibhisteach	2
42954	vian	2
42955	h-iùdhach	2
42956	chaoile	2
42957	jover	2
42958	fhear-iomairt	2
42959	esquerra	2
42960	ghestapo	2
42961	màrtir	2
42962	tarr	2
42963	llasat	2
42964	sportsound	2
42965	mì-chothromach	2
42966	grown	2
42967	caritas	2
42968	internationalis	2
42969	tròcaire	2
42970	dìthe	2
42971	velada	2
42972	mhanuel	2
42973	pobleta	2
42974	fiore	2
42975	twayne	2
42976	àite-tasgaidh	2
42977	t-aim	2
42978	tarn-et-garonne	2
42979	navantia	2
42980	sinner	2
42981	perils	2
42982	phittsburgh	2
42983	kal	2
42984	oso	2
42985	diogo	2
42986	couto	2
42987	fhear-sgrùdaidh	2
42988	fho-chomataidh	2
42989	membership	2
42990	brigade	2
42991	cienfuegos	2
42992	anarchist	2
42993	oberbayern	2
42994	fhasaich	2
42995	cuidhein	2
42996	eubhal	2
42997	clarion	2
42998	ratti	2
42999	chiesa	2
43000	melchiorre	2
43001	carpineto	2
43002	phàpachd	2
43003	dh'argamaid	2
43004	castiglioni	2
43005	srannair	2
43006	cnàmha	2
43007	ethnology	2
43008	toy	2
43009	annibale	2
43010	clemente	2
43011	beanntannan	2
43012	h-alpi	2
43013	vèneto	2
43014	mut	2
43015	ancona	2
43016	gola	2
43017	rossa	2
43018	frasassi	2
43019	macerata	2
43020	co-bhualadair	2
43021	hadron	2
43022	ionnas	2
43023	bhraig	2
43024	latium	2
43025	t-ainm-sloinnidh	2
43026	conte	2
43027	moffatt	2
43028	gravissimas	2
43029	lucrezia	2
43030	salviati	2
43031	gunwharf	2
43032	quays	2
43033	bucks	2
43034	somma	2
43035	ippolito	2
43036	aldobrandini	2
43037	conti	2
43038	tulsa	2
43039	snowhawk	2
43040	lawton	2
43041	franciscus	2
43042	buintinn	2
43043	albani	2
43044	marengo	2
43045	sixty	2
43046	fellow	2
43047	chùirtear	2
43048	casey	2
43049	tivoli	2
43050	palio	2
43051	biois	2
43052	toponomastica	2
43053	nomi	2
43054	altamurgia	2
43055	palazzo	2
43056	pleasence	2
43057	worksop	2
43058	brentwood	2
43059	vez	2
43060	mclemoresville	2
43061	corporis	2
43062	uteri	2
43063	day-lewis	2
43064	dual-chaint	2
43065	pesaro	2
43066	aewaa	2
43067	strategy	2
43068	glacaidh	2
43069	s-gravenhage	2
43070	haye	2
43071	hage	2
43072	advies	2
43073	ksyvickis	2
43074	calafornia	2
43075	portola-gaspar-de	2
43076	comais-cheannachd	2
43077	eventful	2
43078	chesapeake	2
43079	clair	2
43080	db-city	2
43081	amtrak	2
43082	bowling	2
43083	oldham	2
43084	dad's	2
43085	manchu	2
43086	anan	2
43087	gheg	2
43088	risht	2
43089	arvanitis	2
43090	luibhic	2
43091	lidia	2
43092	latvie	2
43093	meadhan-ghàidhlig	2
43094	briothonnach	2
43095	brezhoneg	2
43096	norr	2
43097	afr	2
43098	liguris	2
43099	calo	2
43100	ladin	2
43101	sloven	2
43102	nsko	2
43103	polski	2
43104	tocharis	2
43105	dacis	2
43106	bhili	2
43107	dho	2
43108	bhil	2
43109	garasia	2
43110	noi	2
43111	lohar	2
43112	balcanach	2
43113	fionnlannach	2
43114	rmo	2
43115	bhlacs	2
43116	soi	2
43117	bundeli	2
43118	pouaris	2
43119	hne	2
43120	asm	2
43121	cardona	2
43122	sadri	2
43123	garhwali	2
43124	chitral	2
43125	kas	2
43126	kashmiri	2
43127	iar-deasach	2
43128	nli	2
43129	hindko	2
43130	panjabi	2
43131	lki	2
43132	ormuri-parachi	2
43133	avd	2
43134	alviri-vidari	2
43135	esh	2
43136	shahrudi	2
43137	taromi	2
43138	kiu	2
43139	statistique	2
43140	abcg	2
43141	nirribhich	2
43142	aftenposten	2
43143	rten	2
43144	djursholm	2
43145	danar	2
43146	t-eaconamaiche	2
43147	alternatives	2
43148	goeteborg	2
43149	sgarras	2
43150	gustavus	2
43151	adolphus	2
43152	prestoungrange	2
43153	goteborg	2
43154	cluicheadair-orgain	2
43155	domkyrkoorganisten	2
43156	hennes	2
43157	julboken	2
43158	rsamlingarna	2
43159	stift	2
43160	university-of-gothenburg	2
43161	episcopalian	2
43162	socken	2
43163	vaversunda	2
43164	wadbring	2
43165	explo	2
43166	ministère	2
43167	balmossie	2
43168	dh'ath-thogadh	2
43169	ghreumaich	2
43170	scot-rail	2
43171	camalan	2
43172	dh'iarann	2
43173	dalmuir	2
43174	hals	2
43175	by-richard-dorrell	2
43176	malmoe	2
43177	tageo	2
43178	sainsbury's	2
43179	bugt	2
43180	helsingb	2
43181	statistikbank	2
43182	largest-cities-in-denmark	2
43183	prìomh-ghleusan	2
43184	kristina	2
43185	barrowman	2
43186	otsing	2
43187	loodus	2
43188	rne	2
43189	asustus	2
43190	ida-viru	2
43191	drone	2
43192	ne-eesti	2
43193	hetherington	2
43194	didysis	2
43195	kyvos	2
43196	brasilemcidades	2
43197	cidades	2
43198	cidadesat	2
43199	painel	2
43200	guiamais	2
43201	hebraicos	2
43202	amazonia	2
43203	ionad-riaghlaidh	2
43204	thorbj	2
43205	wijdemeren	2
43206	hilversum	2
43207	loosdrecht	2
43208	veerse	2
43209	weer	2
43210	schouwen	2
43211	aan	2
43212	zee	2
43213	slighe-rèisidh	2
43214	rhenum	2
43215	hoove	2
43216	eindhovens	2
43217	groninga	2
43218	hermanni	2
43219	uylenburg	2
43220	delphi	2
43221	lister	2
43222	piet	2
43223	stijl	2
43224	trastanach	2
43225	eemmeer	2
43226	amer	2
43227	stoop	2
43228	jaa	2
43229	floris	2
43230	thinkquest	2
43231	provinsje	2
43232	zwartboekdefilm	2
43233	bruegel	2
43234	dichtbij	2
43235	paard	2
43236	riochdaire-dioplòmasach	2
43237	holebi	2
43238	geertruida	2
43239	vincennes	2
43240	aken	2
43241	ije	2
43242	erracht	2
43243	choire-na-sìthe	2
43244	bintang	2
43245	dubh-shaothrachadh	2
43246	makassar	2
43247	l'herminez	2
43248	beeldende	2
43249	kunsten	2
43250	metzemaekers	2
43251	noviomagus	2
43252	saxofòn	2
43253	clarinette	2
43254	eugenie	2
43255	beers	2
43256	hadrianus	2
43257	theaterencyclopedie	2
43258	afb	2
43259	ander	2
43260	bentz	2
43261	borch	2
43262	gerard-ter-borch	2
43263	ontdek-de-collectie	2
43264	lebuinus	2
43265	shasanach	2
43266	carel	2
43267	publica	2
43268	soldaat	2
43269	oranje	2
43270	stùireadh	2
43271	jasper	2
43272	ball-eisimpleir	2
43273	ghlèidheadair-àite	2
43274	dolor	2
43275	dolore	2
43276	ched	2
43277	huili	2
43278	ailbe	2
43279	meidb	2
43280	ulad	2
43281	tna	2
43282	friu	2
43283	ructha	2
43284	cuci-sium	2
43285	coiri	2
43286	bered	2
43287	dechammar-ni	2
43288	biad	2
43289	dixit	2
43290	nicon	2
43291	luim	2
43292	dib	2
43293	elders	2
43294	biosagenda	2
43295	hendrick	2
43296	houb	2
43297	groo	2
43298	viticodevagamundo	2
43299	stange	2
43300	gabbana	2
43301	yourpaintings	2
43302	controversy	2
43303	obraichean-ealain	2
43304	hinxman	2
43305	phàirc-gheòlais	2
43306	eòlaiche-nàdair	2
43307	gheòlasaich	2
43308	holland's	2
43309	newstatesman	2
43310	art-and-design	2
43311	ns-interview-rem-koolhaas-architect	2
43312	statesman	2
43313	haagse	2
43314	zenghelis	2
43315	zoe	2
43316	phpgallery	2
43317	loidigeach	2
43318	famous-scottish-geologists	2
43319	who's	2
43320	tomas-gomez	2
43321	parla	2
43322	senado	2
43323	noorda	2
43324	prada	2
43325	vogue	2
43326	ajax-tv	2
43327	johan-cruijff	2
43328	feyernoord	2
43329	coster	2
43330	chantal	2
43331	leentje	2
43332	luftwaffe	2
43333	blitzkrieg	2
43334	westerbork	2
43335	nooteboom	2
43336	bekk	2
43337	ikha	2
43338	erotica	2
43339	trends	2
43340	diocesan	2
43341	cambrach	2
43342	dh'ùine	2
43343	gerrit	2
43344	kranten	2
43345	smel	2
43346	anton-corbijn	2
43347	schaumburg	2
43348	noise	2
43349	bring	2
43350	quiet	2
43351	chalk	2
43352	violator	2
43353	silence	2
43354	hail	2
43355	dirty	2
43356	neighbours	2
43357	mighty	2
43358	ultra	2
43359	useless	2
43360	bleibt	2
43361	deserter's	2
43362	dept	2
43363	electrical	2
43364	coldplay	2
43365	ndig	2
43366	linear	2
43367	paramore	2
43368	brinkman	2
43369	metronieuws	2
43370	davos	2
43371	phenomena	2
43372	èifeachdan	2
43373	muladach	2
43374	catharine	2
43375	phrìomh-pheantair	2
43376	bernheimer	2
43377	wouwerman	2
43378	bildenden	2
43379	gegenwart	2
43380	noordbrabants	2
43381	mantle	2
43382	drìlseach	2
43383	panhuysen	2
43384	mathematicians	2
43385	wendela	2
43386	cornelia	2
43387	merwede	2
43388	kerkrade	2
43389	actueel	2
43390	knaw	2
43391	rijnwaarden	2
43392	pep	2
43393	pannerden	2
43394	straatinfo	2
43395	pragt	2
43396	egyptologie	2
43397	hbo	2
43398	septentrionalis	2
43399	hollandia	2
43400	seeland	2
43401	sutha	2
43402	stenenarchief	2
43403	fhoghaim	2
43404	rijksakademie	2
43405	tarraingeadh	2
43406	rijksmueeum	2
43407	jeans	2
43408	speisealach	2
43409	seallaidhean-tìre	2
43410	wyntrack	2
43411	ijsselmeer	2
43412	cudromachd	2
43413	adolphe	2
43414	constantin-guys	2
43415	registre	2
43416	siracusa	2
43417	deruyter	2
43418	stichting	2
43419	michielderuyter	2
43420	spùinneadaireachd	2
43421	historisch	2
43422	neeltje	2
43423	fhir-mhalairt	2
43424	rolihlahla	2
43425	isixosa	2
43426	laghannan	2
43427	brathaidh	2
43428	cho-obraiche	2
43429	stock	2
43430	biogs	2
43431	lutjegast-online	2
43432	diemen	2
43433	tasman-abel-janszoon	2
43434	muice-mara	2
43435	ifba	2
43436	ncia	2
43437	livres	2
43438	remembrance	2
43439	grapes	2
43440	wrath	2
43441	apollinaire	2
43442	zeno	2
43443	steppe	2
43444	ghost	2
43445	noon	2
43446	one's	2
43447	burden	2
43448	bharrathon	2
43449	faqs	2
43450	raised	2
43451	addams	2
43452	post-colonial	2
43453	pàirc-gheòlais	2
43454	cranston	2
43455	shoirbheachadh	2
43456	xxxvi	2
43457	mackellar	2
43458	adal	2
43459	fhianna	2
43460	alby	2
43461	bart	2
43462	angie	2
43463	aiden	2
43464	aydan	2
43465	ayden	2
43466	mheatailtean	2
43467	goibhnean	2
43468	giraldo	2
43469	yepes	2
43470	male-names	2
43471	luaine	2
43472	aoiseach	2
43473	tac	2
43474	line-up	2
43475	unico	2
43476	curatore	2
43477	monumenta	2
43478	newnham	2
43479	eddington	2
43480	coimheadachdan	2
43481	ìmpidh	2
43482	temperature	2
43483	speactraman	2
43484	idheonachadh	2
43485	gnìomhail	2
43486	ausgef	2
43487	hrte	2
43488	bauten	2
43489	guggenheim	2
43490	sander	2
43491	bàiltean	2
43492	sko	2
43493	società	2
43494	buonarroti	2
43495	pietà	2
43496	vaticana	2
43497	morag	2
43498	uiginis	2
43499	co-fhreagrach	2
43500	viraama	2
43501	nukta	2
43502	fharsi	2
43503	sha	2
43504	dja	2
43505	phar	2
43506	fhriseil	2
43507	lefkowitz	2
43508	inimrich	2
43509	jci	2
43510	premio-nobel-quimica	2
43511	robert-lefkowitz-brian-kobilka	2
43512	gerda	2
43513	fhear-saidheans	2
43514	nochaidh	2
43515	weizmann	2
43516	salk	2
43517	comhraidhean	2
43518	caoimh	2
43519	cafaidhean	2
43520	pottery	2
43521	gillebr	2
43522	ghde	2
43523	gillebrìghde	2
43524	flyting	2
43525	clàr-leabhar	2
43526	kompos	2
43527	grieve	2
43528	cheistear	2
43529	witkowsky	2
43530	baideanach	2
43531	mathaisidh	2
43532	rody	2
43533	fencibles	2
43534	gharaidh	2
43535	obair-fhearainn	2
43536	cruinn-treabhaidh	2
43537	drìlean-sile	2
43538	trèilearan	2
43539	tractar-slabhraidh	2
43540	tractaran-slabhraidh	2
43541	disc	2
43542	vassil	2
43543	lambrinov	2
43544	rianan	2
43545	leth-ùine	2
43546	cerver	2
43547	phriomh	2
43548	fuaidean	2
43549	rota-tobha	2
43550	fheargusdanach	2
43551	motor	2
43552	allies	2
43553	eoghann	2
43554	fhar-ainmean	2
43555	branden	2
43556	abhaich	2
43557	croinn	2
43558	margaree	2
43559	blankenhorn	2
43560	hall-of-fame	2
43561	seth	2
43562	mhicgilleathain	2
43563	basaichte	2
43564	cuairsgeanan	2
43565	callainne	2
43566	rufus	2
43567	crò	2
43568	multimedia-pages	2
43569	reine	2
43570	na'm	2
43571	inverinate	2
43572	find-war-dead	2
43573	casualty	2
43574	suardail	2
43575	pupil	2
43576	scottishreview	2
43577	iainsmith	2
43578	sonn	2
43579	sgreapadail	2
43580	sasmi	2
43581	kumveso	2
43582	mbashe	2
43583	mhicmhuirich	2
43584	medievalscotland	2
43585	elspeth	2
43586	annals	2
43587	ladysmith	2
43588	durban	2
43589	kgalema	2
43590	callum	2
43591	f-w-de-klerk	2
43592	corb	2
43593	emgen	2
43594	cefin	2
43595	emgein	2
43596	marais	2
43597	viljoen	2
43598	mhi	2
43599	fost	2
43600	smuts	2
43601	kluge	2
43602	dealachadh-cinnidh	2
43603	idrc	2
43604	bana-mhaighstir	2
43605	dh'inimrich	2
43606	romannach	2
43607	nstant	2
43608	nus	2
43609	h-impirean	2
43610	dh'ìobair	2
43611	h-ath-leasachaidhean	2
43612	phalach	2
43613	evzen	2
43614	plocek	2
43615	vysvetlivky	2
43616	ploceke	2
43617	macgill-eathain	2
43618	cartonaireach	2
43619	connel	2
43620	conal	2
43621	bloomberg	2
43622	ballymena	2
43623	thepeerage	2
43624	bràithreil	2
43625	transportdiversions	2
43626	publicationshow	2
43627	pubid	2
43628	robertburns	2
43629	stanes	2
43630	digest	2
43631	meanbhan	2
43632	dundrennan	2
43633	topograph	2
43634	auchencairn	2
43635	cùiltearachd	2
43636	smugglers	2
43637	t-àrachas	2
43638	leisure	2
43639	rescue	2
43640	caerlaverockestate	2
43641	caerlaverockprimary	2
43642	gelsenkirchen	2
43643	petersberg	2
43644	bheattock	2
43645	mousewald	2
43646	rùn-sgrìobhadh	2
43647	hetland	2
43648	orchid	2
43649	dealradairean	2
43650	leadminingmuseum	2
43651	chuingealach	2
43652	galar-fuilteach	2
43653	hub	2
43654	samyeling	2
43655	snasail	2
43656	ioma-thaobhach	2
43657	shlànachadh	2
43658	t-òg-mhìos	2
43659	kelloholm	2
43660	congall	2
43661	convallus	2
43662	kirconnel	2
43663	dirom	2
43664	plàcan	2
43665	theaglach	2
43666	signal	2
43667	inchcope	2
43668	wagenhaer	2
43669	fheusgan	2
43670	inchcape	2
43671	adair	2
43672	scape	2
43673	cummertrees	2
43674	lochinvar	2
43675	h-èist	2
43676	calaidhean	2
43677	explorebritain	2
43678	manorhotels	2
43679	gatepiers	2
43680	sabinet	2
43681	bharain	2
43682	cruck	2
43683	h-eagrain	2
43684	mhionc	2
43685	mioncan	2
43686	ath-fhiadhaichte	2
43687	dornock	2
43688	scotbeef	2
43689	monarchs	2
43690	wyntoun	2
43691	distancesfrom	2
43692	ministry	2
43693	àirneis-chogaidh	2
43694	vitulina	2
43695	phocidae	2
43696	sultmhor	2
43697	cuileanan	2
43698	cuinnleanan	2
43699	oitirean-gainmhich	2
43700	raehills	2
43701	carabhanlann	2
43702	bigreddirectory	2
43703	drumsleet	2
43704	marine-mammals	2
43705	chuilean	2
43706	briodachaidh	2
43707	shiel	2
43708	ghreug	2
43709	camphill	2
43710	historyarticle	2
43711	ecclefechanhistory	2
43712	cont	2
43713	ecclesiae	2
43714	stravaiging	2
43715	terregles	2
43716	carnethy	2
43717	rab	2
43718	t-stèisean	2
43719	dcarronbridge	2
43720	bhualachadh	2
43721	webcamgalore	2
43722	carse	2
43723	bìdhe	2
43724	inn-kirkpatrick	2
43725	parfirst	2
43726	viewtopic	2
43727	carnsalloch	2
43728	quintin	2
43729	kirkton-village-kirkmahoe-parish-church-c	2
43730	stalcairean	2
43731	pait	2
43732	h-airidh	2
43733	rèime	2
43734	teimheil	2
43735	seilbheachd	2
43736	maor-cladaich	2
43737	faidhireachdan	2
43738	infinis	2
43739	cunnarach	2
43740	warmemscot-post	2
43741	bhankend	2
43742	amalthaea	2
43743	kinnel	2
43744	buaille	2
43745	godswatcher	2
43746	rosehill	2
43747	hha	2
43748	dunhouse	2
43749	applegarth	2
43750	glosbe	2
43751	oncampus	2
43752	macleans	2
43753	geoview	2
43754	taigh-bìdhe	2
43755	measgaich	2
43756	egan	2
43757	choimiseanair	2
43758	h-uncail	2
43759	ashkenazi	2
43760	mhicdhunlèibhe	2
43761	phrìomh-shamhlach	2
43762	eòlas-bodhaig	2
43763	mordvin	2
43764	nàidhlean	2
43765	pròtractair	2
43766	urànus	2
43767	brow	2
43768	myetymology	2
43769	ukniwm	2
43770	roucan	2
43771	rokele	2
43772	akron	2
43773	shinnel	2
43774	phràis	2
43775	skiddle	2
43776	lockerbieacademy	2
43777	twin-cities	2
43778	umn	2
43779	saint-jean-pied-de-port	2
43780	puy-en-velay	2
43781	conduct	2
43782	bagarrach	2
43783	duluth	2
43784	eiriosort	2
43785	leabhar-là	2
43786	annelies	2
43787	mac'illemhaoil	2
43788	arboretum	2
43789	darach-gasagach	2
43790	robur	2
43791	darach-neo-ghasagach	2
43792	scottishwildlifetrust	2
43793	sessile	2
43794	rusg	2
43795	dunrobin	2
43796	acher	2
43797	ottavio	2
43798	àghmhor	2
43799	luchd-coimhid	2
43800	caideatan	2
43801	cunglach	2
43802	top-right	2
43803	thucaidean	2
43804	sìol-lann	2
43805	cinne-daoine	2
43806	deàrnadaireachd	2
43807	iongar	2
43808	ghriod	2
43809	connaidhean	2
43810	shoirbheas	2
43811	coimeasan	2
43812	iongantacha	2
43813	chruinne-c	2
43814	neach-coimhearsnachd	2
43815	coiteachadh	2
43816	pixies	2
43817	eigh-shruthan	2
43818	capitan	2
43819	nicìomhair	2
43820	hogamagh	2
43821	whycocomagh	2
43822	guysborough	2
43823	havre	2
43824	boucher	2
43825	antaiginis	2
43826	doctair	2
43827	nòr	2
43828	uaiseabuc	2
43829	boularderie	2
43830	difirte	2
43831	dubharach	2
43832	chòinneach	2
43833	alga	2
43834	baghasdal	2
43835	boisdale	2
43836	aconi	2
43837	gabarus	2
43838	hantsport	2
43839	sheonaidh	2
43840	teastanas	2
43841	bhàilidh	2
43842	srùigh	2
43843	sruidh	2
43844	t-srùigh	2
43845	meadowsprings	2
43846	innean	2
43847	edein	2
43848	t-saighdeir	2
43849	unpacknumberargs	2
43850	makeargarray	2
43851	applyfunctoargs	2
43852	treatment	2
43853	boolean-style	2
43854	wikicode	2
43855	booleans	2
43856	treating	2
43857	tidyvaldefault	2
43858	tidyvaltrimonly	2
43859	tidyvalremoveblanksonly	2
43860	tidyvalnochange	2
43861	frame's	2
43862	fetched	2
43863	argtable	2
43864	memoize	2
43865	inext	2
43866	hemispheremultipliers	2
43867	alternativemap	2
43868	markouterdiv	2
43869	markimagediv	2
43870	marklabeldiv	2
43871	autodetected	2
43872	getx	2
43873	ratio	2
43874	gety	2
43875	manymakeargs	2
43876	substing	2
43877	altering	2
43878	issuppressedbyarguments	2
43879	shouldskipblacklistcheck	2
43880	currenttitlematchesblacklist	2
43881	issuppressed	2
43882	currenttitlenamespaceparameters	2
43883	namespaceparametersexist	2
43884	getcategories	2
43885	exportclasses	2
43886	helps	2
43887	overkill	2
43888	here's	2
43889	demonstrate	2
43890	preferably	2
43891	equalsarrayvalue	2
43892	arrayvalue	2
43893	getpageobject	2
43894	getnamespace	2
43895	happens	2
43896	happen	2
43897	usetalk	2
43898	nsheader	2
43899	wikitablenamespaceheader	2
43900	aliasesheader	2
43901	wikitablealiasesheader	2
43902	customise	2
43903	defaultkeys	2
43904	structured	2
43905	subjectnamespaces	2
43906	demonstration	2
43907	subject-space	2
43908	indexing	2
43909	considers	2
43910	nans	2
43911	recursion	2
43912	infinite	2
43913	nometatable	2
43914	gaps	2
43915	transclusions	2
43916	expsearch	2
43917	shallowclone	2
43918	transferred	2
43919	interpreted	2
43920	numdata	2
43921	compress	2
43922	compresses	2
43923	safely	2
43924	sparse	2
43925	setparameters	2
43926	typeclass	2
43927	typeimage	2
43928	typeimageneedslink	2
43929	imageneedslink	2
43930	substcheck	2
43931	smallclass	2
43932	sectiondefault	2
43933	heading	2
43934	talklink	2
43935	imagesmallsize	2
43936	setmainspacecategories	2
43937	allowmainspacecategories	2
43938	roughly	2
43939	settemplatecategories	2
43940	paramstocheck	2
43941	templateerrorparamstocheck	2
43942	categorynums	2
43943	setallnamespacecategories	2
43944	allsort	2
43945	fixing	2
43946	setcategories	2
43947	rendercategories	2
43948	undocumented	2
43949	mbox-image	2
43950	redefine	2
43951	cells	2
43952	hint	2
43953	mbox-empty-cell	2
43954	mbox-text-span	2
43955	mbox-imageright	2
43956	cfgtables	2
43957	module's	2
43958	mòideal	2
43959	preparation	2
43960	geodeclat	2
43961	geodeclong	2
43962	himself	2
43963	specificied	2
43964	displaydefault	2
43965	geo-default	2
43966	siùcaran	2
43967	mikmac	2
43968	johnstown	2
43969	deucoin	2
43970	ghrabhair	2
43971	einon	2
43972	rhosili	2
43973	rasa	2
43974	llancarfan	2
43975	llandochau	2
43976	penllyn	2
43977	pendeulwyn	2
43978	tregolwyn	2
43979	butetown	2
43980	llanrhymni	2
43981	fairwater	2
43982	tawe	2
43983	luchd-teasairginn	2
43984	fforest	2
43985	maes-y-cwmwr	2
43986	pontllan-fraith	2
43987	newbridge	2
43988	llan-wern	2
43989	redwick	2
43990	ringland	2
43991	trefesgob	2
43992	trefonnen	2
43993	gaer	2
43994	onllwyn	2
43995	ciliau	2
43996	llandyfr	2
43997	llangynfelyn	2
43998	llanilar	2
43999	llanwnnen	2
44000	rhos	2
44001	capel	2
44002	dolgarrog	2
44003	talhaearn	2
44004	llangwm	2
44005	pentrefoelas	2
44006	bryn-crug	2
44007	ardudwy	2
44008	ganllwyd	2
44009	harlech	2
44010	llanbedrog	2
44011	llanddeiniolen	2
44012	llanengan	2
44013	pentir	2
44014	talsarnau	2
44015	aberriw	2
44016	castell-paen	2
44017	errwd	2
44018	whitton	2
44019	llandrinio	2
44020	llangedwyn	2
44021	llangynidr	2
44022	llangynyw	2
44023	llanwrthwl	2
44024	maesyfed	2
44025	ystradfellte	2
44026	cwm-bach	2
44027	ferndale	2
44028	llanhari	2
44029	faerdref	2
44030	boncath	2
44031	breudeth	2
44032	camrose	2
44033	dwyrain	2
44034	jeffreyston	2
44035	efelffre	2
44036	llandyf	2
44037	maenorb	2
44038	mynachlog-ddu	2
44039	neyland	2
44040	penalun	2
44041	rosemarket	2
44042	tiers	2
44043	gwerful	2
44044	moel	2
44045	bryneglwys	2
44046	cyffylliog	2
44047	gwyddelwern	2
44048	llandyrnog	2
44049	llantysilio	2
44050	nantglyn	2
44051	trefnant	2
44052	devauden	2
44053	drenewydd	2
44054	llan-gwm	2
44055	llanofer	2
44056	bronwydd	2
44057	cil-y-cwm	2
44058	cwmaman	2
44059	gaeo	2
44060	gors-las	2
44061	hendy-gwyn	2
44062	llan-gain	2
44063	llanarthne	2
44064	llanegwad	2
44065	llangadog	2
44066	llangeler	2
44067	llangynnwr	2
44068	llanllwni	2
44069	llansteffan	2
44070	pen-tywyn	2
44071	pencarreg	2
44072	cilcain	2
44073	helygain	2
44074	llanasa	2
44075	pen-y-ffordd	2
44076	henllys	2
44077	pont-y-moel	2
44078	pont-hir	2
44079	trefddyn	2
44080	acton	2
44081	maelor	2
44082	erbistog	2
44083	gresffordd	2
44084	gresford	2
44085	colliery	2
44086	llai	2
44087	marchwiail	2
44088	mwynglawdd	2
44089	pontfadog	2
44090	bryngwran	2
44091	llanfaelog	2
44092	llanfaethlu	2
44093	ysgeifiog	2
44094	llangoed	2
44095	llangristiolus	2
44096	llanidan	2
44097	penmynydd	2
44098	ribheidean	2
44099	clar-iuchair	2
44100	fhuinne	2
44101	consairtìona	2
44102	dhathachadh	2
44103	tart-thìr	2
44104	uaireadair-gainmhich	2
44105	gloine	2
44106	uaireadair-uisge	2
44107	ùirlios	2
44108	uchd-èideadh	2
44109	iadh-shlat	2
44110	jarl	2
44111	hawai	2
44112	innseag	2
44113	iodhal	2
44114	craobh-àirc	2
44115	balmenach	2
44116	crombail	2
44117	sorbus	2
44118	aucuparia	2
44119	cnothan	2
44120	pocahontas	2
44121	appleton	2
44122	gairbheal	2
44123	rathuaithe	2
44124	clearances	2
44125	anthropology	2
44126	druidh	2
44127	gràineileachd	2
44128	nithe	2
44129	isteachd	2
44130	swilkie	2
44131	grannda	2
44132	eaton	2
44133	mhontana	2
44134	h-athar	2
44135	fuadachaidh	2
44136	somàili	2
44137	dhleastanasan	2
44138	t-àrd-oll	2
44139	naver	2
44140	glamorgan	2
44141	fiadh-bheathaichean	2
44142	introducing	2
44143	bosherston	2
44144	gofana	2
44145	luchd-àrainneachd	2
44146	cambrian	2
44147	wrexham	2
44148	britannia	2
44149	traditions	2
44150	macgillebhàin	2
44151	fear-deasachaidh	2
44152	fhaidhle	2
44153	osgood	2
44154	mhicchoinnich	2
44155	midseasan	2
44156	cho-dheasaich	2
44157	ioma-mheadhain	2
44158	chomataidhean	2
44159	eadar-oilthighean	2
44160	panal	2
44161	theisteanasan	2
44162	oakeley	2
44163	didier	2
44164	queloz	2
44165	gasa	2
44166	kozai	2
44167	macghille-bhàin	2
44168	colbh-beachd	2
44169	ainmean-pinn	2
44170	macfhearchair	2
44171	suspension	2
44172	cnapan-starra	2
44173	truinnsear	2
44174	llewod	2
44175	purser	2
44176	droighnean	2
44177	coignear	2
44178	burray	2
44179	vinquoy	2
44180	kili	2
44181	hjaltalin	2
44182	goudie	2
44183	reks	2
44184	torraich	2
44185	grimbister	2
44186	moaness	2
44187	hunda	2
44188	pentlandferries	2
44189	switha	2
44190	àitichte	2
44191	noup	2
44192	crann-gaoithe	2
44193	oxna	2
44194	burrafirth	2
44195	tingwall	2
44196	arey	2
44197	havra	2
44198	hafrey	2
44199	uyea	2
44200	vaila	2
44201	barrey	2
44202	bagi	2
44203	hascosay	2
44204	cloiche-gràin	2
44205	lamba	2
44206	klaksv	2
44207	kun	2
44208	lsoy	2
44209	streymoy	2
44210	oyar	2
44211	sku	2
44212	easpaig	2
44213	dh'uachdaran	2
44214	pasley	2
44215	ldwa	2
44216	walkers	2
44217	phembrokeshire	2
44218	bòidheachd	2
44219	ramblers	2
44220	quadrant	2
44221	anglesey-today	2
44222	coastal-path	2
44223	meirionnydd	2
44224	snowdonia-active	2
44225	walescoastpath	2
44226	ceredigioncoastpath	2
44227	discovercarmarthenshire	2
44228	coastline	2
44229	visitwyevalley	2
44230	tairis	2
44231	average	2
44232	cemaes	2
44233	llanddwyn	2
44234	beitheach	2
44235	leibhinis	2
44236	levenish	2
44237	dogmaels	2
44238	lockley	2
44239	vaughan-thomas	2
44240	àrainneachdail	2
44241	inbhirean	2
44242	peileagan	2
44243	rathaidean-dìridh	2
44244	teàrnaidhean	2
44245	buc-innis	2
44246	clàr-innis	2
44247	lònaig	2
44248	craobh-innis	2
44249	griogaraich	2
44250	uallabaidh	2
44251	chonachain	2
44252	inchfad	2
44253	household	2
44254	torr-innis	2
44255	keppinch	2
44256	fiodra	2
44257	rosyth	2
44258	ramna	2
44259	stacks	2
44260	dore	2
44261	gloup	2
44262	huney	2
44263	lunna	2
44264	orfasay	2
44265	gletness	2
44266	ninian's	2
44267	uynarey	2
44268	dòirlinn	2
44269	miseanaraidhean	2
44270	footpath	2
44271	damsay	2
44272	hellisey	2
44273	huip	2
44274	scockness	2
44275	rusk	2
44276	rysa	2
44277	rocail	2
44278	ròcabarra	2
44279	bruray	2
44280	housay	2
44281	seabird	2
44282	morus	2
44283	orc	2
44284	clàran-fuaim	2
44285	trojany	2
44286	omin	2
44287	sùla-stac	2
44288	alaw	2
44289	outstanding	2
44290	fearann-tuathanais	2
44291	foise	2
44292	cwyfan	2
44293	brechiek	2
44294	bryher	2
44295	gwithial	2
44296	anet	2
44297	cofiadurcahcymru	2
44298	watprn	2
44299	dbname	2
44300	tbname	2
44301	rcahmw	2
44302	stonepages	2
44303	bluestonewales	2
44304	rock-art-in-wales	2
44305	grimes	2
44306	chlach-theine	2
44307	whangarei	2
44308	waikato	2
44309	plenty	2
44310	tai	2
44311	manawatu-whanganui	2
44312	greymouth	2
44313	chargaill	2
44314	uaighean-trannsa	2
44315	soskin	2
44316	bott	2
44317	lomas	2
44318	burrow	2
44319	stone-circles	2
44320	alexander-nicolson-skye-historian	2
44321	eireag	2
44322	objectives	2
44323	canons	2
44324	gravis	2
44325	coltraiche	2
44326	meirionydd	2
44327	mermaid	2
44328	salutation	2
44329	campanile	2
44330	lodging	2
44331	telford's	2
44332	cloister	2
44333	dòm	2
44334	gloriette	2
44335	balkon	2
44336	passes	2
44337	harcourt	2
44338	chantry	2
44339	covenanters	2
44340	peden	2
44341	ante	2
44342	àrd-tìr	2
44343	glyderau	2
44344	chuaraidhean	2
44345	liberty	2
44346	jacks	2
44347	teifi	2
44348	caoinidh	2
44349	britanniae	2
44350	chaerfyrddin	2
44351	pàirc-chàraichean	2
44352	fyrish	2
44353	decided	2
44354	negapatnam	2
44355	sioft	2
44356	bleigiessen	2
44357	spàin	2
44358	turas-mara	2
44359	punch	2
44360	clobha	2
44361	spoerl	2
44362	dinner	2
44363	aoighean	2
44364	procedure	2
44365	guida	2
44366	teasach	2
44367	thàg	2
44368	phàlais	2
44369	aachendom	2
44370	alemannia	2
44371	ttgen	2
44372	searbhanta	2
44373	creeban	2
44374	eskob	2
44375	ynysow	2
44376	tauranga	2
44377	porirua	2
44378	hutt	2
44379	whang	2
44380	whanganui	2
44381	pukekohe	2
44382	waiuku	2
44383	motueka	2
44384	wanaka	2
44385	matamata	2
44386	kerikeri	2
44387	waitara	2
44388	kaitaia	2
44389	cliobhar	2
44390	àfard	2
44391	worldwide	2
44392	maltais	2
44393	tamailis	2
44394	singeapor	2
44395	statutes	2
44396	agc	2
44397	cornwallis	2
44398	ròsan-craobh	2
44399	literatures	2
44400	saillteach	2
44401	fèistear	2
44402	craichidh	2
44403	crùn-choinnlear	2
44404	ionad-ciùil	2
44405	barran	2
44406	bùinne	2
44407	fullrecord	2
44408	writershistorical	2
44409	siseal	2
44410	t-sruigh	2
44411	tarland	2
44412	torphins	2
44413	dominion	2
44414	volunteer	2
44415	nse	2
44416	argyle	2
44417	mhargaraidh	2
44418	scotch	2
44419	pleasant	2
44420	outram	2
44421	ailtireach	2
44422	tudair	2
44423	schemes	2
44424	cluanie	2
44425	scavaig	2
44426	walkscotland	2
44427	camden	2
44428	truemanville	2
44429	stromemore	2
44430	stromeferry	2
44431	achintee	2
44432	ardnarff	2
44433	strome	2
44434	ythan	2
44435	carnach	2
44436	loanan	2
44437	chòis	2
44438	gartcosh	2
44439	hartwood	2
44440	bargeddie	2
44441	holytown	2
44442	carfin	2
44443	trout-salmon-fishing	2
44444	scotland-rannoch-moor	2
44445	ghaineamhaich	2
44446	ghaoir	2
44447	brocket	2
44448	brealey	2
44449	tummel	2
44450	fheumar	2
44451	dubh-lochain	2
44452	barasdail	2
44453	luinne-bheinn	2
44454	mclauchlan	2
44455	gaineamhach	2
44456	bochotnica	2
44457	mionaidiche	2
44458	sàileach	2
44459	dòmhain	2
44460	exile	2
44461	glenaffric	2
44462	strathfarrar	2
44463	fhionnaraich	2
44464	coitheanal	2
44465	fhiosraiche	2
44466	dùisdeil	2
44467	loch-an-ime-highland	2
44468	macdougall	2
44469	androw	2
44470	buke	2
44471	targe	2
44472	nobles	2
44473	lydgate	2
44474	makaris	2
44475	testament	2
44476	ath-thogte	2
44477	chrannag	2
44478	aeschylus	2
44479	plays	2
44480	molière	2
44481	westwood	2
44482	stenson	2
44483	mcilroy	2
44484	mcdowell	2
44485	kaymer	2
44486	borriol	2
44487	dubuisson	2
44488	europeantour	2
44489	òird	2
44490	chaise	2
44491	journalist	2
44492	balmedie	2
44493	pucminas	2
44494	brewlabcoffee	2
44495	dhust	2
44496	mì-cheartas	2
44497	lèirsgrios	2
44498	macgilleìosa	2
44499	bhuidheanach	2
44500	quinag	2
44501	ruaidhneis	2
44502	leumrabhagh	2
44503	etta	2
44504	siuthad	2
44505	shiaboist	2
44506	reasabaidhean	2
44507	rundle	2
44508	toc	2
44509	niccarmaig	2
44510	ceitlin	2
44511	uilleag	2
44512	grangemouth	2
44513	nicartair	2
44514	nicgillenaoimh	2
44515	beasag	2
44516	niceanraig	2
44517	daisy	2
44518	nicmhathain	2
44519	nicgillebhàin	2
44520	maciomhair	2
44521	bremner	2
44522	neilson	2
44523	barnett	2
44524	maccallum	2
44525	tarbert	2
44526	mhunna	2
44527	struileag	2
44528	gamrie	2
44529	muasdale	2
44530	uemg	2
44531	vestibular	2
44532	similearan	2
44533	iligeadh	2
44534	osain	2
44535	changeling	2
44536	shìthiche	2
44537	cluaineas	2
44538	argantaich	2
44539	amasoin	2
44540	fo-abhainn	2
44541	cunndainn	2
44542	achonachie	2
44543	thurso	2
44544	ghàirneig	2
44545	seann-bhriothannais	2
44546	chaladair	2
44547	srath-aibhne	2
44548	spainiadail	2
44549	carran	2
44550	seannsair	2
44551	chluichear	2
44552	ghar	2
44553	kennetcook	2
44554	abrams	2
44555	tusket	2
44556	sackville	2
44557	musquodoboit	2
44558	aspy	2
44559	labharain	2
44560	bugle	2
44561	corsais	2
44562	dordogne	2
44563	eure	2
44564	vreux	2
44565	auxerre	2
44566	yvelines	2
44567	haute-corse	2
44568	savouè	2
44569	pirinio	2
44570	roazhon	2
44571	lozère	2
44572	lons-en-champagne	2
44573	metz	2
44574	clermont-ferrand	2
44575	orientals	2
44576	perpignan	2
44577	savoy	2
44578	seine-et-marne	2
44579	seine-saint-denis	2
44580	gallaicis	2
44581	alava	2
44582	al-basit	2
44583	uclm	2
44584	ceclm	2
44585	artrevistas	2
44586	albasit	2
44587	obila	2
44588	abula	2
44589	punagais	2
44590	bibliotecadigital	2
44591	abila	2
44592	abela	2
44593	centrodeestudiosabulenses	2
44594	blogia	2
44595	ghotais	2
44596	awil	2
44597	awila	2
44598	topica	2
44599	hesperica	2
44600	corominas	2
44601	bur	2
44602	burgus	2
44603	pyrgos	2
44604	baurg	2
44605	primer	2
44606	readjustment	2
44607	rahn	2
44608	hup	2
44609	lugares	2
44610	monroy	2
44611	nkatu	2
44612	qaf	2
44613	conca	2
44614	teselas	2
44615	ghirona	2
44616	llosas	2
44617	guad	2
44618	makki	2
44619	egipcio	2
44620	micos	2
44621	harrikada	2
44622	ranz	2
44623	yubero	2
44624	torrej	2
44625	weska	2
44626	siamh	2
44627	bolsksan	2
44628	victrix	2
44629	skan	2
44630	washqah	2
44631	theodor-mommsen	2
44632	roemische-geschichte	2
44633	agricultura	2
44634	ministerio	2
44635	astùrias	2
44636	leionem	2
44637	leio	2
44638	prehistoria-edad	2
44639	antigua-edad	2
44640	pallantia	2
44641	t-y-eh	2
44642	s-eh	2
44643	palla	2
44644	pala	2
44645	conocimientos	2
44646	idp	2
44647	fhuaimreagachadh	2
44648	antia	2
44649	t-eileamaid	2
44650	sego	2
44651	segburgh	2
44652	sieg	2
44653	biyyah	2
44654	saelices	2
44655	h'aibhne	2
44656	durius	2
44657	co-fhuaimreag	2
44658	dorios	2
44659	turboleta	2
44660	basgais-ibearais	2
44661	tobrach	2
44662	itur	2
44663	olu	2
44664	tirwaal	2
44665	gargallo	2
44666	concejo	2
44667	bheiereadh	2
44668	tollitum	2
44669	tollitu	2
44670	tollito	2
44671	tolleto	2
44672	tolledo	2
44673	cuach-mhullach	2
44674	tulaytulah	2
44675	iùdhachadh	2
44676	toldoth	2
44677	okelodùron	2
44678	vettoni	2
44679	octo	2
44680	octodurum	2
44681	ocelus	2
44682	durum	2
44683	oceloduri	2
44684	duro	2
44685	semure	2
44686	godaich	2
44687	samura	2
44688	rinconete	2
44689	anteriores	2
44690	ceathreamh	2
44691	trento	2
44692	perugia	2
44693	calabria	2
44694	malo	2
44695	plouvien	2
44696	belfort	2
44697	kauai	2
44698	lochan-dubh-highland	2
44699	smyrna	2
44700	lannsair	2
44701	rùnair	2
44702	dheimhidh	2
44703	mhicasgaill	2
44704	taigh-deighe	2
44705	tugnet	2
44706	coit	2
44707	tùr-uisge	2
44708	landadh	2
44709	bhodca	2
44710	unalasca	2
44711	sjid	2
44712	comuinn	2
44713	sgrabstal	2
44714	lybster	2
44715	groats	2
44716	ceannachaidh	2
44717	churuch	2
44718	dh'fhrithealaicheas	2
44719	cors	2
44720	dolly	2
44721	tongland	2
44722	dùnaidh	2
44723	blandford	2
44724	blockhouse	2
44725	comhairle-dhìomhair	2
44726	luchd-aoigheachd	2
44727	chleith	2
44728	conquerall	2
44729	winthrop	2
44730	markinch	2
44731	aitinn	2
44732	pheat	2
44733	chaistil	2
44734	reachlainn	2
44735	wasted	2
44736	duinne	2
44737	ruagain	2
44738	aldergrove	2
44739	eanach	2
44740	coillidh	2
44741	lorgain	2
44742	lachn	2
44743	bocht	2
44744	dumhach	2
44745	cnucha	2
44746	tsionnaigh	2
44747	rhynie	2
44748	easra	2
44749	conrach	2
44750	clonliffe	2
44751	fionnradharc	2
44752	donabate	2
44753	donaghmede	2
44754	aonghusa	2
44755	cruinniche-ciùil	2
44756	dermot	2
44757	taigh-bathair	2
44758	comharra-stiùiridh	2
44759	newcraighall	2
44760	embra	2
44761	dhùnaid	2
44762	bhàrrasdail	2
44763	achvarasdal	2
44764	altnabreac	2
44765	balnabruich	2
44766	cheyne	2
44767	latharain	2
44768	gasbaith	2
44769	healabhaig	2
44770	dunbeath	2
44771	latheron	2
44772	latheronwheel	2
44773	meaghrath	2
44774	reay	2
44775	mheadhrath	2
44776	westerdale	2
44777	freasaig	2
44778	freswick	2
44779	loch-airigh-na-saorach-highland	2
44780	fhàire	2
44781	ashik	2
44782	lach-mhòr	2
44783	pix	2
44784	cuminestown	2
44785	monquhitter	2
44786	gauscavaig	2
44787	horaveg	2
44788	loch-an-eilein-highland	2
44789	loch-mor-highland	2
44790	lealt	2
44791	leurabhaigh	2
44792	storr	2
44793	searchbutton	2
44794	searchlang	2
44795	anteater	2
44796	ghuala	2
44797	raointean-cluiche	2
44798	reifreansan	2
44799	largy	2
44800	eglinton	2
44801	sean-bheith	2
44802	braois	2
44803	gartaidh	2
44804	lògaidh	2
44805	priomh-lochs-highland	2
44806	gazelles	2
44807	bullock	2
44808	stag	2
44809	mcvarish	2
44810	griogar	2
44811	karrakatta	2
44812	borvedale	2
44813	smashwords	2
44814	tribe	2
44815	nnberg	2
44816	petersi	2
44817	raointean-feòir	2
44818	steipean	2
44819	wadis	2
44820	cokii	2
44821	swaynei	2
44822	bubalis	2
44823	bubal	2
44824	kongoni	2
44825	herd	2
44826	taxonomy	2
44827	lichtenstein's	2
44828	cuviergazelle	2
44829	antidorcas	2
44830	marsupialis	2
44831	boc	2
44832	thomson's	2
44833	thomsons-gazelle	2
44834	masai	2
44835	arabica	2
44836	easbhaidheach	2
44837	eol	2
44838	raon-feòir	2
44839	white-tailed	2
44840	thoiry	2
44841	bhana	2
44842	eiseort	2
44843	beatragus	2
44844	smit	2
44845	luachar	2
44846	maothchoille	2
44847	snaidhm-rèile	2
44848	strichen	2
44849	chùilt	2
44850	scarba	2
44851	southernhebrides	2
44852	mhoirich	2
44853	turasg	2
44854	dunure-castle	2
44855	carluke	2
44856	loch-glen-ionadal-highland	2
44857	ditzen	2
44858	wandervogel	2
44859	hanns	2
44860	southerlyjournal	2
44861	hans-fallada-and-being-outside-when-everyone-else-is-inside	2
44862	southerly	2
44863	shlàinte-inntinn	2
44864	suse	2
44865	hausarbeiten	2
44866	bauern	2
44867	bonzen	2
44868	bomben	2
44869	kleiner	2
44870	dieterwunderlich	2
44871	wunderlich	2
44872	ghnìomhachdan	2
44873	blechnapf	2
44874	thagrachas	2
44875	literaturkritik	2
44876	feldberg	2
44877	gliche	2
44878	sich	2
44879	berliner	2
44880	shawcrossi	2
44881	earbaill	2
44882	foillseachan	2
44883	shadow	2
44884	bookbrowse	2
44885	ìar	2
44886	scotstradmusicawards	2
44887	straghlais	2
44888	brìdhde	2
44889	bana-ghàidheal	2
44890	somerled	2
44891	finlaggan	2
44892	listing	2
44893	page-wide	2
44894	encountered	2
44895	left-to-right	2
44896	evaluated	2
44897	guaranteed	2
44898	splitting	2
44899	retained	2
44900	internationalized	2
44901	compatible	2
44902	terminator	2
44903	mediawiki-recognized	2
44904	torig	2
44905	non-space	2
44906	bracketed	2
44907	uncommon	2
44908	obviously	2
44909	meta-parameter	2
44910	offending	2
44911	kerned	2
44912	italicized	2
44913	isolate	2
44914	multi-byte	2
44915	codepoint	2
44916	dummy	2
44917	omit	2
44918	joins	2
44919	segments	2
44920	a-za-zà	2
44921	pasted	2
44922	confused	2
44923	cursor	2
44924	romanization	2
44925	wikibook	2
44926	interproj	2
44927	resized	2
44928	interproj-linked-name	2
44929	pointless	2
44930	interwiki-linked-name	2
44931	merged	2
44932	name-holding	2
44933	plaintext	2
44934	searching	2
44935	keeps	2
44936	linkn	2
44937	sr-latn	2
44938	differently	2
44939	local-lang-source	2
44940	bunched	2
44941	parenthetical	2
44942	opposite	2
44943	applying	2
44944	flavor	2
44945	comes	2
44946	supress	2
44947	stylings	2
44948	ppattern	2
44949	ppatterns	2
44950	insensitive	2
44951	precomposed	2
44952	institutional	2
44953	compliance	2
44954	author's	2
44955	withdrawn	2
44956	terminates	2
44957	j-sheet	2
44958	j-sheets	2
44959	insource	2
44960	editor-linkn	2
44961	editor-maskn	2
44962	contributor-lastn	2
44963	contributorlist	2
44964	mapurlaccess	2
44965	mapformat	2
44966	exclusive	2
44967	automated	2
44968	oddity	2
44969	notitle	2
44970	conferenceformat	2
44971	dition	2
44972	quoted-text	2
44973	we'd	2
44974	archived-live	2
44975	archived-unfit	2
44976	archived-dead	2
44977	bits	2
44978	cite-id	2
44979	ocins	2
44980	wrapping	2
44981	hidden-maint	2
44982	enumerators	2
44983	tracked-param	2
44984	modifies	2
44985	template-specific	2
44986	non-zero	2
44987	crude	2
44988	couldn't	2
44989	interwiki-linked	2
44990	wiki-link	2
44991	muta	2
44992	chirc-fhraoich	2
44993	thueringer-gastlichkeit	2
44994	gastlichkeit	2
44995	royalty	2
44996	liszt	2
44997	ferencz	2
44998	ringische	2
44999	feldberger	2
45000	seenlandschaft	2
45001	novum	2
45002	anchors	2
45003	stockval	2
45004	rockstuhl	2
45005	sachsen-altenburg	2
45006	altenburger	2
45007	statistik-thueringen	2
45008	tabula	2
45009	geographica	2
45010	principatus	2
45011	regulus	2
45012	ignicapilla	2
45013	strecke	2
45014	mapawi	2
45015	statistik-berlin-brandenburg	2
45016	deutsche-biographie	2
45017	tsche	2
45018	positus	2
45019	cidtexte	2
45020	legitext	2
45021	datetexte	2
45022	meacnaish	2
45023	psiquiatrico	2
45024	wards	2
45025	provinz	2
45026	verwaltungsgeschichte	2
45027	greepe	2
45028	puirt-à-beul	2
45029	chlàraidh	2
45030	ath-fheòl-ghabhail	2
45031	dukes	2
45032	mecklenburg-g	2
45033	mirow	2
45034	baròc	2
45035	ratzeburg-schlesho	2
45036	karz	2
45037	lauenburgs-geschichte	2
45038	die-herzoege-von-sachsen-lauenburg	2
45039	kgdwestph	2
45040	mygermancity	2
45041	lauenburg-lakes-nature-park	2
45042	live-like-a-german	2
45043	lauenburg-elbe	2
45044	allerheiligenvloed	2
45045	rijnmond	2
45046	meanbh-dùthaich	2
45047	donau	2
45048	freistadt	2
45049	tagen	2
45050	dhùghlas	2
45051	swabianach	2
45052	hohenurach	2
45053	burgenwelt	2
45054	bhaile-spatha	2
45055	friesian	2
45056	tats	2
45057	traite	2
45058	confederationrhin	2
45059	zwiazek	2
45060	prionnsachan	2
45061	historytoday	2
45062	wallachia	2
45063	setton	2
45064	papacy	2
45065	schweinfurt	2
45066	documentarchiv	2
45067	kleve	2
45068	regime	2
45069	oldenbourg	2
45070	lxxii	2
45071	schriften	2
45072	hohengeroldseck	2
45073	seelbach	2
45074	recklinghausen	2
45075	fleidsear	2
45076	sgeitheabost	2
45077	macanndrais	2
45078	bìd	2
45079	salm-salm	2
45080	taigh-cràbhadh	2
45081	alle	2
45082	verf	2
45083	farpaise	2
45084	rianaidh	2
45085	herzogtum-anhalt	2
45086	hertslet	2
45087	butterworths	2
45088	zaks	2
45089	mheiningen	2
45090	grosser	2
45091	historischer	2
45092	neuzeit	2
45093	prionnsalachd-taghaidh	2
45094	hesse-darmstadt	2
45095	t-sailleir	2
45096	ri'm	2
45097	royaume	2
45098	westphalie	2
45099	mhuinntireas	2
45100	àire	2
45101	vietjet	2
45102	quy	2
45103	lorraine-brabant	2
45104	t-àrd-dhiùc	2
45105	nigliche	2
45106	sax	2
45107	phrionnsalachd-taghaidh	2
45108	prionnsaichean	2
45109	glomaich	2
45110	dromannan	2
45111	dheireagain	2
45112	bideinachoiresheasgaich	2
45113	sergeant	2
45114	beaton	2
45115	òigrigh	2
45116	màth	2
45117	reichenbach	2
45118	bischer	2
45119	bische	2
45120	taddey	2
45121	loher	2
45122	ortskunde	2
45123	souverainen	2
45124	rstenth	2
45125	stettinischen	2
45126	judaica	2
45127	dromanan	2
45128	dainiub	2
45129	sigmar	2
45130	taigh-pearsain	2
45131	abteilung	2
45132	vichy	2
45133	perrin	2
45134	tollcreagach	2
45135	manfred-hiebl	2
45136	genealogie-mittelalter	2
45137	lutz	2
45138	hiebl	2
45139	annalen	2
45140	susanne	2
45141	zyklon	2
45142	achralaig	2
45143	yigit	2
45144	vorbis	2
45145	gleusta	2
45146	eunaraig	2
45147	glenurquhartshintyclub	2
45148	slèitich	2
45149	ems	2
45150	lokales	2
45151	cker	2
45152	haren	2
45153	altstadt	2
45154	dike	2
45155	sgurrchoinnich	2
45156	regionen	2
45157	mdma	2
45158	egloffstein	2
45159	uni-wuerzburg	2
45160	ueber	2
45161	koenig	2
45162	baile-mor	2
45163	danub	2
45164	gertrud	2
45165	wahlen	2
45166	kommunalwahlen	2
45167	liste	2
45168	parl	2
45169	parliamentarian	2
45170	suche	2
45171	hertie	2
45172	occupation	2
45173	hoellentalbahn	2
45174	saalburg	2
45175	werra	2
45176	kirchenkreis	2
45177	vergessenen	2
45178	bomadaireachd	2
45179	eighth	2
45180	tabid	2
45181	frankford	2
45182	lovett	2
45183	inuk	2
45184	aboriginal	2
45185	wintranslation	2
45186	t-eaconomaidh	2
45187	cruit-rotha	2
45188	ionnsramaid-ciùil	2
45189	luingeas	2
45190	novembergruppe	2
45191	lemo	2
45192	schlo	2
45193	siebethsburg	2
45194	lìoga	2
45195	wilhemshaven	2
45196	suedzentrale	2
45197	neuengamme	2
45198	sellers	2
45199	giulan	2
45200	mcdougall	2
45201	gaming	2
45202	monopoly	2
45203	schwarzburg	2
45204	meinestadt	2
45205	instituts	2
45206	seasgachadh	2
45207	weltkrieg	2
45208	cuimhneachail	2
45209	forst	2
45210	tlug-jena	2
45211	uw	2
45212	raum	2
45213	umweltregional	2
45214	tlug	2
45215	ezzo	2
45216	sìldeag	2
45217	shieldaig	2
45218	lèith	2
45219	cuideacd	2
45220	sachsen-coburg	2
45221	herntrich	2
45222	ringischen	2
45223	kleinstaaten	2
45224	reiches	2
45225	freistaat	2
45226	schalkau	2
45227	hildburghausen-geschichte-der	2
45228	dampflokwerk	2
45229	thobht	2
45230	burgenstrasse	2
45231	showpage	2
45232	gotaha	2
45233	rennsteigtipp	2
45234	tomacelli	2
45235	ghnìomhaiche	2
45236	stato	2
45237	fuenterrebollo	2
45238	monitorenapoletano	2
45239	repubbliche-consorelle	2
45240	sui-venti-mesi-della-repubblica-romana-del	2
45241	monitore	2
45242	nalpoitano	2
45243	fionnbheinn	2
45244	regnum	2
45245	cai	2
45246	origines	2
45247	jours	2
45248	brune	2
45249	pup	2
45250	iroquis	2
45251	omh-rathad	2
45252	frayn	2
45253	becquerel	2
45254	davisson	2
45255	bothe	2
45256	bardeen	2
45257	sin-itiro	2
45258	tomonaga	2
45259	schwinger	2
45260	josephson	2
45261	ting	2
45262	nevill	2
45263	nicolaas	2
45264	rubbia	2
45265	perl	2
45266	zhores	2
45267	alferov	2
45268	riccardo	2
45269	kao	2
45270	konstantin	2
45271	englert	2
45272	ashkin	2
45273	strickland	2
45274	aspect	2
45275	south-ayrshire	2
45276	traboyack	2
45277	mhàim	2
45278	eirechanach	2
45279	forcan	2
45280	atw	2
45281	timelines	2
45282	prlib	2
45283	cefan	2
45284	ucm	2
45285	zeitklicks	2
45286	peacemaker	2
45287	balkanologie	2
45288	rumeli	2
45289	h-aidriadach	2
45290	osijek	2
45291	kark	2
45292	baedeker	2
45293	austria-hungary	2
45294	dalmatia	2
45295	rje	2
45296	znaci	2
45297	avizora	2
45298	urss	2
45299	ziare	2
45300	dùthchannan-buill	2
45301	zeszyty	2
45302	naukowe	2
45303	spiegl	2
45304	perspectiva	2
45305	partidul	2
45306	scornice	2
45307	niko	2
45308	hilium	2
45309	heillium	2
45310	os-lionn	2
45311	bhosonan	2
45312	fermionan	2
45313	langlet	2
45314	clach-uranium	2
45315	brosnachail	2
45316	sgrion	2
45317	beinn-achlaidheimh-demotion-sees-munro-list-down-to	2
45318	teallaich	2
45319	ghuardian	2
45320	gealan	2
45321	stèornabhagh	2
45322	breacadh	2
45323	phurpaidh	2
45324	leth-ghiùlanairean	2
45325	dacais	2
45326	t-siamh	2
45327	typis	2
45328	makk	2
45329	neti	2
45330	zad	2
45331	akad	2
45332	miai	2
45333	taisgear	2
45334	lithium	2
45335	mhaighdinn	2
45336	sathmar	2
45337	szatm	2
45338	phrìomh-àras	2
45339	dunaidh	2
45340	mion-chànain	2
45341	zillenmarkt	2
45342	zilai	2
45343	vauquelin	2
45344	bheirilium	2
45345	clach-lèig	2
45346	soithichean-adhair	2
45347	niutronach	2
45348	smachdachadh	2
45349	klausenburg	2
45350	clus	2
45351	bhòraig	2
45352	jelen	2
45353	meall-sgrìobhainn	2
45354	smetana	2
45355	cloc	2
45356	bertel	2
45357	karlsburg	2
45358	feh	2
45359	apulum	2
45360	suczawa	2
45361	szucs	2
45362	bukovina	2
45363	fuilt	2
45364	tharraingeach	2
45365	macnaghten	2
45366	cunnaic	2
45367	pronnastan	2
45368	sionc	2
45369	haifnium	2
45370	solar-uisge	2
45371	mathachadh	2
45372	dhì-ghalarach	2
45373	atomach	2
45374	hgo	2
45375	mealdruim	2
45376	oldmeldrum	2
45377	primera	2
45378	mhèinnear	2
45379	phuinnsean	2
45380	sulfair	2
45381	dineamait	2
45382	foghlamaich	2
45383	knightswood	2
45384	sgurrnanclachgeala	2
45385	chaillich	2
45386	sgurrbreac	2
45387	shùigheadh	2
45388	cead-dealbhachaidh	2
45389	dhealbhachaidh	2
45390	iarrtais	2
45391	cheann-latha	2
45392	freagarrachd	2
45393	electricity	2
45394	gharbhrain	2
45395	sgeirich	2
45396	mossford	2
45397	nineteenth	2
45398	inverlael	2
45399	long-time-healing	2
45400	rok	2
45401	xxxiii	2
45402	chliath	2
45403	benmoreassynt	2
45404	conival	2
45405	kylerhea	2
45406	goose	2
45407	bhogsa	2
45408	niceil	2
45409	nicrath	2
45410	groat	2
45411	isobel	2
45412	gobharaidh	2
45413	nicillinnein	2
45414	medallists	2
45415	torquil	2
45416	marggraf	2
45417	aloidh	2
45418	galbhanachadh	2
45419	portnalong	2
45420	harport	2
45421	radharc-eòlas	2
45422	neach-fastaidh	2
45423	gleadhraich	2
45424	spideanmialach	2
45425	gàirich	2
45426	càrbost	2
45427	sheann-lochlannais	2
45428	frith-choille	2
45429	phìoban	2
45430	geumaichean	2
45431	preasantadh	2
45432	polas	2
45433	macfhearghuis	2
45434	ginealaich	2
45435	eup	2
45436	tòimhseachan-tarsainn	2
45437	sgìre-taghaidh	2
45438	h-ùghdaran	2
45439	bonnach-luirg	2
45440	lìonrachaidh	2
45441	fèineag	2
45442	tumblr	2
45443	bhuilicheadh	2
45444	casse-cro	2
45445	liège	2
45446	bouquet	2
45447	càisean	2
45448	poutine	2
45449	annlain	2
45450	fries	2
45451	melanitta	2
45452	nigra	2
45453	anatidae	2
45454	macruaraidh	2
45455	copland	2
45456	cho-thionalan	2
45457	co-cheangal	2
45458	leabharlannaichean	2
45459	apex	2
45460	shiùbhlas	2
45461	laochain	2
45462	ròisgeul	2
45463	fantasaidh	2
45464	starz	2
45465	foireansach	2
45466	ataim	2
45467	fo-atamach	2
45468	tellus	2
45469	meatailteachd	2
45470	torquatus	2
45471	kreuznach	2
45472	balard	2
45473	maoise	2
45474	bun-bhiadh	2
45475	mhin-bhuidhe	2
45476	difluaraid	2
45477	bàrdachd-sgeòil	2
45478	clachan-mhèinnir	2
45479	crookes	2
45480	so-ithe	2
45481	craoibhe-pailm	2
45482	iomallaich	2
45483	tros	2
45484	cathair-stàit	2
45485	reidy	2
45486	fhidheall	2
45487	bodhran	2
45488	chieftains	2
45489	eyeworks	2
45490	fhaoinsgeulach	2
45491	trì-ogsaid	2
45492	thelurium	2
45493	courtois	2
45494	shenon	2
45495	ath-chuairteachaidh	2
45496	crios-cartachaidh	2
45497	tàth-chuid	2
45498	co-chàrnadh	2
45499	byhistorie	2
45500	mecetes	2
45501	pìoba-uilne	2
45502	uilleann	2
45503	coimisi	2
45504	aloideasa	2
45505	sheirbheiseach	2
45506	baga	2
45507	pìob-uilne	2
45508	coyne	2
45509	mccabe	2
45510	candles	2
45511	chonamara	2
45512	setterberg	2
45513	gnìomachais	2
45514	iomsgaraidh	2
45515	belonging	2
45516	coinbheinsean	2
45517	chòrdaidhean	2
45518	beno	2
45519	obair-èiginn	2
45520	dhaorsa	2
45521	debierne	2
45522	co-leaghan	2
45523	dh'iom-obraich	2
45524	dathail	2
45525	bhiocar	2
45526	gathachadh	2
45527	dubhadh	2
45528	t-eileagtron	2
45529	teòthachdan	2
45530	caoruinn	2
45531	ekeberg	2
45532	yttria	2
45533	dhearbhaicheadh	2
45534	cumhachd-thàlaidh	2
45535	aidheonach	2
45536	sgàradh	2
45537	siorcon	2
45538	cho-thàthaidhean	2
45539	ralf	2
45540	feochan	2
45541	lochbuie	2
45542	uisg	2
45543	sortindex	2
45544	dudum	2
45545	columbait	2
45546	pelopium	2
45547	ipsa	2
45548	ghraig	2
45549	ghràig	2
45550	tiombuctu	2
45551	sphondylium	2
45552	apiaceae	2
45553	mantegazzianum	2
45554	suaip	2
45555	snodhach	2
45556	eàrran	2
45557	ugunja	2
45558	colonization	2
45559	duatharach-geograph	2
45560	tungstat	2
45561	tungstaig	2
45562	elhuyar	2
45563	bloca-d	2
45564	gallowayfisheriestrust	2
45565	castledouglashighschool	2
45566	ogsaideachadh	2
45567	càrnar	2
45568	chreatlach	2
45569	spreadhaidhean	2
45570	h-iosatòpaichean	2
45571	ghreasadair-mhìrean	2
45572	cuimhneachan-sìthe	2
45573	staoinibrig	2
45574	moffatt-pender	2
45575	irisgeigh	2
45576	macdhòmhnuill	2
45577	snaoiseabhal	2
45578	clach-phlatanum	2
45579	seann-ghreugach	2
45580	crann-sgaoilidh	2
45581	transmitter	2
45582	scorradale	2
45583	dirk	2
45584	o-bon	2
45585	tump	2
45586	lochfoot	2
45587	slighe-d	2
45588	neo-iomlan	2
45589	kippford	2
45590	minnigaff	2
45591	kirkwynnin	2
45592	avanc	2
45593	ivry-sur-seine	2
45594	l'aviation	2
45595	by-colin-park	2
45596	slighe-choiseachd	2
45597	knee	2
45598	kommunistischen	2
45599	rèabhlaidean	2
45600	gheàrr-chunntas	2
45601	sòisealtasan	2
45602	rèabhaid	2
45603	ghlèidhteachail	2
45604	rèabhailt	2
45605	deamocrataich	2
45606	clàr-dùthcha	2
45607	teas-mheidh	2
45608	westside	2
45609	house-geograph	2
45610	by-bill-boaden	2
45611	by-christopher-hilton	2
45612	crofthouse	2
45613	fiold-geograph	2
45614	finstone	2
45615	gallowaygazette	2
45616	taigh-uachdair	2
45617	biddle	2
45618	patras	2
45619	glasserton	2
45620	ceithir-ogsaid	2
45621	moorland	2
45622	fheansa	2
45623	palnure	2
45624	aditnow	2
45625	dh'iridium	2
45626	mochrum	2
45627	broadhouse	2
45628	brugh	2
45629	naidhtreatan	2
45630	auchenmalg	2
45631	newton-stewart-dumfries-and-galloway-dg	2
45632	archiuk	2
45633	archiformngr	2
45634	ll-uk	2
45635	glaik	2
45636	leth-fhalaichte	2
45637	charaibich	2
45638	macsuaile	2
45639	t-uachdaran	2
45640	the-gardens	2
45641	aviation	2
45642	safety	2
45643	paileat	2
45644	ardwell	2
45645	kirkcowan	2
45646	lochans	2
45647	sowerby	2
45648	stròic	2
45649	atrata	2
45650	kasimir	2
45651	fluaraiseach	2
45652	diosgan	2
45653	toyota	2
45654	cnac	2
45655	kirkcolm	2
45656	caluim	2
45657	barnhills	2
45658	stranraer-dumfries-and-galloway-dg	2
45659	metres	2
45660	prometeus	2
45661	sùigheadh	2
45662	samarskit	2
45663	sorbie	2
45664	garlieston	2
45665	indefatigable	2
45666	ittria	2
45667	sgrìnichean	2
45668	mhagnaiteach	2
45669	whatischemistry	2
45670	earthelements	2
45671	lutecium	2
45672	aldebaranium	2
45673	cassiopeium	2
45674	rèidiografaidh	2
45675	dunragit	2
45676	rheged	2
45677	grianan-geograph	2
45678	castlebay	2
45679	ìomhaigh-chloiche	2
45680	by-john-lucas	2
45681	eireabhal-geograph	2
45682	shònrachaidh	2
45683	fhacas	2
45684	heisgeir	2
45685	luce	2
45686	chalafòrnium	2
45687	reanaich	2
45688	nedain	2
45689	finw	2
45690	edain	2
45691	istari	2
45692	ghondor	2
45693	rohan	2
45694	ceatharnaich	2
45695	silvan	2
45696	anor	2
45697	stiùbhardan	2
45698	uruk-hai	2
45699	urul	2
45700	wargs	2
45701	pàipear-sìolaidh	2
45702	spreadaidh	2
45703	tangabhal-geograph	2
45704	tangaval	2
45705	fhermium	2
45706	mhiughalaigh	2
45707	eòin-mara	2
45708	gearraidhean-glasa	2
45709	theiseabhal	2
45710	macphee's	2
45711	gilleachan	2
45712	gulvain	2
45713	cunbhalachan	2
45714	nall	2
45715	cliaid	2
45716	chliad	2
45717	phineas	2
45718	barnum	2
45719	meitnerium	2
45720	mheitnerium	2
45721	thairbeirt	2
45722	sheaborgium	2
45723	ogsaidein	2
45724	milnthorpe	2
45725	humps	2
45726	dh'àirde-rinneadh	2
45727	corbetts	2
45728	hso	2
45729	chumhachd-thàlaidh	2
45730	co-instititud	2
45731	fluaraiseachd	2
45732	maicreasgopaidh	2
45733	embl	2
45734	mhòlltaichte	2
45735	sgianan	2
45736	goodey's	2
45737	breedon	2
45738	hallam	2
45739	bosonan	2
45740	christiansen	2
45741	h-ola	2
45742	cungaidhean-leigheis	2
45743	albyn	2
45744	svetlana	2
45745	co-chruinneachaidhean	2
45746	fianaise	2
45747	academictree	2
45748	peopleinfo	2
45749	enzyme	2
45750	rubens	2
45751	mhathachadh	2
45752	paruig	2
45753	mac-an-tuairneir	2
45754	ath-chòireachadh	2
45755	chalcium	2
45756	cinneasachaidh	2
45757	clach-mhèinnear	2
45758	widmann	2
45759	muran	2
45760	meagaidh	2
45761	mauveine	2
45762	mollwo	2
45763	dh'iorac	2
45764	perspicillata	2
45765	delight	2
45766	achievement	2
45767	fhreumhaichean	2
45768	àitean-còmhnaidh	2
45769	helgi	2
45770	còsta	2
45771	constituencies	2
45772	trophy	2
45773	obvious	2
45774	mulachag	2
45775	macmahon	2
45776	brogan	2
45777	reacaireacht	2
45778	riadaigh	2
45779	amhrain	2
45780	maclabhrainn	2
45781	cuairtear	2
45782	sgeulachdan-ghoirid	2
45783	mulo	2
45784	desbarrancadero	2
45785	sicarios	2
45786	strauss	2
45787	euslaint	2
45788	roja	2
45789	kado	2
45790	procultura	2
45791	ealadair	2
45792	tuaireamach	2
45793	imposturolog	2
45794	dhubhadh	2
45795	bàidheil	2
45796	tamesis-weather-averages	2
45797	lince	2
45798	tuaman	2
45799	mcneil	2
45800	iomaine	2
45801	pools	2
45802	aphra	2
45803	shean-phàrantan	2
45804	anajnu	2
45805	stephan	2
45806	latinoamericana	2
45807	mhanizales	2
45808	felisa	2
45809	escritores	2
45810	amo	2
45811	gonzaga	2
45812	choilltean-uisge	2
45813	dhoch	2
45814	nacionales	2
45815	volumen	2
45816	negra	2
45817	chuthachadh	2
45818	tarbhdail	2
45819	traon	2
45820	beechwood	2
45821	fifedirect	2
45822	tròpaichean	2
45823	slateford	2
45824	bhuchain	2
45825	cucunuba	2
45826	panches	2
45827	patranan	2
45828	stephanie	2
45829	obedience	2
45830	intimacy	2
45831	seccombe	2
45832	capitalism	2
45833	verso	2
45834	darrel	2
45835	westview	2
45836	seann-nigheanan	2
45837	tòiseachaidhean	2
45838	h-èirige	2
45839	anglo-saxons	2
45840	ceanglaichean-chàirdeis	2
45841	do-sheachanta	2
45842	ceannasach	2
45843	mhaoidh	2
45844	mainearachas	2
45845	h-ibèire	2
45846	dhìoghladh	2
45847	tighearna-fearainn	2
45848	ionmhasaile	2
45849	peasant	2
45850	co-lìontachd	2
45851	neach-fianais	2
45852	chiallaich	2
45853	ainnir	2
45854	shìnte	2
45855	thuairme	2
45856	rapha	2
45857	changement	2
45858	mographique	2
45859	grandeur	2
45860	mographie	2
45861	cressy	2
45862	ourselves	2
45863	cuibheasan	2
45864	ban-shasannaich	2
45865	ban-shasannach	2
45866	bliadhnaichean-gineamhainn	2
45867	wrigley	2
45868	kaiserthum	2
45869	secretary	2
45870	fo-rùnaire	2
45871	newly	2
45872	maracaibo	2
45873	cias	2
45874	hace	2
45875	inces	2
45876	herrtoma	2
45877	uninorte	2
45878	uisinis	2
45879	atharradh	2
45880	fallon	2
45881	teipichean	2
45882	conflicts	2
45883	faberdeen	2
45884	engativa	2
45885	tenday	2
45886	legitimidad	2
45887	vitral	2
45888	moonfruit	2
45889	coisirdhuneideann	2
45890	gaelicchoir	2
45891	ggma	2
45892	mullgaelicchoir	2
45893	isir-gh	2
45894	mealbhaich	2
45895	inbhirchluaidh	2
45896	wix	2
45897	eeb	2
45898	bhioctòiria	2
45899	coisirlunnainn	2
45900	polanco	2
45901	fargyll	2
45902	t-seat	2
45903	clemencia-holgu	2
45904	adn-y-caro	2
45905	shìolraich	2
45906	sgaipte	2
45907	world-latin-america	2
45908	alfonso-lopez-pumarejo	2
45909	jordanhill	2
45910	chàlbhain	2
45911	ardila	2
45912	peinnseanan	2
45913	alberto-lleras-camargo	2
45914	h-eadar-amail	2
45915	roinnich	2
45916	milena	2
45917	phàipeir-naidheachd	2
45918	gavria	2
45919	educando	2
45920	navia	2
45921	mrs-guillermo-valencia-wife-of-colombian-president	2
45922	phrìomh-amas	2
45923	asia-abba	2
45924	destacados	2
45925	arbelaez	2
45926	eòlasan	2
45927	linajes	2
45928	thabhaich	2
45929	dhùilt	2
45930	fdundee	2
45931	dalia	2
45932	guerreros	2
45933	campesinos	2
45934	despojo	2
45935	cùltair	2
45936	new-p	2
45937	and-p	2
45938	polymer-notes-unveiled	2
45939	berwickshire	2
45940	macillfhialain	2
45941	virgilio-barco-vargas	2
45942	bliadhaichean	2
45943	spòrsachan-ciutha	2
45944	pòcaidean	2
45945	tulo	2
45946	luibh-eòlasach	2
45947	arcadia	2
45948	sàr-charaid	2
45949	monsgraupius	2
45950	distancia-de-velez-a-bucaramanga	2
45951	marquardt	2
45952	hispano-amerika	2
45953	seit	2
45954	liberale	2
45955	inegi	2
45956	inafed	2
45957	universidades	2
45958	eobhann	2
45959	shearmonan	2
45960	celts	2
45961	coibhniche	2
45962	ìorantas	2
45963	leantannach	2
45964	khierkegaard	2
45965	turasachd-tràighe	2
45966	dheàdhadh	2
45967	beni	2
45968	ano	2
45969	distanciasentreciudades	2
45970	codigo	2
45971	darhim	2
45972	impreso	2
45973	qaisar	2
45974	eldiariomontanes	2
45975	sanct	2
45976	victoriae	2
45977	iuliobrigensium	2
45978	unican	2
45979	docutren	2
45980	uniovi	2
45981	museos	2
45982	tripod	2
45983	peucag	2
45984	àird-mhusaeum	2
45985	colonizaci	2
45986	acnur	2
45987	phosail	2
45988	burrell	2
45989	bellahouston	2
45990	ro-spàinnteach	2
45991	ibereach	2
45992	iltaca	2
45993	bhandalaich	2
45994	dhoilidh	2
45995	espasa-calpe	2
45996	mapa-mediano	2
45997	fhionnlainn	2
45998	dealbhan-chluich	2
45999	apellidos	2
46000	riken	2
46001	mhoscovium	2
46002	dh'ameireagium	2
46003	thennessine	2
46004	ataman-amais	2
46005	dh'oganesson	2
46006	bìobaill	2
46007	sùil-lighiche	2
46008	tosh	2
46009	long-bhriseadh	2
46010	chàraichean-rèisidh	2
46011	h-ibearaich	2
46012	actashistoria	2
46013	ponferrada	2
46014	chandah	2
46015	lobetum	2
46016	landa	2
46017	miliarium	2
46018	prontuario	2
46019	normasmv	2
46020	milarium	2
46021	secker	2
46022	ahmad	2
46023	parnaseo	2
46024	stichomythia	2
46025	romans	2
46026	keene	2
46027	luchando	2
46028	voluntarios	2
46029	europeos	2
46030	fascista	2
46031	salvat	2
46032	perennial	2
46033	webber	2
46034	lindhurst	2
46035	remembered	2
46036	petrie	2
46037	fideus	2
46038	mion-cheasnachadh	2
46039	bermemar	2
46040	gwawr	2
46041	wenna	2
46042	aurelianus	2
46043	padarn	2
46044	deiniol	2
46045	cynan	2
46046	afan	2
46047	marchell	2
46048	seisyll	2
46049	clydog	2
46050	efa	2
46051	ferrers	2
46052	lacy	2
46053	gwladus	2
46054	grosmont	2
46055	howel	2
46056	wen	2
46057	llangadwaladr	2
46058	penry	2
46059	salusbury	2
46060	bayly	2
46061	herring	2
46062	lort	2
46063	puw	2
46064	llanddeti	2
46065	silvanus	2
46066	lisburne	2
46067	bradshaw	2
46068	mathews	2
46069	llangadfan	2
46070	yorke	2
46071	pughe	2
46072	stapleton	2
46073	scourfield	2
46074	nott	2
46075	gravell	2
46076	penson	2
46077	probert	2
46078	gronow	2
46079	zephaniah	2
46080	gibbon	2
46081	eliezer	2
46082	brinley	2
46083	mullock	2
46084	rolls	2
46085	lew	2
46086	trow	2
46087	shields	2
46088	piercy	2
46089	wynn-williams	2
46090	cadogan	2
46091	bufton	2
46092	grenfell	2
46093	traherne	2
46094	higginson	2
46095	marchant	2
46096	kenrick	2
46097	beriah	2
46098	horner	2
46099	greaves	2
46100	randell	2
46101	winton	2
46102	parfitt	2
46103	montford	2
46104	woosnam	2
46105	purnell	2
46106	sloman	2
46107	novello	2
46108	beresford	2
46109	puleston	2
46110	trainer	2
46111	hersee	2
46112	hannan	2
46113	phoebe	2
46114	garrett	2
46115	holme	2
46116	reuben	2
46117	moelwyn	2
46118	vachell	2
46119	jem	2
46120	hooper	2
46121	cunnington	2
46122	biggs	2
46123	dyfnallt	2
46124	stanton	2
46125	bartley	2
46126	pullman	2
46127	scrine	2
46128	blew	2
46129	buckler	2
46130	folland	2
46131	bate	2
46132	chappell	2
46133	partridge	2
46134	illtyd	2
46135	selina	2
46136	challenger	2
46137	carrington	2
46138	gwendoline	2
46139	piper	2
46140	fuller	2
46141	lumley	2
46142	parry-williams	2
46143	coldrick	2
46144	peake	2
46145	hollingdale	2
46146	griffith-jones	2
46147	maldwyn	2
46148	clem	2
46149	dora	2
46150	dion	2
46151	loveridge	2
46152	wilcox	2
46153	corsi	2
46154	gostick	2
46155	perce	2
46156	ike	2
46157	herbie	2
46158	hoddinott	2
46159	enid	2
46160	maybery	2
46161	monslow	2
46162	godding	2
46163	wyndham	2
46164	pascoe	2
46165	hilary	2
46166	whitcombe	2
46167	eynon	2
46168	pixie	2
46169	rees-williams	2
46170	parri	2
46171	heycock	2
46172	bamford	2
46173	cudlipp	2
46174	hanford	2
46175	benson	2
46176	brooke	2
46177	oakes	2
46178	trebor	2
46179	vickery	2
46180	lacey	2
46181	merlyn	2
46182	taffy	2
46183	ormond	2
46184	pennar	2
46185	petersen	2
46186	weare	2
46187	o'shea	2
46188	talfryn	2
46189	mccolm	2
46190	squires	2
46191	lilian	2
46192	delacourt-smith	2
46193	abse	2
46194	tamplin	2
46195	stansfield	2
46196	silkin	2
46197	witcomb	2
46198	jac	2
46199	molloy	2
46200	tasker	2
46201	meredydd	2
46202	shortt	2
46203	brynley	2
46204	yates	2
46205	wookey	2
46206	prys-davies	2
46207	dilwyn	2
46208	manchip	2
46209	stitfall	2
46210	ffowc	2
46211	peggy	2
46212	mcfarlane	2
46213	thorley	2
46214	robling	2
46215	brooks	2
46216	hedges	2
46217	curvis	2
46218	coombs	2
46219	royston	2
46220	osian	2
46221	greville	2
46222	janner	2
46223	spinetti	2
46224	robyn	2
46225	allchurch	2
46226	parkin	2
46227	burge	2
46228	mainwaring	2
46229	burrows	2
46230	parry-jones	2
46231	delme	2
46232	jeffery	2
46233	rowthorn	2
46234	warburton	2
46235	livsey	2
46236	godwin	2
46237	elgar	2
46238	hocking	2
46239	raven	2
46240	warlow	2
46241	ricky	2
46242	mcintosh	2
46243	mihangel	2
46244	toby	2
46245	broome	2
46246	nisbet	2
46247	jasmine	2
46248	slade	2
46249	dianne	2
46250	kel	2
46251	euros	2
46252	mcnally	2
46253	hennessey	2
46254	millington	2
46255	balogh	2
46256	eurfyl	2
46257	cefneithin	2
46258	denise	2
46259	goddard	2
46260	avoth	2
46261	metcalf	2
46262	upton	2
46263	sayer	2
46264	hibbard	2
46265	ley	2
46266	rodger	2
46267	ffred	2
46268	keen	2
46269	eirlys	2
46270	chard	2
46271	toshack	2
46272	clement-jones	2
46273	einir	2
46274	cheryl	2
46275	jed	2
46276	aizlewood	2
46277	dwyer	2
46278	lowri	2
46279	eleri	2
46280	attley	2
46281	bater	2
46282	letheren	2
46283	rawlins	2
46284	hackney	2
46285	pulis	2
46286	aneirin	2
46287	whitehouse	2
46288	ashfield	2
46289	lawlor	2
46290	schofield	2
46291	webbe	2
46292	blackmore	2
46293	peredur	2
46294	haynes	2
46295	mererid	2
46296	mcallister	2
46297	manon	2
46298	antoniazzi	2
46299	lilygreen	2
46300	sally	2
46301	hodge	2
46302	rowbotham	2
46303	wainwright	2
46304	kathy	2
46305	pettigrew	2
46306	eiry	2
46307	buckland	2
46308	mustoe	2
46309	sheen	2
46310	cerys	2
46311	nogan	2
46312	cable	2
46313	mcbryde	2
46314	keiron	2
46315	worthington	2
46316	searle	2
46317	gwion	2
46318	dainton	2
46319	giggs	2
46320	becky	2
46321	sioned	2
46322	scott-lee	2
46323	amel	2
46324	shephard	2
46325	kyron	2
46326	gravelle	2
46327	handley	2
46328	melangell	2
46329	o'leary	2
46330	eben	2
46331	fflur	2
46332	sidoli	2
46333	brewerton	2
46334	sweeney	2
46335	jermaine	2
46336	alicia	2
46337	arron	2
46338	rheon	2
46339	meinir	2
46340	jess	2
46341	gustafson	2
46342	steph	2
46343	lydia	2
46344	elliot	2
46345	watts-jones	2
46346	gunter	2
46347	natalie	2
46348	jodie	2
46349	crawley	2
46350	myhill	2
46351	cory	2
46352	holborn	2
46353	devries	2
46354	seb	2
46355	lukas	2
46356	heywood	2
46357	gronw	2
46358	alley	2
46359	pole	2
46360	corry	2
46361	mcfee	2
46362	blàthain	2
46363	tess	2
46364	chomhraic	2
46365	hamhnais	2
46366	chlainne	2
46367	cunntais-shluaigh	2
46368	broic	2
46369	churraigh	2
46370	crossmyloof	2
46371	earrainnean	2
46372	snaigheadh	2
46373	phrìseil	2
46374	ginealachdan	2
46375	greissinger	2
46376	vierte	2
46377	vielleicht	2
46378	konzeptionen	2
46379	nicht-leben	2
46380	hltexten	2
46381	semiotisch-strukturale	2
46382	epochenanalyse	2
46383	hochschulschriften	2
46384	weg	2
46385	d'un	2
46386	frankisch	2
46387	boarisch	2
46388	t-albam	2
46389	ball-liosta	2
46390	sultaine	2
46391	vilaweb	2
46392	quit	2
46393	blytheswood	2
46394	curam	2
46395	cathrannas	2
46396	ghnìomhachasach	2
46397	macalasdair	2
46398	resignation	2
46399	bitheileas	2
46400	bhuidseid	2
46401	seannsalairean	2
46402	chardainn	2
46403	dems	2
46404	ro-inns	2
46405	coulson	2
46406	vibrations	2
46407	kerrs	2
46408	elisha	2
46409	martyrdom	2
46410	cuailgne	2
46411	fcoor	2
46412	fimg	2
46413	maclathagain	2
46414	tannahill	2
46415	spideil	2
46416	maxton	2
46417	lìonacro	2
46418	sheina	2
46419	ceileabost	2
46420	gabrielle	2
46421	scarasta	2
46422	leideag	2
46423	knussen	2
46424	wolffe	2
46425	màthrachais	2
46426	bardell	2
46427	dòirling	2
46428	chlaisneachd	2
46429	paipear	2
46430	eireasort	2
46431	glìb	2
46432	akr	2
46433	runn	2
46434	polje	2
46435	dhalarna	2
46436	dalarna-university	2
46437	eskil	2
46438	dh'fhadadh	2
46439	con-dobhraid	2
46440	cundurat	2
46441	dyfrhad	2
46442	parlington	2
46443	skagern	2
46444	uppsala-university	2
46445	time-zone	2
46446	european-union	2
46447	linkoping	2
46448	linkoping-university	2
46449	kvinnor	2
46450	kultmed	2
46451	shligheach	2
46452	h-ògmhios	2
46453	jonkoping-university	2
46454	artikelserier	2
46455	orebro-university	2
46456	wester	2
46457	siljanrunt	2
46458	helin	2
46459	broen	2
46460	malmberg	2
46461	bror	2
46462	theobserver	2
46463	irina	2
46464	rklund	2
46465	discogs	2
46466	scar	2
46467	johansson	2
46468	gaelic-medium-education	2
46469	fhàghail	2
46470	breasclete	2
46471	làrach-linn	2
46472	brochure	2
46473	nua-eòlas	2
46474	fàireadh	2
46475	reisinger	2
46476	drinking	2
46477	landskap	2
46478	tòn-rùisgte	2
46479	lexikonettamanda	2
46480	rslexikon	2
46481	buirg	2
46482	diva	2
46483	earthly	2
46484	booklet	2
46485	henning-mankell-i-boras-jag-ar-lite-oroad-over-att-vara-tillbaka-har	2
46486	ana-ceartas	2
46487	stig	2
46488	kis	2
46489	riksdagen	2
46490	hurlford	2
46491	sjunde	2
46492	inseglet	2
46493	norra	2
46494	butn	2
46495	phiana	2
46496	kennedy-fraser	2
46497	kristianstads	2
46498	nsi-g	2
46499	leijonhufvud	2
46500	ture	2
46501	bielke	2
46502	riksdag	2
46503	lmaren	2
46504	lusach	2
46505	mtland	2
46506	hirohito	2
46507	aichilidh	2
46508	achiltibuie	2
46509	kalmarnir	2
46510	rande	2
46511	bokf	2
46512	phlanadh	2
46513	gastrikland	2
46514	fhear-ealain	2
46515	condotti	2
46516	charlotta	2
46517	dramatiska	2
46518	dramaten	2
46519	sverigesradio	2
46520	sida	2
46521	programid	2
46522	ortsnamn	2
46523	murberget	2
46524	representations	2
46525	solas-dealain	2
46526	birger	2
46527	polopoly	2
46528	julevs	2
46529	filmdatabas	2
46530	tijden	2
46531	actor	2
46532	expendables	2
46533	max-von-sydow	2
46534	freya	2
46535	sven	2
46536	bengtsson	2
46537	tayside	2
46538	coimhearachd	2
46539	so-rummet	2
46540	kategorier	2
46541	rummet	2
46542	danmarkshistorien	2
46543	leksikon-og-kilder	2
46544	sgoirebreac	2
46545	rsta	2
46546	kvinnliga	2
46547	fram	2
46548	levandemusikarv	2
46549	tonsattare	2
46550	levande	2
46551	musikarv	2
46552	ett	2
46553	studie	2
46554	sòn	2
46555	meanbhfàs-bheairt	2
46556	t-euslainteach	2
46557	lassg	2
46558	arbetarbladet	2
46559	sqvinnor	2
46560	shoisgeulach	2
46561	uppslagsbok	2
46562	citadellet	2
46563	roles	2
46564	dràibhear-rèisidh	2
46565	wisell	2
46566	espn	2
46567	motorsport	2
46568	teannais	2
46569	rune	2
46570	nojesbladet	2
46571	staf	2
46572	wattrang	2
46573	seach-labhrach	2
46574	sil	2
46575	nordica	2
46576	coimiseanan	2
46577	blix	2
46578	liberalerna	2
46579	socialdemokraterna	2
46580	olof-palme	2
46581	socialdemokratiska	2
46582	danielsson	2
46583	simferopol	2
46584	petro	2
46585	impose	2
46586	aimed	2
46587	difficult	2
46588	moderaterna	2
46589	tlandshaf	2
46590	laimhrig-mhòr	2
46591	ushinish	2
46592	lusoponte	2
46593	cruinneachair	2
46594	scri	2
46595	ahvenanmeri	2
46596	foreca	2
46597	havet	2
46598	lansstyrelsen	2
46599	rak	2
46600	forlag	2
46601	rdshavet	2
46602	mattias	2
46603	morghan	2
46604	middelalderinfo	2
46605	pillar	2
46606	stèisean-rèideir	2
46607	azi	2
46608	anadolu	2
46609	adiyamanli	2
46610	denizi	2
46611	harlow	2
46612	classification	2
46613	nationalgeographic	2
46614	bliadhna-sholais	2
46615	bse	2
46616	beòtha	2
46617	errdate	2
46618	monat	2
46619	ltig	2
46620	errscheme	2
46621	unkown	2
46622	unbekannt	2
46623	problemnote	2
46624	scategory	2
46625	versioning	2
46626	queried	2
46627	grìogaireach	2
46628	sonrachadh	2
46629	getyear	2
46630	countdays	2
46631	stannardachaidh	2
46632	defaultpage	2
46633	defaultclasses	2
46634	trimming	2
46635	orlist	2
46636	stringifylistdefaultoptions	2
46637	altseparator	2
46638	formatpages	2
46639	conj	2
46640	andkeyword	2
46641	othertext	2
46642	forseeform	2
46643	elsewhere	2
46644	usestr	2
46645	pagesstr	2
46646	expects	2
46647	symbol-accepts-html-only	2
46648	samp	2
46649	duper	2
46650	kbit	2
46651	mbit	2
46652	gbit	2
46653	tbit	2
46654	kya	2
46655	mya	2
46656	bya	2
46657	mgal	2
46658	uj	2
46659	electromagnetism	2
46660	yva	2
46661	zva	2
46662	tva	2
46663	mva	2
46664	astrophysics	2
46665	luminosity	2
46666	osmol	2
46667	phrases	2
46668	decilliard	2
46669	milliard	2
46670	millionth	2
46671	millionths	2
46672	nonilliard	2
46673	octilliard	2
46674	quadrilliard	2
46675	quintilliard	2
46676	septilliard	2
46677	sextilliard	2
46678	trilliard	2
46679	bhòlcanach	2
46680	ores	2
46681	transclusion	2
46682	luchdaich	2
46683	reusing	2
46684	ipcc	2
46685	bloigheagan	2
46686	gnàth-shìdean	2
46687	simplesearch	2
46688	agron	2
46689	udel	2
46690	uprm	2
46691	errconflict	2
46692	errmissing	2
46693	erhard	2
46694	herausgeber	2
46695	bhrosnaicheas	2
46696	shùigheas	2
46697	adiabataig	2
46698	co-dhlùthaichidh	2
46699	shileadh	2
46700	fundeu	2
46701	rie	2
46702	snet	2
46703	chriostalan	2
46704	stonehenge	2
46705	ortadogsaich	2
46706	l'espace	2
46707	cho-dhlùthaicheas	2
46708	marulaigh	2
46709	sindavefur	2
46710	co-leanailteas	2
46711	mul	2
46712	dh'fhulaingeadh	2
46713	shonsa	2
46714	medocular	2
46715	luchd-giùlain	2
46716	fhaicsinneach	2
46717	speactraim	2
46718	makar	2
46719	physique	2
46720	tonn-fhaid	2
46721	alberti	2
46722	darstellungen	2
46723	speactrasgòpachd	2
46724	mcmillen	2
46725	sociale	2
46726	reubalach	2
46727	girondins	2
46728	aisgerbheinn	2
46729	hurabhat	2
46730	leachach	2
46731	fura	2
46732	rockville	2
46733	phais	2
46734	wiktor	2
46735	dubois	2
46736	warszawska	2
46737	arrondissement	2
46738	voies	2
46739	voieactu	2
46740	eugene-varlin-aux-origines-du	2
46741	macommunedeparis	2
46742	auguste-vermorel	2
46743	jeune	2
46744	languedoc-roussillon-midi-pyr	2
46745	narbo	2
46746	martius	2
46747	saint-di	2
46748	des-vosges	2
46749	colonachd	2
46750	sant-etiève	2
46751	depuis	2
46752	sedan	2
46753	franco-prussian	2
46754	seuil	2
46755	sèvres	2
46756	quercy	2
46757	sav	2
46758	caucas	2
46759	cairtbheileach	2
46760	kaukasos	2
46761	eòlaiche-cungaidh	2
46762	prostaglandinean	2
46763	h-uachdranasan	2
46764	dhàimh	2
46765	aon-chànanach	2
46766	liding	2
46767	eòlaichean-fiosaig	2
46768	earraideach	2
46769	rianachadh	2
46770	mòdan-ceartais	2
46771	tuna	2
46772	svensk-norska	2
46773	unionen	2
46774	torbjornnilsson	2
46775	popularhistoria	2
46776	popul	2
46777	dìuc	2
46778	ath-thog	2
46779	arkivcentrum	2
46780	eadar-bhreithe	2
46781	freds	2
46782	skiljedomsf	2
46783	npparnol	2
46784	arnoldssons	2
46785	kartor	2
46786	flygfoto	2
46787	distance-from-dalarna-to-tumba-se	2
46788	leadsom	2
46789	uk-politics	2
46790	naomh-mhallachd	2
46791	thoghadh	2
46792	timmer	2
46793	fhiodhraich	2
46794	bruk	2
46795	hep	2
46796	albaim	2
46797	buidheann-stiùiridh	2
46798	brink	2
46799	odain	2
46800	guidebook	2
46801	diobraltar	2
46802	ir-roinn	2
46803	dhiadhaidh	2
46804	siontò	2
46805	sokyo	2
46806	ono	2
46807	tuttle	2
46808	h-ìmpirean	2
46809	insh	2
46810	cho-cheanglachail	2
46811	foincseanan	2
46812	mhicamhlaigh	2
46813	dàna-thursan	2
46814	goddin	2
46815	scouts	2
46816	làitheachan	2
46817	vingtième	2
46818	flupke	2
46819	popol	2
46820	zette	2
46821	jocko	2
46822	chomaig	2
46823	sheachdaineil	2
46824	rèinigeadal	2
46825	ghaeltacht	2
46826	albicilla	2
46827	about-mayo	2
46828	outline-history-of-mayo-full	2
46829	màladairean	2
46830	ana-cothromach	2
46831	luchd-seilbhe	2
46832	chuig	2
46833	sausage	2
46834	pìosan-ciùil	2
46835	fàs-bheart	2
46836	druim-altachan	2
46837	neo-druim-altachain	2
46838	pàrataidh-teairrds	2
46839	sheonachain	2
46840	bennington	2
46841	beingean-cùil	2
46842	cetacea	2
46843	ahasuerus	2
46844	hàman	2
46845	mordecai	2
46846	diadhach	2
46847	bracken	2
46848	garvald	2
46849	cathair-stàitean	2
46850	iar-fhlaitheachd	2
46851	cinnean	2
46852	rèitire	2
46853	duguid	2
46854	aitreabhta	2
46855	acgamerica	2
46856	application	2
46857	siognail	2
46858	taisgealaidh	2
46859	ainm-chlàr	2
46860	huell	2
46861	howser	2
46862	ainmeatach	2
46863	ciont	2
46864	pheacaidh	2
46865	iomchar	2
46866	trid	2
46867	ruin	2
46868	buan-mhaireachduinn	2
46869	so-r	2
46870	roimh-thagadh	2
46871	saor-thoil	2
46872	neo-chaochlachd	2
46873	arminius	2
46874	còmhdail	2
46875	goulet	2
46876	plouzweb	2
46877	sylvia-plath	2
46878	meacanaig	2
46879	chluaineas	2
46880	dhiofraichte	2
46881	coileach-gòthan	2
46882	kafon	2
46883	mèinnean-talmhainn	2
46884	galson	2
46885	leucopsis	2
46886	topeòlasach	2
46887	drem	2
46888	gòineig	2
46889	cubanet	2
46890	searbhant	2
46891	az-balart	2
46892	chiv	2
46893	chastro	2
46894	dostoyevsky	2
46895	ucsb	2
46896	atenas	2
46897	dostoevsky	2
46898	kessinger	2
46899	punishment	2
46900	haxton	2
46901	macgibbon	2
46902	guije	2
46903	horizont	2
46904	vozes	2
46905	ologie	2
46906	marcia	2
46907	lovelock	2
46908	dheasach	2
46909	unirank	2
46910	bhrasilia	2
46911	philosopher	2
46912	inwood	2
46913	cholbhaiche	2
46914	heise	2
46915	jfklibrary	2
46916	asset-viewer	2
46917	chàireadh	2
46918	verkh-zhilino	2
46919	heroes	2
46920	remek	2
46921	americaspace	2
46922	astronauts	2
46923	bolshoye	2
46924	maslennikovo	2
46925	listvyanka	2
46926	russia's	2
46927	praxis	2
46928	odyssey	2
46929	solmeyer	2
46930	crouter	2
46931	longitudinal	2
46932	associations	2
46933	sibling	2
46934	risky	2
46935	adolescenc	2
46936	proto	2
46937	baracoa	2
46938	soyez	2
46939	stache	2
46940	raumfahrer	2
46941	rverlag	2
46942	dagens	2
46943	spacefacts	2
46944	uszyn	2
46945	theothachdan	2
46946	kirzhachsky	2
46947	yaroslavl	2
46948	kronstadt	2
46949	ohiodnr	2
46950	tableservices	2
46951	productview	2
46952	aberlady	2
46953	gosford	2
46954	phoilitigs	2
46955	phàtran-naomh	2
46956	gurion	2
46957	yester	2
46958	cockburn	2
46959	sanaidh	2
46960	leumrabhadh	2
46961	reul-chriosa	2
46962	kildonan	2
46963	forsinard	2
46964	scotscalder	2
46965	railidh	2
46966	telecom	2
46967	achavandra	2
46968	craoich	2
46969	clìn	2
46970	àisir	2
46971	badcall	2
46972	sgobhairigh	2
46973	loth	2
46974	sgeirea	2
46975	tranntail	2
46976	marcos	2
46977	thrèan	2
46978	astronomia	2
46979	gerlach	2
46980	strutt	2
46981	cho-eòlaiche	2
46982	threas	2
46983	h-àrainne	2
46984	alooke	2
46985	fhoilleachadh	2
46986	stad-rèile	2
46987	ailleart	2
46988	sgìrean-clàraidh	2
46989	bùithean-obrach	2
46990	appointment	2
46991	one-year	2
46992	connect	2
46993	web-based	2
46994	wikimedian-in-residence	2
46995	wikimedian	2
46996	glam	2
46997	hypatia	2
46998	mahony	2
46999	grattan	2
47000	às-phortaich	2
47001	phytophora	2
47002	infestans	2
47003	càintean	2
47004	mechanism	2
47005	dh'fhoghain	2
47006	galar-àraidh	2
47007	aramaich	2
47008	ngael	2
47009	shoillsich	2
47010	eilthireachaidh	2
47011	nightingale	2
47012	adventure	2
47013	idhteachas	2
47014	gearra-sgadain	2
47015	milvio	2
47016	shamhlaidhean	2
47017	lùtaireach	2
47018	chaucer	2
47019	maxim	2
47020	ileadairean	2
47021	dh'iomair	2
47022	beastie	2
47023	dheoch	2
47024	irelandscw	2
47025	ibvol-patten	2
47026	ireland's	2
47027	dheugair	2
47028	nibhurrereya	2
47029	manetho	2
47030	cartouche	2
47031	phàraohan	2
47032	thoilicheas	2
47033	hekaiunushema	2
47034	heliopolis	2
47035	ro-ainm	2
47036	leth-phiuthair	2
47037	saleem	2
47038	sahar	2
47039	àrd-vizir	2
47040	nodh	2
47041	ath-aiseag	2
47042	ath-aisig	2
47043	karnak	2
47044	sciencedaily	2
47045	tut's	2
47046	thutmoses	2
47047	neacrois	2
47048	mumaidhean	2
47049	newscientist	2
47050	dh'fhianais	2
47051	galarachadh	2
47052	thràith	2
47053	bolzano	2
47054	ghlùinean	2
47055	daon-eòlaiche	2
47056	luxor	2
47057	damnatio	2
47058	memoriae	2
47059	hittites	2
47060	epoch	2
47061	leas-mhàthair	2
47062	leth-pheathraichean	2
47063	egyptian	2
47064	iar-rìgh	2
47065	cult	2
47066	biblical	2
47067	tutankhamuns	2
47068	corrected	2
47069	proof	2
47070	bes	2
47071	bathar-tìodhlacaidh	2
47072	phlòighean	2
47073	lions	2
47074	gowk	2
47075	gealag-bhuachair	2
47076	calandra	2
47077	schleyer	2
47078	obas	2
47079	obsik	2
47080	obes	2
47081	obis	2
47082	geurlann	2
47083	retreut	2
47084	dicuil	2
47085	computus	2
47086	pxseo	2
47087	guadarrama	2
47088	làmh-sgrìobhadh	2
47089	auraicept	2
47090	peutanach	2
47091	urnuigh	2
47092	buaireasach	2
47093	seathach	2
47094	nete	2
47095	ecgfrith	2
47096	chuck-berry-mn	2
47097	tuinne	2
47098	tsunamian	2
47099	marbhtaiche	2
47100	teams	2
47101	mcandrew	2
47102	talks	2
47103	auteur	2
47104	cheimeagair	2
47105	orb	2
47106	renormalization	2
47107	massless	2
47108	nuphb	2
47109	eileagtronaiceach	2
47110	uci	2
47111	openarch	2
47112	scientifique	2
47113	pays-bas	2
47114	deuchainn-lainn	2
47115	wal	2
47116	loonse	2
47117	schouwen-duveland	2
47118	oorlogsmonument	2
47119	ijmeer	2
47120	westpoort	2
47121	zaandijk	2
47122	gràbhalaiche	2
47123	assendelfter	2
47124	semarang	2
47125	persoon	2
47126	ghathan	2
47127	niuclasan	2
47128	fermion	2
47129	niuclas	2
47130	collision	2
47131	nàdarrachas	2
47132	lozano	2
47133	ficos	2
47134	ainmh-eòlaiche	2
47135	sipca	2
47136	codina	2
47137	alvir	2
47138	pares	2
47139	haringay	2
47140	uknews	2
47141	churadain	2
47142	chlùdaidh	2
47143	ahimsa	2
47144	violence	2
47145	darkness	2
47146	scrobbe	2
47147	vegsoc	2
47148	pàigh	2
47149	thenational	2
47150	worker	2
47151	acas	2
47152	co-aontachaidhean	2
47153	uairean-obrach	2
47154	chùisean-gearain	2
47155	sgioba-stiùiridh	2
47156	pharlamaid	2
47157	theglasgowstory	2
47158	inum	2
47159	tgse	2
47160	cleamhnachadh	2
47161	chonnspairn	2
47162	rosehaugh	2
47163	avoch-geograph	2
47164	greum	2
47165	embryo	2
47166	òtasam	2
47167	kann	2
47168	moravskoslezsk	2
47169	czecot	2
47170	kolin	2
47171	emperor's	2
47172	nachod	2
47173	ota	2
47174	olomouck	2
47175	muni	2
47176	zivotopis	2
47177	vaclav-havel	2
47178	prezident-cr	2
47179	prezidenti-v-minulosti	2
47180	trutnov	2
47181	geoportal	2
47182	ostrawitza	2
47183	waymarking	2
47184	martyrs	2
47185	obce	2
47186	sto	2
47187	jiho	2
47188	nisa	2
47189	fonetika	2
47190	erih	2
47191	dezs	2
47192	ghòrdan	2
47193	husaich	2
47194	rubrik	2
47195	mengs	2
47196	anton-raphael-mengs	2
47197	ignatz	2
47198	husitstvi	2
47199	galerie	2
47200	hrigen	2
47201	schlacht	2
47202	pardubick	2
47203	phardubice	2
47204	heydrichiada	2
47205	garrigue	2
47206	toma	2
47207	tomas-garrigue-masaryk	2
47208	reichs-gesetz-blatt	2
47209	zspeska	2
47210	bettina	2
47211	bhreac-fhrangach	2
47212	beforenow	2
47213	afternow	2
47214	unused	2
47215	stackoverflow	2
47216	cc-by-sa	2
47217	fallbacks	2
47218	pending	2
47219	allclaims	2
47220	baseline	2
47221	requirements	2
47222	addediticontable	2
47223	printdatatypeexternal	2
47224	printdatatypemedia	2
47225	printdatatypecoordinate	2
47226	unitsymbol	2
47227	multilingual	2
47228	unitcode	2
47229	rounddefprecision	2
47230	printdatatypequantity	2
47231	durationh	2
47232	intyear	2
47233	printdatatypeentity	2
47234	printdatatypemonolingual	2
47235	tabular-data	2
47236	getqualifiersnak	2
47237	terminology	2
47238	getvalueofparentclaim	2
47239	notproperref	2
47240	setwhiteorblacklist	2
47241	colformat	2
47242	comparator	2
47243	ranka	2
47244	comma-separator	2
47245	numeric-id	2
47246	getparentobjects	2
47247	propertysupstring	2
47248	propertysups	2
47249	maxloop	2
47250	infoboxlabel	2
47251	parentobjectstostring	2
47252	rowtext	2
47253	uptolabelid	2
47254	showlabelid	2
47255	linkwithparentlabel	2
47256	yearsold	2
47257	getbestvalue	2
47258	infoboxlabelsfromid	2
47259	editatwikidata	2
47260	getlistitem	2
47261	attrtype	2
47262	buildlist	2
47263	argnums	2
47264	framestyle	2
47265	ulclass	2
47266	ulstyle	2
47267	delinkpipetrick	2
47268	getdelinkedtarget	2
47269	getdelinkedlabel	2
47270	interwikis	2
47271	multiline	2
47272	delinkurl	2
47273	delinked	2
47274	delinkfunction	2
47275	idea	2
47276	maxsize	2
47277	centered	2
47278	suppressplaceholder	2
47279	suppresses	2
47280	outputs	2
47281	isplaceholder	2
47282	capitalise	2
47283	infoboxes	2
47284	maxsizenumber	2
47285	infoboxdata	2
47286	parserfunctions	2
47287	batches	2
47288	non-table	2
47289	talkpagetitle	2
47290	fullurl	2
47291	fontcolor	2
47292	best-effort	2
47293	reported	2
47294	selecting	2
47295	camanaiche	2
47296	datacella	2
47297	dataaid	2
47298	classa	2
47299	dataastyle	2
47300	renderb	2
47301	datacellb	2
47302	classb	2
47303	databstyle	2
47304	renderc	2
47305	datacellc	2
47306	classc	2
47307	datacstyle	2
47308	datastylea	2
47309	datastyleb	2
47310	datastylec	2
47311	showblankpos	2
47312	attalus	2
47313	gnìomharra	2
47314	abig-am-bioball-iomraidh-gaidhlig	2
47315	tuirich	2
47316	seljuq	2
47317	tanitma	2
47318	comhairlean-eaglaise	2
47319	constantinopoulos	2
47320	mamalucach	2
47321	oaks	2
47322	artemis	2
47323	earthquakes	2
47324	onassis	2
47325	lutra	2
47326	macedon	2
47327	thessal	2
47328	nike	2
47329	egnatia	2
47330	dyrrachium	2
47331	amore	2
47332	illyricum	2
47333	relations	2
47334	devrimi	2
47335	tuircich	2
47336	hurst	2
47337	smout	2
47338	berresford	2
47339	bilgi	2
47340	safargig	2
47341	cecelia	2
47342	venier	2
47343	baffo	2
47344	nurbanu-sultan	2
47345	fjala	2
47346	kultplus	2
47347	bozarslan	2
47348	biyografi	2
47349	immi	2
47350	ahmet	2
47351	icerik	2
47352	fun	2
47353	teknik	2
47354	objevuje	2
47355	listu	2
47356	apostle-tertius-of-the-seventy	2
47357	athenaeus	2
47358	hatti	2
47359	crois-rathaid	2
47360	abb	2
47361	mhulsamach	2
47362	uthm	2
47363	otoman	2
47364	pronunciation-of-english-interdental-fricatives-by-french-and-spanish-l	2
47365	devlet	2
47366	mparatorlu	2
47367	t-snaidhm	2
47368	thachart	2
47369	shrader	2
47370	withered	2
47371	logistics	2
47372	insurgency	2
47373	praeger	2
47374	stalin's	2
47375	signeul	2
47376	coidse	2
47377	vittsj	2
47378	adalet	2
47379	kalk	2
47380	marksist	2
47381	davison	2
47382	beyli	2
47383	felek	2
47384	zgen	2
47385	re-creating	2
47386	iii's	2
47387	self-fashioning	2
47388	interregnum	2
47389	sancakbeyi	2
47390	kafadar	2
47391	cemal	2
47392	hunyadi	2
47393	ochsenwald	2
47394	dimetoka	2
47395	lbahar	2
47396	shelim	2
47397	diplomacy	2
47398	tekirda	2
47399	zigetvar	2
47400	floss	2
47401	frey	2
47402	dashnaktsutyun	2
47403	bask	2
47404	hairenik	2
47405	szigetv	2
47406	sziget	2
47407	aonamh	2
47408	ehzade	2
47409	ansiklopedisi	2
47410	safavid	2
47411	periodicals	2
47412	safiye	2
47413	viteazul	2
47414	tezcan	2
47415	baki	2
47416	reassessment	2
47417	deposition	2
47418	predecessors	2
47419	tarih	2
47420	baictearach	2
47421	caothach	2
47422	armenian	2
47423	rayon	2
47424	eurasianet	2
47425	brahim	2
47426	bhràthair-chèile	2
47427	nalc	2
47428	halil	2
47429	caratzas	2
47430	cheannasaich	2
47431	bhàsaicheas	2
47432	parade	2
47433	loughor	2
47434	lliw	2
47435	sixth	2
47436	increase	2
47437	sgoileadh	2
47438	bearuig	2
47439	chuingich	2
47440	tighearnasan	2
47441	coimiseanairean	2
47442	t-solair	2
47443	seann-chaidreachas	2
47444	oilibhear	2
47445	crombalach	2
47446	goodacre	2
47447	t-seansalair	2
47448	regiam	2
47449	majestatem	2
47450	hurstwic	2
47451	siorraman	2
47452	bòidean	2
47453	neo-uasal	2
47454	leth-mheud	2
47455	plàighe-duibhe	2
47456	tyrrell	2
47457	h-albaise	2
47458	clearer	2
47459	foundations	2
47460	lacking	2
47461	decline	2
47462	orders	2
47463	condemned	2
47464	lairds	2
47465	papal	2
47466	calvinism	2
47467	reformers	2
47468	persecution	2
47469	liturgy	2
47470	compromise	2
47471	presbyteries	2
47472	historiography	2
47473	restored	2
47474	tended	2
47475	scholarly	2
47476	monasteries	2
47477	sewing	2
47478	nuns	2
47479	decreed	2
47480	twelfth	2
47481	wanting	2
47482	humanist	2
47483	historian	2
47484	contacts	2
47485	woodcut	2
47486	heritors	2
47487	councils	2
47488	privy	2
47489	commanded	2
47490	landowners	2
47491	credited	2
47492	wives	2
47493	simplified	2
47494	elevated	2
47495	specialist	2
47496	offered	2
47497	assisted	2
47498	defunct	2
47499	fleets	2
47500	i's	2
47501	controlled	2
47502	feudal	2
47503	crews	2
47504	merchantmen	2
47505	yard	2
47506	assistance	2
47507	warships	2
47508	carvel	2
47509	rowman	2
47510	littlefield	2
47511	expeditions	2
47512	intervened	2
47513	shipping	2
47514	bought	2
47515	marque	2
47516	indies	2
47517	allied	2
47518	impressment	2
47519	warriors	2
47520	antiquaries	2
47521	poorly	2
47522	armoured	2
47523	spear	2
47524	augmented	2
47525	archers	2
47526	soldier	2
47527	hands	2
47528	gunpowder	2
47529	begun	2
47530	veterans	2
47531	triumph	2
47532	fighting	2
47533	campaigns	2
47534	regiments	2
47535	altogether	2
47536	garrison	2
47537	printsec	2
47538	frontcover	2
47539	banner	2
47540	sovereign	2
47541	x-shaped	2
47542	depicted	2
47543	guardians	2
47544	namely	2
47545	crux	2
47546	identification	2
47547	flaginstitute	2
47548	commissioned	2
47549	designs	2
47550	overlaid	2
47551	unofficial	2
47552	proficient	2
47553	usefully	2
47554	thruinnsear	2
47555	tiananmen	2
47556	h-ochd-chasaich	2
47557	ribeachan	2
47558	scruton	2
47559	aithnichidh	2
47560	cinneadail	2
47561	supplements	2
47562	distinguished	2
47563	remarks	2
47564	origine	2
47565	smàlaidh	2
47566	àrd-chonstabal	2
47567	chatalonia	2
47568	bith-fhiosaigiche	2
47569	grunnain-fheòla	2
47570	wadsworth	2
47571	grabhataich	2
47572	neach-comhairle	2
47573	lanham	2
47574	heriot	2
47575	chaibeil	2
47576	scotstoun	2
47577	chomhairleach	2
47578	poup	2
47579	shelton	2
47580	simmit	2
47581	solihull	2
47582	nikky	2
47583	smedley	2
47584	pui	2
47585	mhuilleir	2
47586	viaflink	2
47587	kulturnavlink	2
47588	sikartlink	2
47589	kuenstlerinnen	2
47590	tlslink	2
47591	theaterwissenschaft	2
47592	ciniilink	2
47593	bnelink	2
47594	uhtbin	2
47595	authoritybrowse	2
47596	uscongresslink	2
47597	bioguide	2
47598	biodisplay	2
47599	narapersonlink	2
47600	naraorganizationlink	2
47601	botanistlink	2
47602	advauthorsearch	2
47603	mgplink	2
47604	rsllink	2
47605	leonorelink	2
47606	quelques	2
47607	cote	2
47608	sbnlink	2
47609	nkclink	2
47610	find-c	2
47611	ncllink	2
47612	aleweb	2
47613	accref	2
47614	ndllink	2
47615	sudoclink	2
47616	hlslink	2
47617	lirlink	2
47618	splitlccn	2
47619	selibr	2
47620	rid	2
47621	onore	2
47622	botanist	2
47623	acm	2
47624	authoritycontrol	2
47625	striped	2
47626	striping	2
47627	titlerow	2
47628	listnums	2
47629	aria-label	2
47630	they'll	2
47631	approach	2
47632	coimearsalta	2
47633	centrale	2
47634	goteira	2
47635	larkhall	2
47636	stonehouse	2
47637	monteaguila	2
47638	tuvicbot	2
47639	updating	2
47640	buttons	2
47641	co-operate	2
47642	aphaia	2
47643	trustees	2
47644	opportunity	2
47645	elect	2
47646	occur	2
47647	confirmed	2
47648	votes	2
47649	owned	2
47650	otourly	2
47651	irlandais	2
47652	cossais	2
47653	certains	2
47654	mots	2
47655	barngarla	2
47656	jazeera	2
47657	israeli	2
47658	edx	2
47659	pedestrian	2
47660	unitid	2
47661	mckay	2
47662	thrèanaich	2
47663	dùchas	2
47664	co-ghleusaichean	2
47665	aho	2
47666	cantus	2
47667	fhoillsicheadh	2
47668	teusasan	2
47669	retic	2
47670	gheasachd	2
47671	sheunta	2
47672	dumbledore	2
47673	sgalartaiche	2
47674	di-shoillsichear	2
47675	neach-caitheimh	2
47676	do-fhaicsinn	2
47677	h-aiseirigh	2
47678	t-sealbhaiche	2
47679	hogwarts	2
47680	sgrùdaire	2
47681	probity	2
47682	cuimhnairball	2
47683	rùsgadair	2
47684	mothaichear	2
47685	sgòp-snàgaidh	2
47686	lorgaire	2
47687	snap	2
47688	fèin-mheasgachaidh	2
47689	cairt-leamhna	2
47690	carrachan	2
47691	phrògramaidh	2
47692	fhoincsean	2
47693	dunbeg	2
47694	sgoil-àirich	2
47695	macvicar	2
47696	reasabaidh	2
47697	cruthachaidh	2
47698	nicfhraing	2
47699	maceacharn	2
47700	teusais	2
47701	mourou	2
47702	sportacus	2
47703	scheving	2
47704	sgait	2
47705	co-stiùiriche	2
47706	leth-ghiùlanair	2
47707	buinnig	2
47708	nomination	2
47709	skipinnish	2
47710	stevenston	2
47711	mac-na-ceàrdadh	2
47712	canique	2
47713	tikituk	2
47714	dathan-uisge	2
47715	miliband	2
47716	nandy	2
47717	long-bailey	2
47718	phlosgaidh	2
47719	sgadabhagh	2
47720	uummannarsuaq	2
47721	orca	2
47722	thlachdan	2
47723	trì-chòmhla	2
47724	localized	2
47725	assumes	2
47726	my-key	2
47727	my-dataset	2
47728	jsonconfig	2
47729	cyclical	2
47730	wirters	2
47731	dalì	2
47732	còir-lethbhreac	2
47733	lefevre	2
47734	delayed	2
47735	wassail	2
47736	bealtain	2
47737	thort	2
47738	sheikh	2
47739	nàiseantas	2
47740	eileachadh	2
47741	autowikibrowser	2
47742	briogadiar	2
47743	maccalum	2
47744	fhear-eachdraidh	2
47745	bhuaileachadh	2
47746	teisteanais	2
47747	tanaidh	2
47748	idheonaichean	2
47749	neodrail	2
47750	dubhaichidh	2
47751	bhèin	2
47752	taynuilt	2
47753	reagaird	2
47754	sobieska	2
47755	sobieski	2
47756	freacadan	2
47757	shavoy	2
47758	pouk	2
47759	akureyrarkaupsta	2
47760	afe	2
47761	islglobal	2
47762	urkj	2
47763	hvalfjar	2
47764	eadar-ama	2
47765	austurv	2
47766	logi	2
47767	orgilsson	2
47768	hjalta	2
47769	skeggjason	2
47770	giallan	2
47771	lafsson	2
47772	orgeir	2
47773	menn	2
47774	ifoss	2
47775	bhratain	2
47776	pverjahrepp	2
47777	hekla	2
47778	veldisb	2
47779	jeanneret	2
47780	uel	2
47781	thorgilsson	2
47782	fòrsaichean	2
47783	lùgha	2
47784	gnèitheachas	2
47785	klaustur	2
47786	karl-gauti-og-olafur-isleifsson-reknir-ur-flokki-folksins	2
47787	sland	2
47788	sgàinneal	2
47789	carbadan-eiridinn	2
47790	tasg-lann	2
47791	ingmenn	2
47792	cabineit	2
47793	borgarskjalasafn	2
47794	baldvinsd	2
47795	raduneyti-bjarna-benediktssonar	2
47796	rùv	2
47797	sigmundur	2
47798	arkitektur	2
47799	designh	2
47800	gskolen	2
47801	fjallabygg	2
47802	fyrir	2
47803	abekki	2
47804	steinm	2
47805	bjarnar	2
47806	arnoddur	2
47807	olgharach	2
47808	vegagerdin	2
47809	maknus	2
47810	sigursteinsson	2
47811	mastermind	2
47812	sigursteini	2
47813	samvinnuf	2
47814	co-chomainn	2
47815	gràbhalachd	2
47816	selal	2
47817	svo	2
47818	kalla	2
47819	borgarnesb	2
47820	cho-stèidhich	2
47821	seachd-deug	2
47822	urgata	2
47823	ath-sgrùdaichte	2
47824	mheasaidh	2
47825	samvinnusk	2
47826	ruskin	2
47827	lans	2
47828	samvinnuh	2
47829	ghrunn	2
47830	fo-cheum	2
47831	iop	2
47832	lessons-iceland-nation-striving-punch-above-its-weight-globalized-world	2
47833	neach-àiteachais	2
47834	oabir	2
47835	sveinsd	2
47836	arnar	2
47837	pòst	2
47838	reykjanesb	2
47839	loni	2
47840	breithneachaidhean	2
47841	skagafjordur	2
47842	eyfir	2
47843	tsdalsh	2
47844	tryggvad	2
47845	isfj	2
47846	kvennasogusafn	2
47847	kvennas	2
47848	breac-dhualach	2
47849	nsi	2
47850	tum	2
47851	rtur	2
47852	urbr	2
47853	gaf	2
47854	honum	2
47855	milli	2
47856	refur	2
47857	rastar	2
47858	hallbjarnar	2
47859	hallfr	2
47860	geitisson	2
47861	kurts	2
47862	simmi	2
47863	trìbilte	2
47864	svavarsd	2
47865	hana	2
47866	stytting-vinnuvikunnar	2
47867	vestmannaeyjar	2
47868	utt	2
47869	verslunarsk	2
47870	bergmann	2
47871	ingma	2
47872	einkaskjol	2
47873	grettir	2
47874	bjarg	2
47875	sagadb	2
47876	podr	2
47877	ògmhìos	2
47878	kirkjukort	2
47879	kirkjan	2
47880	alamos	2
47881	mosgaidean	2
47882	danmhaig	2
47883	borgaraflokkurinn	2
47884	almanak	2
47885	fadg	2
47886	ifornafn	2
47887	madg	2
47888	imidnafn	2
47889	eadg	2
47890	ieftirnafn	2
47891	leita	2
47892	mundar	2
47893	solveig	2
47894	fimmta-raduneyti-hermanns-jonassonar	2
47895	bliadhnichean	2
47896	gudmundur-steingrimsson-haettir-sem-formadur	2
47897	raduneyti-halldors-asgrimssonar	2
47898	troisg	2
47899	slad	2
47900	ausceir	2
47901	milj	2
47902	landbrug	2
47903	havebrug	2
47904	foreninger	2
47905	tidsskrifter	2
47906	organisationer	2
47907	tekniske	2
47908	mfa	2
47909	asgrim	2
47910	h-aibhnichedan	2
47911	hofs	2
47912	t-aite	2
47913	erna	2
47914	hringbraut	2
47915	raduneyti-gunnars-thoroddsens	2
47916	handrit	2
47917	raduneyti-bjorns-thordarsonar	2
47918	sigr	2
47919	rnir	2
47920	comman	2
47921	sogufelag	2
47922	um-sogufelag	2
47923	lubla	2
47924	rafnar	2
47925	fsins	2
47926	dhionnasg	2
47927	dionnasg	2
47928	gautl	2
47929	framework	2
47930	co-sheasmhach	2
47931	lmar	2
47932	avocat	2
47933	proifeiseantaich	2
47934	shaoranaich	2
47935	listi-yfir-skola	2
47936	fo-cheumnach	2
47937	lagar	2
47938	mexicana	2
47939	co-spàirn	2
47940	pragtaigiche	2
47941	reykjavicensis	2
47942	researchgate	2
47943	thingeyri	2
47944	thessi-hverfa-af-thingi	2
47945	libertarianism	2
47946	l'ambassadeur	2
47947	triad	2
47948	mannl	2
47949	ifj	2
47950	lgiu	2
47951	biskupstungur	2
47952	lmi	2
47953	landupplysingar	2
47954	sveitafelog	2
47955	uppl	2
47956	singar	2
47957	laugardalshreppur	2
47958	ingvallahreppur	2
47959	easbuig	2
47960	einn	2
47961	eim	2
47962	lti	2
47963	llum	2
47964	ghrenja	2
47965	husmus	2
47966	abygg	2
47967	urfj	2
47968	komnir	2
47969	dh'fuirich	2
47970	kvikmyndavefurinn	2
47971	eskifj	2
47972	atiyah	2
47973	geirleifur	2
47974	haganum	2
47975	cnòthan-calltainn	2
47976	airgead-urrais	2
47977	ott	2
47978	alpannan	2
47979	humbert	2
47980	viennois	2
47981	cheney	2
47982	h-aimhreite	2
47983	banrighe	2
47984	ugla	2
47985	thecompleteuniversityguide	2
47986	league-tables	2
47987	dotaireil	2
47988	isced	2
47989	corporaidean	2
47990	tarrow	2
47991	contentious	2
47992	llao	2
47993	coach	2
47994	tallachan	2
47995	concepts	2
47996	luchd-tasgaidh	2
47997	sfincs	2
47998	lib-deamaich	2
47999	eisteadaigeachd	2
48000	breithniche	2
48001	iomadachd	2
48002	neanderthalaich	2
48003	denisovaich	2
48004	eileagtro-dinimigeachd	2
48005	loudun	2
48006	herodotus	2
48007	bhuannaiche	2
48008	corinth	2
48009	leeuwenhoek	2
48010	bhìorasan	2
48011	bhrag	2
48012	brag	2
48013	chùlanach	2
48014	fuarachadh	2
48015	alpher	2
48016	meanbh-fhrìde	2
48017	coròna-bhìoras	2
48018	mcdonald's	2
48019	barastair	2
48020	riaghailteachadh	2
48021	barastairean	2
48022	dump	2
48023	wikidane	2
48024	ziemian	2
48025	viewallstatements	2
48026	fho-bhuidheann	2
48027	chruthaichte	2
48028	tesla	2
48029	naumburg	2
48030	blasco	2
48031	bhomaig	2
48032	phicasso	2
48033	galveston	2
48034	ragged	2
48035	temperance	2
48036	maoin-chunntas	2
48037	cesi	2
48038	treisinis	2
48039	carnaburg	2
48040	kromer	2
48041	torrent	2
48042	leonhard	2
48043	comhairle-rannsachaidh	2
48044	dh'ailisich	2
48045	o'hagan	2
48046	ath-fhiadhachadh	2
48047	codehydro	2
48048	supplemented	2
48049	attribution-sharealike	2
48050	unported	2
48051	comparisons	2
48052	filtered	2
48053	piter	2
48054	pother	2
48055	pfast	2
48056	htmlarg	2
48057	lastbuffer	2
48058	table's	2
48059	no-op	2
48060	garbage	2
48061	premature	2
48062	buffers	2
48063	phrocadair	2
48064	dòl	2
48065	bernadette	2
48066	o'rourke	2
48067	folk-lore	2
48068	vare	2
48069	pressreader	2
48070	the-oban-times	2
48071	thornber	2
48072	rosanero	2
48073	acyclovir	2
48074	ufg	2
48075	teoric	2
48076	sogliuzzo	2
48077	eas-òrdugh	2
48078	charpentier	2
48079	doudna	2
48080	co-obraichean	2
48081	leug	2
48082	leasaichear	2
48083	ramji	2
48084	budachas	2
48085	dalits	2
48086	babasaheb	2
48087	indianexpress	2
48088	parenting	2
48089	tweedsmuir	2
48090	kmaq	2
48091	migomaich	2
48092	colonachadh	2
48093	cuki	2
48094	kragujevac	2
48095	pirot	2
48096	obrenovi	2
48097	zvezda	2
48098	stradija	2
48099	domanovic	2
48100	athenaeum	2
48101	wrestling	2
48102	arcos	2
48103	sancha	2
48104	batres	2
48105	sotomayor	2
48106	cairt-làir	2
48107	potentilla	2
48108	erecta	2
48109	barra-braonain	2
48110	unfinished	2
48111	pama	2
48112	nyungan	2
48113	dyirbalach	2
48114	supercl	2
48115	sico	2
48116	abadas	2
48117	crabhlasta	2
48118	ged-thà	2
48119	ràitheachan-eaglaise	2
48120	cofhurtachd	2
48121	possibilities	2
48122	blanche	2
48123	authornamestring	2
48124	importedfrom	2
48125	wikimediaimporturl	2
48126	haspart	2
48127	formatterurl	2
48128	definingformula	2
48129	inferredfrom	2
48130	wikidataproperty	2
48131	publishedin	2
48132	prolepticjuliancalendar	2
48133	citeq	2
48134	propertywithqualifier	2
48135	getreference	2
48136	getallqualifiers	2
48137	getqualifier	2
48138	errormessage	2
48139	decimal-mark	2
48140	alwaystrue	2
48141	missing-required-parameter	2
48142	extra-required-parameter	2
48143	sortonrank	2
48144	searcheditem	2
48145	inputtable	2
48146	mdydate	2
48147	langname	2
48148	oojs	2
48149	edit-ltr-progressive	2
48150	reference's	2
48151	convertunit	2
48152	geo-shape	2
48153	adddelimiters	2
48154	billions	2
48155	million-years	2
48156	billion-years	2
48157	julian-calendar	2
48158	latvalue	2
48159	lonvalue	2
48160	latlink	2
48161	lonlink	2
48162	setrank	2
48163	setperiod	2
48164	qualifiermatches	2
48165	rankmatches	2
48166	timematches	2
48167	filtering	2
48168	caches	2
48169	resetcaches	2
48170	prefetched	2
48171	claimmatches	2
48172	movable	2
48173	commands	2
48174	citeparammapping	2
48175	param-mapping	2
48176	output-types	2
48177	wikidatapropertiesofsource	2
48178	discarted	2
48179	unknown-property-in-ref	2
48180	getreferencedetails	2
48181	allowomitpropprefix	2
48182	claimcommand	2
48183	defining	2
48184	overhead	2
48185	clickable	2
48186	generalcommand	2
48187	prepended	2
48188	commandlist	2
48189	wikitextwrapper	2
48190	luawrapper	2
48191	no-function-specified	2
48192	main-called-twice	2
48193	no-such-function	2
48194	submodule	2
48195	decade-period	2
48196	navalny	2
48197	dh'occitania	2
48198	chassis	2
48199	ionad-cumhachd	2
48200	orlen	2
48201	alphatauri	2
48202	haas	2
48203	petronas	2
48204	ionadan-cumhachd	2
48205	dràibheir	2
48206	clàr-rèisidh	2
48207	sakhir	2
48208	ricard	2
48209	castellet	2
48210	spielberg	2
48211	hungaroring	2
48212	mogyor	2
48213	spa-francorchamps	2
48214	stavelot	2
48215	autodrom	2
48216	hermanos	2
48217	pace	2
48218	yas	2
48219	chriochnachadh	2
48220	aon-suidheach	2
48221	licence	2
48222	mòr-bhailtean	2
48223	smèidte	2
48224	smèideadh	2
48225	t-sreath-sloc	2
48226	dhràibhear	2
48227	ath-thè	2
48228	ath-cheangal	2
48229	grosjean	2
48230	fittipaldi	2
48231	magnussen	2
48232	mclaren-renault	2
48233	albon	2
48234	stiria	2
48235	thoscàna	2
48236	h-eifeile	2
48237	shakhir	2
48238	maoraich	2
48239	flannrais	2
48240	grady	2
48241	boetie	2
48242	fhear-tagraidh	2
48243	saothrach	2
48244	seòmar-deasbaid	2
48245	griod	2
48246	sortbottom	2
48247	parisse	2
48248	corpach	2
48249	coingheil	2
48250	àrd-shràid	2
48251	grahamston	2
48252	bellgrove	2
48253	blairhill	2
48254	bogston	2
48255	branchton	2
48256	brunstane	2
48257	cartsdyke	2
48258	chatelherault	2
48259	sunnyside	2
48260	coatdyke	2
48261	corkerhill	2
48262	crookston	2
48263	galasheils	2
48264	gilshochill	2
48265	giffnock	2
48266	gorebridge	2
48267	hairmyres	2
48268	exhibition	2
48269	kennishead	2
48270	merryton	2
48271	newtongrange	2
48272	nitshill	2
48273	shawfair	2
48274	shawlands	2
48275	thornliebank	2
48276	thorntonhall	2
48277	pirelli	2
48278	còig-dioga	2
48279	jimmie	2
48280	tolliver	2
48281	allmovie	2
48282	reeve	2
48283	dòirneagan-neirt	2
48284	halteres	2
48285	dhòirneag-neirt	2
48286	cante	2
48287	chudroman	2
48288	cuaille	2
48289	chlachan-gainmhich	2
48290	chàirdineil	2
48291	northesk	2
48292	shnaigheadh	2
48293	ualtar	2
48294	markus	2
48295	mhonolog	2
48296	còmhdaich	2
48297	monolog	2
48298	diadhaireach	2
48299	peter-schneider-der-mauerspringer	2
48300	quarterly	2
48301	tolstoy	2
48302	drawicz	2
48303	andrzej	2
48304	devil	2
48305	bhliadhnichean	2
48306	unansea	2
48307	rmschwartz	2
48308	the-arts	2
48309	montfermeil	2
48310	jussieu	2
48311	ibz	2
48312	fileadmin	2
48313	letteratura	2
48314	prepas	2
48315	rosstat	2
48316	romantic	2
48317	profesorilor	2
48318	benito-vessels	2
48319	zappala	2
48320	picaresque	2
48321	symposium	2
48322	rogue's	2
48323	presses	2
48324	twain	2
48325	obejuna	2
48326	ochdach	2
48327	e-e	2
48328	coplilla	2
48329	redondilla	2
48330	a-a	2
48331	cde	2
48332	conceptismo	2
48333	connspairn	2
48334	culteranismo	2
48335	marqu	2
48336	hispanoamericana	2
48337	amason	2
48338	cuspaireil	2
48339	trait	2
48340	amberes	2
48341	furie	2
48342	raquin	2
48343	exp	2
48344	ingenioso	2
48345	taranc	2
48346	bedija	2
48347	ulcer	2
48348	intercensal	2
48349	sirisean	2
48350	turaca	2
48351	aro	2
48352	chatamarca	2
48353	pizzaro	2
48354	rarebooksclub	2
48355	alki	2
48356	liosan-ola	2
48357	ulterior	2
48358	chandh	2
48359	viii-i	2
48360	taifas	2
48361	almorabhadaibh	2
48362	sapa	2
48363	mcewan	2
48364	perspectives	2
48365	yucat	2
48366	inei	2
48367	brianan	2
48368	cuip	2
48369	waskar	2
48370	cifuentes	2
48371	carco	2
48372	fantaisiste	2
48373	vent	2
48374	l'an	2
48375	lèques	2
48376	jà	2
48377	vice-rectorat	2
48378	nouvelle-cal	2
48379	splaf	2
48380	t-sionagog	2
48381	stolperstein	2
48382	kz-au	2
48383	enlager	2
48384	gehrlicher	2
48385	landgrafschaft	2
48386	sòisealas	2
48387	ain-sheimitigeachas	2
48388	aryanach	2
48389	herder	2
48390	volksgemeinschaft	2
48391	gràin-cinnidh	2
48392	thar-ghearmailteas	2
48393	kershaw	2
48394	amber	2
48395	bender	2
48396	logastachd	2
48397	palastaine	2
48398	suny	2
48399	beyenburg	2
48400	cronenberg	2
48401	elberfeld	2
48402	langerfeld	2
48403	ronsdorf	2
48404	vohwinkel	2
48405	kemna	2
48406	wiesenthal	2
48407	bauernkrieg	2
48408	vandenhoeck	2
48409	messerschmitt	2
48410	geheime	2
48411	personenlexikon	2
48412	deuerlein	2
48413	oifigearan-poileis	2
48414	beitr	2
48415	sicherheitspolizei	2
48416	rsha	2
48417	cho-bhuidheann	2
48418	polizei	2
48419	phoileasail	2
48420	eòlaiche-àiteachais	2
48421	sinister	2
48422	rheydt	2
48423	rische	2
48424	bunntainn	2
48425	stabschef	2
48426	wissenschaftliche	2
48427	wegeleben	2
48428	generalii	2
48429	surd	2
48430	ciudat	2
48431	scafes	2
48432	comunic	2
48433	transnistria	2
48434	bohn	2
48435	weber	2
48436	draculianum	2
48437	chroniken	2
48438	walachischen	2
48439	berlieferung	2
48440	osmanischen	2
48441	postbyzantinische	2
48442	matei	2
48443	nazism	2
48444	airmeinianach	2
48445	schaller	2
48446	dominik	2
48447	carcair	2
48448	fluich	2
48449	bujor	2
48450	epoca	2
48451	boilseabhaich	2
48452	dealanair	2
48453	univers	2
48454	phurgaid	2
48455	gnìomhachasadh	2
48456	stalinism	2
48457	co-shealbhadh	2
48458	dinu	2
48459	rabinsohn	2
48460	korunk	2
48461	niai	2
48462	irodalom	2
48463	szerk	2
48464	munk	2
48465	fodor	2
48466	purcaid	2
48467	branko	2
48468	lazitch	2
48469	milorad	2
48470	drachkovitch	2
48471	dolj	2
48472	tele	2
48473	orman	2
48474	jurd	2
48475	prahova	2
48476	bistrit	2
48477	covasna	2
48478	biw	2
48479	luj	2
48480	vrancea	2
48481	gume	2
48482	convorbiri	2
48483	omul	2
48484	grigorescu	2
48485	krass	2
48486	mnicu	2
48487	mieresch	2
48488	meridiane	2
48489	digi	2
48490	ungairianich	2
48491	mikl	2
48492	calbhanachas	2
48493	zil	2
48494	chende-roman	2
48495	murfat	2
48496	siminoc	2
48497	tult	2
48498	muzeul	2
48499	tatari	2
48500	seines	2
48501	habsburgach	2
48502	zsolt	2
48503	braham	2
48504	corvinus	2
48505	ploe	2
48506	guige	2
48507	constantiniu	2
48508	georgescu	2
48509	luchd-tuatha	2
48510	secolele	2
48511	ific	2
48512	bhasaille	2
48513	ethnic	2
48514	fuagradh	2
48515	segesv	2
48516	pionierregion	2
48517	religionsfreiheit	2
48518	honterus	2
48519	wirkungen	2
48520	bistritz	2
48521	tighearna-cogaidh	2
48522	ionescu	2
48523	udmr	2
48524	lajos	2
48525	kossuth	2
48526	nagyb	2
48527	communism	2
48528	cho-sgrìobhaiche	2
48529	vidin	2
48530	humanitas	2
48531	seria	2
48532	enciclopedic	2
48533	alek	2
48534	islamansiklopedisi	2
48535	spector	2
48536	lichire	2
48537	luchd-eich	2
48538	speisealaich	2
48539	suppl	2
48540	vaideei	2
48541	pleca	2
48542	nicopolis	2
48543	fadachd	2
48544	quaedam	2
48545	potestate	2
48546	doina	2
48547	ciobanu	2
48548	monografie	2
48549	transnitria	2
48550	ciun	2
48551	junimea	2
48552	mharsan	2
48553	mharcus	2
48554	principatele	2
48555	aschkenas	2
48556	cuza	2
48557	bucure	2
48558	corvin	2
48559	iar-impreiseanachd	2
48560	dimitriu	2
48561	frumoase	2
48562	portraidean	2
48563	artsandculture	2
48564	rapas	2
48565	equations	2
48566	ailgeabra	2
48567	carlburg	2
48568	rabbiner	2
48569	dische	2
48570	aufbau	2
48571	dhac	2
48572	estel	2
48573	corral	2
48574	hellenistic	2
48575	beirteach	2
48576	ath-ghintinn	2
48577	ivanovski	2
48578	beijerinck	2
48579	virus	2
48580	chnatan	2
48581	carpenters	2
48582	muthach	2
48583	garad	2
48584	guure	2
48585	epicurus	2
48586	epicuro	2
48587	tiolpadair	2
48588	fàillidh	2
48589	braidean	2
48590	kunigami	2
48591	sgarp	2
48592	bun-ùrlar	2
48593	aghaidh-taighe	2
48594	bricean	2
48595	molladaireachd	2
48596	bhroughton	2
48597	pill	2
48598	ambiorix	2
48599	macshuail	2
48600	ceanglaichrean	2
48601	neach-còmhnaidh	2
48602	dealbhan-tìre	2
48603	trèandh	2
48604	aces	2
48605	coisinnidh	2
48606	nationalcareers	2
48607	dealanairean	2
48608	bhuirdeasach	2
48609	dhealbhadair-èibhinn	2
48610	schoonraad	2
48611	gradesaver	2
48612	brent	2
48613	taighean-foillseachaidh	2
48614	creag-eòlaichean	2
48615	approximate	2
48616	coffs	2
48617	wagga	2
48618	physiology	2
48619	làmhan-lèigh	2
48620	herbal	2
48621	joining	2
48622	luchd-brathaidh	2
48623	neo-chuthaichail	2
48624	niùro-eòlaichean	2
48625	oprimido	2
48626	freire's	2
48627	sòradh	2
48628	mhodail-tasgaidh	2
48629	modelo	2
48630	modail-tasgaidh	2
48631	feumlachdan	2
48632	dùisgeadh	2
48633	conscientiza	2
48634	churraicealaim	2
48635	sonsa	2
48636	escolas	2
48637	introdu	2
48638	iehòbha	2
48639	jochmunson	2
48640	heilaga	2
48641	dagur	2
48642	meir	2
48643	eitt	2
48644	tilbi	2
48645	deyr	2
48646	brennandi	2
48647	kkum	2
48648	blaktandi	2
48649	braut	2
48650	crathaidh	2
48651	langa	2
48652	mulla	2
48653	manichaeism	2
48654	eurias	2
48655	eurias-fp	2
48656	gabor-kosa	2
48657	stiger	2
48658	furet	2
48659	rbitt	2
48660	vannet	2
48661	tusen	2
48662	sitt	2
48663	dets	2
48664	selv	2
48665	opp	2
48666	chekhov	2
48667	ucràine	2
48668	h-ucràinich	2
48669	psel	2
48670	bhuirbeachd	2
48671	sumshchyna	2
48672	lvivshchyna	2
48673	volynshchyna	2
48674	stàiean	2
48675	bideleux	2
48676	bhomaich	2
48677	zelenskyy	2
48678	donechchyna	2
48679	prut	2
48680	chernivshchyna	2
48681	inhulets	2
48682	dnipropetrovshchyna	2
48683	khersonshchyna	2
48684	chernihivshchyna	2
48685	potemkin	2
48686	ukrinform	2
48687	mykolaivshchyna	2
48688	ukrainianweek	2
48689	holocaust-in-ukraine	2
48690	bezborodko	2
48691	inna	2
48692	pavlivna	2
48693	raioni	2
48694	cherkashchyna	2
48695	khmelnychchyna	2
48696	luhanshchyna	2
48697	rivnenshchyna	2
48698	vinnychchyna	2
48699	zakarpattia	2
48700	rùisis	2
48701	luhan	2
48702	kliment	2
48703	iar-theachdach	2
48704	kamianets-podilska	2
48705	neach-dealbhachaidh	2
48706	neach-gnothaich	2
48707	muilinn-stàilinn	2
48708	ginczanka	2
48709	tworca	2
48710	zuzanna-ginczanka	2
48711	kazak	2
48712	pivdennyi	2
48713	mheatailteachd	2
48714	yulia	2
48715	tymoshenko	2
48716	ij	2
48717	v-rejtinge-fokusa-top	2
48718	vliyatelnyh-zhenshin-bolshe-poloviny-novyh-imen	2
48719	horlivka	2
48720	dmytro	2
48721	bfi	2
48722	kateryna	2
48723	berdycz	2
48724	marsyuk	2
48725	samizdat	2
48726	mykhailo	2
48727	mykhailovych	2
48728	kotsiubynsky	2
48729	zwangsarbeit	2
48730	ungv	2
48731	proskuriv	2
48732	bohdan	2
48733	istpravda	2
48734	dniepr	2
48735	valerian	2
48736	dniprodzerzhynsk	2
48737	dzerzhinsky	2
48738	tarnopol	2
48739	ruineanaich	2
48740	mcfarland	2
48741	zakon	2
48742	anatoly	2
48743	cheka	2
48744	genghis	2
48745	litvakov	2
48746	unichman	2
48747	booksefer	2
48748	shtetl	2
48749	zvi	2
48750	poalei	2
48751	tziyon	2
48752	mapai	2
48753	vira	2
48754	theagaisgeadh	2
48755	composers	2
48756	sontsivka	2
48757	nezhdana	2
48758	panas	2
48759	sacsahanski	2
48760	pegler	2
48761	sniper	2
48762	modalan	2
48763	lyudmila	2
48764	pavlichenko	2
48765	zviahel	2
48766	colorterms	2
48767	berdyanskuvchs	2
48768	urran	2
48769	neuhoffnung	2
48770	fishbein	2
48771	neach-reic	2
48772	miejsce	2
48773	ukrai	2
48774	davidivna	2
48775	coimiseanaireachd	2
48776	donets	2
48777	ioranaich	2
48778	gilan	2
48779	hinterwalden	2
48780	cianiec	2
48781	bhandura	2
48782	okhtyrka	2
48783	datamodel	2
48784	labels-not-found	2
48785	descriptions-not-found	2
48786	aliases-not-found	2
48787	filespace	2
48788	collapsediv	2
48789	itemsindex	2
48790	page's	2
48791	internationalise	2
48792	adjectival	2
48793	lpostfix	2
48794	noic	2
48795	sepdefault	2
48796	linkpostfix	2
48797	fnum	2
48798	showunits	2
48799	posdif	2
48800	negdif	2
48801	unitabbr	2
48802	wikibase-items	2
48803	locs	2
48804	top-level	2
48805	shortest	2
48806	scans	2
48807	qualifer	2
48808	summed	2
48809	parameterset	2
48810	checkqid	2
48811	checklanguage	2
48812	recipients	2
48813	disambigation	2
48814	substituting	2
48815	simpler	2
48816	actors	2
48817	qualstotable	2
48818	enwikisource	2
48819	treats	2
48820	language's	2
48821	assumed	2
48822	eastòinianach	2
48823	stieglitz	2
48824	avidom	2
48825	mahler-kalkstein	2
48826	nàiseanteachd	2
48827	petliura	2
48828	anatoliyovitch	2
48829	berdschool	2
48830	mois	2
48831	landkof	2
48832	bliadhnaichen	2
48833	donu	2
48834	levitan	2
48835	romàineach	2
48836	agricooltura	2
48837	brezhneva	2
48838	kamianets-podilskyi	2
48839	viacheslav	2
48840	borisovich	2
48841	orcasta	2
48842	theudan	2
48843	sparql	2
48844	narrower	2
48845	max-width	2
48846	datatable	2
48847	marker-symbol	2
48848	sìdinis	2
48849	trionad	2
48850	barnsley	2
48851	stocastach	2
48852	gikhman	2
48853	biliashivskiy	2
48854	arseniy	2
48855	phairtidh	2
48856	lorak	2
48857	webdisplay	2
48858	jovovich	2
48859	hodes	2
48860	harrogate	2
48861	moldovenii	2
48862	baaliyah	2
48863	neo-phoilitigeach	2
48864	arkhip	2
48865	kuindzhi	2
48866	ìomhaigh-cloiche	2
48867	wiwibloggs	2
48868	sharett	2
48869	àidseant	2
48870	siùrsachd-èiginn	2
48871	argentine	2
48872	alsogaray	2
48873	ferber	2
48874	maor-strìopaich	2
48875	korn	2
48876	peter-krasnow	2
48877	an-ski	2
48878	juwal	2
48879	teatrfotografii	2
48880	studia	2
48881	dràmairean	2
48882	suprun	2
48883	studrespublika	2
48884	gaal	2
48885	stowell	2
48886	fantasach	2
48887	midlands	2
48888	aingealach	2
48889	cinnich	2
48890	h-ainur	2
48891	maiaraich	2
48892	valinor	2
48893	aul	2
48894	gràdhachadh	2
48895	draig-lasrach	2
48896	beyonc	2
48897	crìostachd	2
48898	cruinneil	2
48899	newest	2
48900	leftbackfootball	2
48901	sporting	2
48902	manoela	2
48903	aliperti	2
48904	hproduct	2
48905	cuingealaichte	2
48906	desiro	2
48907	trì-chàr	2
48908	ceithir-chàr	2
48909	fhàide	2
48910	coimiseanadh	2
48911	juniper	2
48912	gnìomhaiche	2
48913	ptso	2
48914	ghinealachd	2
48915	dìosal	2
48916	bo-bo	2
48917	proto-sheòrsa	2
48918	raighd	2
48919	bàr-tarraing	2
48920	meatro	2
48921	trèilear	2
48922	branndadh	2
48923	schynige	2
48924	platte	2
48925	toshiba	2
48926	aon-gàirde	2
48927	hanshin	2
48928	maceanruig	2
48929	alstom	2
48930	gnìomharaiche	2
48931	gaisgeach-mòr	2
48932	dhearbh-aithne	2
48933	ionis	2
48934	neach-comadaidh	2
48935	traca	2
48936	dhisney	2
48937	co-àicheil	2
48938	dà-sheaghachdan	2
48939	deifiniseanan	2
48940	mhodalan	2
48941	cytosine	2
48942	guanine	2
48943	niclachlainn	2
48944	clach-uaigh	2
48945	acfu	2
48946	ahukewjr	2
48947	oovufeaaxxpfxaihqa	2
48948	perez	2
48949	annette	2
48950	rijneveld	2
48951	teamplaidean	2
48952	milenio	2
48953	mheicsiceo	2
48954	shàbhailte	2
48955	qantas	2
48956	bronski	2
48957	haab	2
48958	tzolk'in	2
48959	mrna	2
48960	hamas	2
48961	ecko	2
48962	actuaries	2
48963	murthy	2
48964	unguarded	2
48965	ban-òglach	2
48966	thrus	2
48967	coritiba	2
48968	byzantine	2
48969	fungail	2
48970	bladee	2
48971	reichwald	2
48972	profeiseanta	2
48973	yung-lean-sad-boys-yoshi-city-hip-hop	2
48974	fastretailing	2
48975	outlets	2
48976	leadbitter	2
48977	tomhadh	2
48978	innocenzo	2
48979	doogan	2
48980	altramain	2
48981	baouendi	2
48982	chabar-fèidh	2
48983	skene-dhu	2
48984	macraghnaill	2
48985	bùidsearachd	2
48986	portraid	2
48987	bhall-sgeadachaidh	2
48988	dh'innsinn	2
48989	bhreamais	2
48990	gleòis	2
48991	sgalpa	2
48992	ana-sin	2
48993	bheannachd-sa	2
48994	biodaig	2
48995	stiallaire	2
48996	feòsaig	2
48997	oirr	2
48998	loinidean	2
48999	òghnaichean	2
49000	duileachd	2
49001	sgonn	2
49002	neo-chronail	2
49003	loinid	2
49004	macionmhainn	2
49005	bàirlinn	2
49006	barantais	2
49007	coinne	2
49008	ion-mholaidh	2
49009	ghràbhata	2
49010	facas	2
49011	phaiteach	2
49012	bhòrdaibh	2
49013	ruadh-mheirg	2
49014	dh'fhionnadh	2
49015	gèinneach	2
49016	cuileige	2
49017	breathanais	2
49018	chàirich	2
49019	chuirc	2
49020	mhòr-thìrich	2
49021	roibein	2
49022	duirceall	2
49023	caonnag	2
49024	t-ath-bualadh	2
49025	brath-mhionnan	2
49026	beanadh	2
49027	sgairtean	2
49028	cidsein	2
49029	feachda	2
49030	garbh-bhratach	2
49031	thairngnear	2
49032	hò	2
49033	camaisidh	2
49034	solaris	2
49035	hamlyn	2
49036	jane's	2
49037	trolleybooks	2
49038	vehicle	2
49039	circular	2
49040	carried	2
49041	bielatal	2
49042	dès-stoll	2
49043	merc	2
49044	dès	2
49045	lectrique-stoll	2
49046	keighley	2
49047	streetcars	2
49048	all-four	2
49049	sufficient	2
49050	smallest	2
49051	reduced	2
49052	vehicles	2
49053	ambox-speedy	2
49054	ambox-delete	2
49055	ambox-content	2
49056	ambox-style	2
49057	ambox-move	2
49058	ambox-protection	2
49059	fills	2
49060	local-wiki	2
49061	rchive	2
49062	non-talk	2
49063	alternatively	2
49064	aaii	2
49065	removal	2
49066	no-break	2
49067	id-lock-free	2
49068	id-lock-registration	2
49069	id-lock-limited	2
49070	id-lock-subscription	2
49071	contribution-format	2
49072	entry-format	2
49073	article-format	2
49074	section-format	2
49075	entry-url	2
49076	article-url	2
49077	chapter-url-access	2
49078	contribution-url-access	2
49079	entry-url-access	2
49080	article-url-access	2
49081	section-url-access	2
49082	display-subjects	2
49083	displaycontributors	2
49084	display-contributors	2
49085	displayinterviewers	2
49086	display-interviewers	2
49087	displaytranslators	2
49088	display-translators	2
49089	map-format	2
49090	map-url-access	2
49091	notracking	2
49092	script-contribution	2
49093	script-entry	2
49094	script-article	2
49095	script-section	2
49096	script-encyclopedia	2
49097	script-encyclopaedia	2
49098	script-map	2
49099	series-no	2
49100	episodelink	2
49101	title-note	2
49102	trans-article	2
49103	trans-contribution	2
49104	trans-entry	2
49105	trans-section	2
49106	trans-encyclopedia	2
49107	trans-encyclopaedia	2
49108	trans-map	2
49109	trans-journal	2
49110	trans-magazine	2
49111	trans-newspaper	2
49112	trans-website	2
49113	trans-work	2
49114	authorlist-mask	2
49115	contributorlist-mask	2
49116	editorlist-mask	2
49117	interviewerlist-mask	2
49118	translatorlist-mask	2
49119	ews	2
49120	date-name	2
49121	caveat	2
49122	renderings	2
49123	issue-like	2
49124	extracts	2
49125	metaparameter	2
49126	non-printing	2
49127	recognizes	2
49128	carriage	2
49129	supplementary	2
49130	sinhala	2
49131	burmese	2
49132	hex	2
49133	wheelchair	2
49134	constants	2
49135	language-specific	2
49136	reversed	2
49137	kolsch	2
49138	siksika	2
49139	ca-valencia	2
49140	kvensk	2
49141	iloko	2
49142	ksh-x-colog	2
49143	mis-x-ripuar	2
49144	nan-tw	2
49145	exonym	2
49146	registry	2
49147	investigating	2
49148	year-range-abbreviated	2
49149	identifiable	2
49150	heliyon	2
49151	rasti	2
49152	jstor-access	2
49153	ol-access	2
49154	cid-access	2
49155	standalone	2
49156	citation's	2
49157	semicolon-separated	2
49158	mucks	2
49159	protects	2
49160	strips	2
49161	funcs	2
49162	free-form	2
49163	day-initial	2
49164	day-range-initial	2
49165	year-year	2
49166	approved	2
49167	exception	2
49168	year-only	2
49169	reformattable	2
49170	convertable	2
49171	xlateable	2
49172	auto-link	2
49173	wiki-style	2
49174	today's	2
49175	yer	2
49176	midnight	2
49177	len-i	2
49178	calculation	2
49179	modulo	2
49180	normalization	2
49181	incorporate	2
49182	printable	2
49183	ucs	2
49184	url-encoded	2
49185	calculations	2
49186	ismn-international	2
49187	coins-defined	2
49188	inserting	2
49189	midpoint	2
49190	unadulterated	2
49191	improper	2
49192	batchload	2
49193	controlnumber	2
49194	ostis	2
49195	pmids	2
49196	cids	2
49197	zmath	2
49198	identifier's	2
49199	lua's	2
49200	editor's	2
49201	mathml	2
49202	patent	2
49203	id-name	2
49204	getnamespaceargkeys	2
49205	customaliases	2
49206	customnamespacealiases	2
49207	getnamespacearg	2
49208	talkdefault	2
49209	otherdefault	2
49210	detectredirects	2
49211	redirectdefault	2
49212	pluralize	2
49213	parsecontent	2
49214	optionslist	2
49215	getcontent	2
49216	articleonly	2
49217	wantedtemplates	2
49218	getmainnamespaceclasspagetype	2
49219	naaliases	2
49220	getnamespaceargpagetype	2
49221	getotherpagetype	2
49222	defaultnsnone	2
49223	softredirectdefault	2
49224	setindex	2
49225	siadefault	2
49226	dabdefault	2
49227	rfddefault	2
49228	gadget	2
49229	disamb	2
49230	nearly	2
49231	submodules	2
49232	badnamespaces	2
49233	checktracking	2
49234	noprint	2
49235	nominimum	2
49236	recreate	2
49237	keepargs	2
49238	imagetable	2
49239	imagedupes	2
49240	libutil	2
49241	unbulleted	2
49242	makelistdata	2
49243	marginleft	2
49244	counterreset	2
49245	trackingcategories	2
49246	useloaddata	2
49247	ubx	2
49248	gah	2
49249	stripping	2
49250	capitalised	2
49251	badminton	2
49252	balochistan	2
49253	bhutan	2
49254	attentioncat	2
49255	getstatement	2
49256	getname	2
49257	propnameqid	2
49258	wdlink	2
49259	idnotvalid	2
49260	warningicon	2
49261	allfaultycat	2
49262	namedas	2
49263	checkparts	2
49264	suppresslist	2
49265	suppressedcat	2
49266	addit	2
49267	pageswithparams	2
49268	previewwarning	2
49269	tanks	2
49270	telephones	2
49271	package	2
49272	toys	2
49273	cyclones	2
49274	cyclone	2
49275	strip-marker	2
49276	restart	2
49277	reattach	2
49278	alwayslower	2
49279	findlast	2
49280	stripzeros	2
49281	startswith	2
49282	isnumeric	2
49283	validprop	2
49284	italicize	2
49285	titlematch	2
49286	categorytrackingcats	2
49287	generatewarning	2
49288	generating	2
49289	prepipe	2
49290	formatdisplay	2
49291	expectedtype	2
49292	errorsuffix	2
49293	noinputwarning	2
49294	nooutputwarning	2
49295	preprocessdisplays	2
49296	gettarget	2
49297	hnoptions	2
49298	navbar-mini	2
49299	navbar-boxtext	2
49300	navbar-collapse	2
49301	navbar-ct-mini	2
49302	navbar-ct-full	2
49303	word-spacing	2
49304	text-decoration	2
49305	color-base	2
49306	illegible	2
49307	navbox-inner	2
49308	navbox-list-with-group	2
49309	navbox-styles	2
49310	nomobile	2
49311	nowraplinks	2
49312	dstyle	2
49313	innerstyle	2
49314	listpadding	2
49315	formaterror	2
49316	makedata	2
49317	side-box-left	2
49318	side-box-right	2
49319	argstocopy	2
49320	labelledby	2
49321	rendersidebox	2
49322	side-box-flex	2
49323	side-box-image	2
49324	side-box-imageright	2
49325	amphibians	2
49326	anime	2
49327	pomona	2
49328	children's	2
49329	imagery	2
49330	coronavirus	2
49331	metroplex	2
49332	dominican	2
49333	pornography	2
49334	nutrition	2
49335	frogs	2
49336	gemology	2
49337	jewelry	2
49338	gemmology	2
49339	jewellery	2
49340	gullah	2
49341	hitchhiker's	2
49342	nazrul	2
49343	highways	2
49344	pharmacy	2
49345	reptiles	2
49346	serer	2
49347	soap	2
49348	telenovelas	2
49349	fantasy	2
49350	zelda	2
49351	trauma	2
49352	orthopaedics	2
49353	article-name	2
49354	article-suffix	2
49355	link-prefix	2
49356	link-suffix	2
49357	item-prefix	2
49358	item-suffix	2
49359	leadout-suffix	2
49360	allowed-icons	2
49361	url-accessn	2
49362	tentatively	2
49363	adapted	2
49364	workaround	2
49365	thinsp	2
49366	thinspace	2
49367	epsi	2
49368	faults	2
49369	totals	2
49370	botanistv	2
49371	orcidv	2
49372	academics	2
49373	digitized	2
49374	isillink	2
49375	bmlo	2
49376	sycomore	2
49377	iaaf	2
49378	trove	2
49379	instrument	2
49380	bildindex	2
49381	dsi	2
49382	nces	2
49383	uruguayan	2
49384	arlhs	2
49385	philpeople	2
49386	klosterdatenbank	2
49387	a-q	2
49388	lights	2
49389	uscg	2
49390	uscglink	2
49391	publons	2
49392	mitglieder	2
49393	euta	2
49394	theatre-architecture	2
49395	relationnelle	2
49396	hypertextes	2
49397	stadiumdb	2
49398	rism	2
49399	bgci	2
49400	descriptor-details	2
49401	elmcip	2
49402	validateisni	2
49403	naip	2
49404	escaping	2
49405	no-processing	2
49406	wouldn't	2
49407	aswell	2
49408	anyways	2
49409	validtags	2
49410	testfornowikitag	2
49411	nextopener	2
49412	endingtagend	2
49413	testforcomment	2
49414	commentend	2
49415	newtagend	2
49416	newcontent	2
49417	parsetemplates	2
49418	createcontainerobj	2
49419	internalcall	2
49420	istemplate	2
49421	chronological	2
49422	disambig-cu	2
49423	hangul	2
49424	letter-numbercombdisambig	2
49425	disambiggeo	2
49426	template-generated	2
49427	portred	2
49428	wikibooks	2
49429	wbook	2
49430	wikibooksredirect	2
49431	comm	2
49432	commonsredirect	2
49433	wikispecies	2
49434	wikispeciesredirect	2
49435	wspec	2
49436	wiktionaryredirect	2
49437	set-index	2
49438	forename	2
49439	apellido	2
49440	archiv-url	2
49441	authorfirst	2
49442	authorgiven	2
49443	authorlast	2
49444	authormask	2
49445	authorsurname	2
49446	cognome	2
49447	dost	2
49448	doi-inactive-date	2
49449	editorfirst	2
49450	editorgiven	2
49451	editorlast	2
49452	editorlink	2
49453	editormask	2
49454	editorsurname	2
49455	originaltitel	2
49456	subjectlink	2
49457	wkautore	2
49458	no-longer-supported	2
49459	cotten	2
49460	valli	2
49461	welles	2
49462	cinematography	2
49463	blackmail	2
49464	beloch	2
49465	t-sean-alt	2
49466	biscuit	2
49467	by-sa	2
49468	poppet	2
49469	rox	2
49470	frithealaichean	2
49471	còd-fosglaidh	2
49472	gree	2
49473	tiktok	2
49474	barbera	2
49475	mikel	2
49476	streak	2
49477	tottenham	2
49478	hotspur	2
49479	arsène	2
49480	concordia	2
49481	crescit	2
49482	danskin	2
49483	bhuannachdan	2
49484	downloadabledocuments	2
49485	highburyconservationplan	2
49486	clò-sgrìobhadh	2
49487	mana	2
49488	t-suaicheantais	2
49489	uile-gheal	2
49490	lèintean-cluiche	2
49491	beardsley	2
49492	ashburton	2
49493	chompanaidh-adhair	2
49494	rowgroup	2
49495	farage	2
49496	teletoon	2
49497	kratts	2
49498	smurfaichean	2
49499	muir-ìseal	2
49500	annotations	2
49501	interactive	2
49502	successor	2
49503	localised	2
49504	termsofuse	2
49505	aboutosm	2
49506	initialsettings	2
49507	colorlookup	2
49508	limegreen	2
49509	hardgreen	2
49510	hardblue	2
49511	hardpurple	2
49512	hardorange	2
49513	hardleaf	2
49514	palegrey	2
49515	softgrey	2
49516	darkbrown	2
49517	paleground	2
49518	squaredd	2
49519	squared	2
49520	circledd	2
49521	circled	2
49522	xend	2
49523	compressed	2
49524	sgname	2
49525	meter-offsets	2
49526	meter-offset	2
49527	getscale	2
49528	dotpic	2
49529	dotfeature	2
49530	shapewidth	2
49531	mark-dim	2
49532	with-line	2
49533	n-line	2
49534	labela	2
49535	labelb	2
49536	tradstyleparseshapes	2
49537	lons	2
49538	upwards	2
49539	checkfortooltip	2
49540	tshift	2
49541	makesquare	2
49542	stretch	2
49543	gridy-h	2
49544	gridx-w	2
49545	makecircle	2
49546	makerulea	2
49547	linev	2
49548	makecurvea	2
49549	ostyle	2
49550	ocol	2
49551	clippath	2
49552	makeimage	2
49553	makephotopanel	2
49554	makepaneltext	2
49555	transform-origin	2
49556	offsetx	2
49557	offsety	2
49558	offsets	2
49559	widthzone	2
49560	noline	2
49561	map-data-width	2
49562	map-data-text	2
49563	map-data-inverse	2
49564	map-wdqs	2
49565	map-raw	2
49566	makelocatormap	2
49567	mini-file	2
49568	mini-width	2
49569	minipog-gx	2
49570	minipog-x	2
49571	minipog-y	2
49572	minileft	2
49573	makearctext	2
49574	arc-coord	2
49575	arc-text	2
49576	arcangle	2
49577	arcgap	2
49578	marker-size	2
49579	makelegendbox	2
49580	legendbox	2
49581	legenditem	2
49582	legendshape	2
49583	magnify	2
49584	scalek	2
49585	scalem	2
49586	a-f	2
49587	dotname	2
49588	arcval	2
49589	fgroup	2
49590	contentstart	2
49591	featurecollection	2
49592	contentend	2
49593	collaps	2
49594	angledeg	2
49595	coordtest	2
49596	strokecolor	2
49597	strokewidth	2
49598	markercolor	2
49599	marker-colour	2
49600	markersize	2
49601	frame-coordinates	2
49602	frame-latitude	2
49603	frame-longitude	2
49604	baddisplaypara	2
49605	noswitchpara	2
49606	oneswitchlabel	2
49607	noswitchlists	2
49608	switchmismatches	2
49609	oneswitchvalue	2
49610	fewerswitchlabels	2
49611	dsep	2
49612	inverse	2
49613	key-value	2
49614	isdeclined	2
49615	iscoordtemplateorwrapper	2
49616	nameparam	2
49617	suboutput	2
49618	pagewikitext	2
49619	expandedcontent	2
49620	expandedtemplates	2
49621	clat	2
49622	istitle	2
49623	coordsderivedfromfeatures	2
49624	framelat	2
49625	framelong	2
49626	titletag	2
49627	spanattribs	2
49628	indicatorcontent	2
49629	retruns	2
49630	getattr	2
49631	mw-kartographer-container	2
49632	tnone	2
49633	thumbinner	2
49634	thumbcaption	2
49635	overlayhtml	2
49636	overlaydiv	2
49637	hasoverlay	2
49638	ismulti	2
49639	withoverlay	2
49640	tablefromlist	2
49641	overlayoptions	2
49642	prettify	2
49643	customwikitext	2
49644	warn	2
49645	tinytype	2
49646	getzoom	2
49647	forcemarker	2
49648	suppressmarker	2
49649	forcewikidata	2
49650	suppresswikidata	2
49651	forceshape	2
49652	suppressshape	2
49653	forceline	2
49654	suppressline	2
49655	midzoom	2
49656	midway	2
49657	autowithcaption	2
49658	equator	2
49659	geohackscaletomapzoom	2
49660	oddshape	2
49661	positivenumericargs	2
49662	stòl	2
49663	taicean	2
49664	bahnhof	2
49665	wenstein	2
49666	mhurrhardt	2
49667	chathrachd	2
49668	leo-bw	2
49669	detail-gis	2
49670	labw	2
49671	ortslexikon	2
49672	leobw	2
49673	heilbronn	2
49674	hall-hessental	2
49675	rgermeisterinnen	2
49676	landr	2
49677	landwirtschaft	2
49678	inntrigte	2
49679	tèidear	2
49680	partnerstaedte	2
49681	partnerst	2
49682	bhaidheirn	2
49683	alemannach	2
49684	castleroad	2
49685	shùil-uisge	2
49686	schwaebischhall	2
49687	zimmern	2
49688	alemannais	2
49689	phoballachd	2
49690	challtain	2
49691	ollanaich	2
49692	togallach	2
49693	far-ainmeachadh	2
49694	guillamene	2
49695	tramore	2
49696	leas-bhall	2
49697	phrìomh-fharpais	2
49698	semi-final	2
49699	nizharadze	2
49700	fhaghainn	2
49701	chom-pàirteachadh	2
49702	wanna	2
49703	stephane	2
49704	tharraingt	2
49705	tornike	2
49706	kipiani	2
49707	mamadashvili	2
49708	andria	2
49709	putkaradze	2
49710	mac-meanmnach	2
49711	smile	2
49712	mamma	2
49713	doredos	2
49714	olia	2
49715	tira	2
49716	feat	2
49717	parfeni	2
49718	rtva	2
49719	televizija	2
49720	dh'eurovision	2
49721	choighìbh	2
49722	eljko	2
49723	joksimovi	2
49724	taigh-bìth	2
49725	kebab	2
49726	bossman	2
49727	magia	2
49728	laundry	2
49729	shakira's	2
49730	gairmibh	2
49731	ca'd	2
49732	shew'd	2
49733	paiteòlas	2
